violation_id,request_id,rule_id,rule_name,required_step,severity,violation_type,evidence,amount_at_risk
VIO-000001,PR-12645,RULE-004,Software security review,Security Review,Critical,Missing required step,Security Review was required but not observed,13206.66
VIO-000002,PR-12344,RULE-007,Competitive bid evidence,Competitive Bid Confirmed,High,Missing required step,Competitive Bid Confirmed was required but not observed,63631.76
VIO-000003,PR-12344,RULE-018,Equipment dual control,DUAL_CONTROL,High,Dual control incomplete,Both Finance and Procurement review were required,63631.76
VIO-000004,PR-11649,RULE-010,Vendor validation,Vendor Validation,High,Missing required step,Vendor Validation was required but not observed,649.26
VIO-000005,PR-11117,RULE-006,Unapproved vendor review,Procurement Review,High,Missing required step,Procurement Review was required but not observed,20613.9
VIO-000006,PR-11117,RULE-010,Vendor validation,Vendor Validation,High,Missing required step,Vendor Validation was required but not observed,20613.9
VIO-000007,PR-14530,RULE-010,Vendor validation,Vendor Validation,High,Missing required step,Vendor Validation was required but not observed,6276.65
VIO-000008,PR-16190,RULE-001,Manager approval,Manager Approval,Low,Missing required step,Manager Approval was required but not observed,6453.61
VIO-000009,PR-16190,RULE-015,Contractor procurement review,Procurement Review,High,Missing required step,Procurement Review was required but not observed,6453.61
VIO-000010,PR-12029,RULE-010,Vendor validation,Vendor Validation,High,Missing required step,Vendor Validation was required but not observed,5323.0
VIO-000011,PR-17758,RULE-001,Manager approval,Manager Approval,Low,Missing required step,Manager Approval was required but not observed,11170.21
VIO-000012,PR-16998,RULE-001,Manager approval,Manager Approval,Low,Missing required step,Manager Approval was required but not observed,1267.58
VIO-000013,PR-14760,RULE-006,Unapproved vendor review,Procurement Review,High,Missing required step,Procurement Review was required but not observed,5831.92
VIO-000014,PR-18295,RULE-010,Vendor validation,Vendor Validation,High,Missing required step,Vendor Validation was required but not observed,3141.49
VIO-000015,PR-14250,RULE-010,Vendor validation,Vendor Validation,High,Missing required step,Vendor Validation was required but not observed,1628.94
VIO-000016,PR-17132,RULE-001,Manager approval,Manager Approval,Low,Missing required step,Manager Approval was required but not observed,4629.17
VIO-000017,PR-17132,RULE-015,Contractor procurement review,Procurement Review,High,Missing required step,Procurement Review was required but not observed,4629.17
VIO-000018,PR-12685,RULE-004,Software security review,Security Review,Critical,Missing required step,Security Review was required but not observed,4986.18
VIO-000019,PR-12923,RULE-001,Manager approval,Manager Approval,Low,Missing required step,Manager Approval was required but not observed,7238.92
VIO-000020,PR-10789,RULE-014,High-risk security review,Security Review,Critical,Missing required step,Security Review was required but not observed,2233.86
VIO-000021,PR-11896,RULE-010,Vendor validation,Vendor Validation,High,Missing required step,Vendor Validation was required but not observed,1775.8
VIO-000022,PR-12121,RULE-013,International vendor legal review,Legal Review,High,Missing required step,Legal Review was required but not observed,2080.63
VIO-000023,PR-13357,RULE-012,PO before payment,PO_BEFORE_PAYMENT,Critical,Incorrect sequence,Payment was authorized before a purchase order was created,7810.23
VIO-000024,PR-15946,RULE-001,Manager approval,Manager Approval,Low,Missing required step,Manager Approval was required but not observed,3186.36
VIO-000025,PR-17245,RULE-003,Director approval,Director Approval,High,Missing required step,Director Approval was required but not observed,28135.81
VIO-000026,PR-18182,RULE-004,Software security review,Security Review,Critical,Missing required step,Security Review was required but not observed,21556.71
VIO-000027,PR-10702,RULE-001,Manager approval,Manager Approval,Low,Missing required step,Manager Approval was required but not observed,6409.72
VIO-000028,PR-15264,RULE-017,Urgent purchase rationale,DOCUMENTED_URGENCY,Medium,Undocumented urgency,Urgent routing was used without rationale,4182.12
VIO-000029,PR-15246,RULE-010,Vendor validation,Vendor Validation,High,Missing required step,Vendor Validation was required but not observed,4684.46
VIO-000030,PR-13633,RULE-004,Software security review,Security Review,Critical,Missing required step,Security Review was required but not observed,5306.25
VIO-000031,PR-16362,RULE-017,Urgent purchase rationale,DOCUMENTED_URGENCY,Medium,Undocumented urgency,Urgent routing was used without rationale,7893.81
VIO-000032,PR-12133,RULE-010,Vendor validation,Vendor Validation,High,Missing required step,Vendor Validation was required but not observed,2380.55
VIO-000033,PR-18206,RULE-007,Competitive bid evidence,Competitive Bid Confirmed,High,Missing required step,Competitive Bid Confirmed was required but not observed,105569.74
VIO-000034,PR-18206,RULE-008,Approval authorization,AUTHORIZED_APPROVER,Critical,Authorization limit exceeded,"EMP-0670 approved $105,570 with a $0 limit",105569.74
VIO-000035,PR-18206,RULE-009,Segregation of duties,NO_SELF_APPROVAL,Critical,Self-approval,Requester appears as an approver,105569.74
VIO-000036,PR-16174,RULE-004,Software security review,Security Review,Critical,Missing required step,Security Review was required but not observed,7661.64
VIO-000037,PR-10412,RULE-018,Equipment dual control,DUAL_CONTROL,High,Dual control incomplete,Both Finance and Procurement review were required,71026.92
VIO-000038,PR-15005,RULE-010,Vendor validation,Vendor Validation,High,Missing required step,Vendor Validation was required but not observed,18487.98
VIO-000039,PR-18407,RULE-001,Manager approval,Manager Approval,Low,Missing required step,Manager Approval was required but not observed,2816.22
VIO-000040,PR-11900,RULE-007,Competitive bid evidence,Competitive Bid Confirmed,High,Missing required step,Competitive Bid Confirmed was required but not observed,67505.71
VIO-000041,PR-13163,RULE-008,Approval authorization,AUTHORIZED_APPROVER,Critical,Authorization limit exceeded,"EMP-0470 approved $9,777 with a $0 limit",9777.28
VIO-000042,PR-13163,RULE-009,Segregation of duties,NO_SELF_APPROVAL,Critical,Self-approval,Requester appears as an approver,9777.28
VIO-000043,PR-16422,RULE-001,Manager approval,Manager Approval,Low,Missing required step,Manager Approval was required but not observed,6181.32
VIO-000044,PR-16422,RULE-006,Unapproved vendor review,Procurement Review,High,Missing required step,Procurement Review was required but not observed,6181.32
VIO-000045,PR-16422,RULE-010,Vendor validation,Vendor Validation,High,Missing required step,Vendor Validation was required but not observed,6181.32
VIO-000046,PR-12196,RULE-004,Software security review,Security Review,Critical,Missing required step,Security Review was required but not observed,9847.48
VIO-000047,PR-13309,RULE-006,Unapproved vendor review,Procurement Review,High,Missing required step,Procurement Review was required but not observed,3713.2
VIO-000048,PR-16910,RULE-010,Vendor validation,Vendor Validation,High,Missing required step,Vendor Validation was required but not observed,8719.87
VIO-000049,PR-12855,RULE-017,Urgent purchase rationale,DOCUMENTED_URGENCY,Medium,Undocumented urgency,Urgent routing was used without rationale,8975.83
VIO-000050,PR-10246,RULE-010,Vendor validation,Vendor Validation,High,Missing required step,Vendor Validation was required but not observed,1435.69
VIO-000051,PR-16311,RULE-012,PO before payment,PO_BEFORE_PAYMENT,Critical,Incorrect sequence,Payment was authorized before a purchase order was created,5543.24
VIO-000052,PR-11105,RULE-009,Segregation of duties,NO_SELF_APPROVAL,Critical,Self-approval,Requester appears as an approver,2805.51
VIO-000053,PR-18100,RULE-015,Contractor procurement review,Procurement Review,High,Missing required step,Procurement Review was required but not observed,4291.3
VIO-000054,PR-15211,RULE-006,Unapproved vendor review,Procurement Review,High,Missing required step,Procurement Review was required but not observed,23066.79
VIO-000055,PR-14089,RULE-010,Vendor validation,Vendor Validation,High,Missing required step,Vendor Validation was required but not observed,9813.29
VIO-000056,PR-15207,RULE-001,Manager approval,Manager Approval,Low,Missing required step,Manager Approval was required but not observed,24135.46
VIO-000057,PR-15207,RULE-002,Finance approval,Finance Approval,High,Missing required step,Finance Approval was required but not observed,24135.46
VIO-000058,PR-15207,RULE-006,Unapproved vendor review,Procurement Review,High,Missing required step,Procurement Review was required but not observed,24135.46
VIO-000059,PR-15207,RULE-007,Competitive bid evidence,Competitive Bid Confirmed,High,Missing required step,Competitive Bid Confirmed was required but not observed,24135.46
VIO-000060,PR-15207,RULE-010,Vendor validation,Vendor Validation,High,Missing required step,Vendor Validation was required but not observed,24135.46
VIO-000061,PR-15207,RULE-015,Contractor procurement review,Procurement Review,High,Missing required step,Procurement Review was required but not observed,24135.46
VIO-000062,PR-10872,RULE-004,Software security review,Security Review,Critical,Missing required step,Security Review was required but not observed,6338.41
VIO-000063,PR-16903,RULE-001,Manager approval,Manager Approval,Low,Missing required step,Manager Approval was required but not observed,9425.52
VIO-000064,PR-16903,RULE-004,Software security review,Security Review,Critical,Missing required step,Security Review was required but not observed,9425.52
VIO-000065,PR-12177,RULE-001,Manager approval,Manager Approval,Low,Missing required step,Manager Approval was required but not observed,6761.29
VIO-000066,PR-12177,RULE-006,Unapproved vendor review,Procurement Review,High,Missing required step,Procurement Review was required but not observed,6761.29
VIO-000067,PR-12177,RULE-010,Vendor validation,Vendor Validation,High,Missing required step,Vendor Validation was required but not observed,6761.29
VIO-000068,PR-12177,RULE-013,International vendor legal review,Legal Review,High,Missing required step,Legal Review was required but not observed,6761.29
VIO-000069,PR-14017,RULE-007,Competitive bid evidence,Competitive Bid Confirmed,High,Missing required step,Competitive Bid Confirmed was required but not observed,62270.44
VIO-000070,PR-11729,RULE-013,International vendor legal review,Legal Review,High,Missing required step,Legal Review was required but not observed,2923.59
VIO-000071,PR-10798,RULE-006,Unapproved vendor review,Procurement Review,High,Missing required step,Procurement Review was required but not observed,2347.18
VIO-000072,PR-10450,RULE-008,Approval authorization,AUTHORIZED_APPROVER,Critical,Authorization limit exceeded,"EMP-0540 approved $1,258 with a $0 limit",1258.39
VIO-000073,PR-10450,RULE-009,Segregation of duties,NO_SELF_APPROVAL,Critical,Self-approval,Requester appears as an approver,1258.39
VIO-000074,PR-17641,RULE-010,Vendor validation,Vendor Validation,High,Missing required step,Vendor Validation was required but not observed,13139.69
VIO-000075,PR-15697,RULE-008,Approval authorization,AUTHORIZED_APPROVER,Critical,Authorization limit exceeded,"EMP-0763 approved $13,510 with a $0 limit",13510.33
VIO-000076,PR-15697,RULE-009,Segregation of duties,NO_SELF_APPROVAL,Critical,Self-approval,Requester appears as an approver,13510.33
VIO-000077,PR-14850,RULE-001,Manager approval,Manager Approval,Low,Missing required step,Manager Approval was required but not observed,8259.88
VIO-000078,PR-14850,RULE-015,Contractor procurement review,Procurement Review,High,Missing required step,Procurement Review was required but not observed,8259.88
VIO-000079,PR-15087,RULE-010,Vendor validation,Vendor Validation,High,Missing required step,Vendor Validation was required but not observed,5066.4
VIO-000080,PR-11656,RULE-001,Manager approval,Manager Approval,Low,Missing required step,Manager Approval was required but not observed,45183.94
VIO-000081,PR-11656,RULE-002,Finance approval,Finance Approval,High,Missing required step,Finance Approval was required but not observed,45183.94
VIO-000082,PR-11656,RULE-003,Director approval,Director Approval,High,Missing required step,Director Approval was required but not observed,45183.94
VIO-000083,PR-11656,RULE-004,Software security review,Security Review,Critical,Missing required step,Security Review was required but not observed,45183.94
VIO-000084,PR-11656,RULE-007,Competitive bid evidence,Competitive Bid Confirmed,High,Missing required step,Competitive Bid Confirmed was required but not observed,45183.94
VIO-000085,PR-15490,RULE-004,Software security review,Security Review,Critical,Missing required step,Security Review was required but not observed,1371.55
VIO-000086,PR-14297,RULE-006,Unapproved vendor review,Procurement Review,High,Missing required step,Procurement Review was required but not observed,3342.08
VIO-000087,PR-12942,RULE-008,Approval authorization,AUTHORIZED_APPROVER,Critical,Authorization limit exceeded,"EMP-0434 approved $12,377 with a $0 limit",12376.91
VIO-000088,PR-12942,RULE-009,Segregation of duties,NO_SELF_APPROVAL,Critical,Self-approval,Requester appears as an approver,12376.91
VIO-000089,PR-12942,RULE-012,PO before payment,PO_BEFORE_PAYMENT,Critical,Incorrect sequence,Payment was authorized before a purchase order was created,12376.91
VIO-000090,PR-11496,RULE-001,Manager approval,Manager Approval,Low,Missing required step,Manager Approval was required but not observed,7211.34
VIO-000091,PR-15828,RULE-004,Software security review,Security Review,Critical,Missing required step,Security Review was required but not observed,5799.82
VIO-000092,PR-17838,RULE-010,Vendor validation,Vendor Validation,High,Missing required step,Vendor Validation was required but not observed,19756.87
VIO-000093,PR-13468,RULE-010,Vendor validation,Vendor Validation,High,Missing required step,Vendor Validation was required but not observed,3097.6
VIO-000094,PR-18090,RULE-001,Manager approval,Manager Approval,Low,Missing required step,Manager Approval was required but not observed,3134.76
VIO-000095,PR-18090,RULE-004,Software security review,Security Review,Critical,Missing required step,Security Review was required but not observed,3134.76
VIO-000096,PR-14591,RULE-001,Manager approval,Manager Approval,Low,Missing required step,Manager Approval was required but not observed,14375.01
VIO-000097,PR-14591,RULE-002,Finance approval,Finance Approval,High,Missing required step,Finance Approval was required but not observed,14375.01
VIO-000098,PR-14591,RULE-006,Unapproved vendor review,Procurement Review,High,Missing required step,Procurement Review was required but not observed,14375.01
VIO-000099,PR-14591,RULE-010,Vendor validation,Vendor Validation,High,Missing required step,Vendor Validation was required but not observed,14375.01
VIO-000100,PR-14591,RULE-013,International vendor legal review,Legal Review,High,Missing required step,Legal Review was required but not observed,14375.01
VIO-000101,PR-14534,RULE-006,Unapproved vendor review,Procurement Review,High,Missing required step,Procurement Review was required but not observed,14612.43
VIO-000102,PR-15191,RULE-017,Urgent purchase rationale,DOCUMENTED_URGENCY,Medium,Undocumented urgency,Urgent routing was used without rationale,6002.15
VIO-000103,PR-17626,RULE-014,High-risk security review,Security Review,Critical,Missing required step,Security Review was required but not observed,12206.44
VIO-000104,PR-17430,RULE-010,Vendor validation,Vendor Validation,High,Missing required step,Vendor Validation was required but not observed,1732.07
VIO-000105,PR-16795,RULE-010,Vendor validation,Vendor Validation,High,Missing required step,Vendor Validation was required but not observed,1204.07
VIO-000106,PR-16862,RULE-002,Finance approval,Finance Approval,High,Missing required step,Finance Approval was required but not observed,36063.72
VIO-000107,PR-17870,RULE-010,Vendor validation,Vendor Validation,High,Missing required step,Vendor Validation was required but not observed,4580.84
VIO-000108,PR-15939,RULE-002,Finance approval,Finance Approval,High,Missing required step,Finance Approval was required but not observed,13221.13
VIO-000109,PR-12676,RULE-006,Unapproved vendor review,Procurement Review,High,Missing required step,Procurement Review was required but not observed,9250.56
VIO-000110,PR-12723,RULE-010,Vendor validation,Vendor Validation,High,Missing required step,Vendor Validation was required but not observed,1603.25
VIO-000111,PR-17502,RULE-012,PO before payment,PO_BEFORE_PAYMENT,Critical,Incorrect sequence,Payment was authorized before a purchase order was created,9693.16
VIO-000112,PR-13510,RULE-010,Vendor validation,Vendor Validation,High,Missing required step,Vendor Validation was required but not observed,13268.89
VIO-000113,PR-12881,RULE-010,Vendor validation,Vendor Validation,High,Missing required step,Vendor Validation was required but not observed,650.28
VIO-000114,PR-13677,RULE-010,Vendor validation,Vendor Validation,High,Missing required step,Vendor Validation was required but not observed,11337.68
VIO-000115,PR-14742,RULE-001,Manager approval,Manager Approval,Low,Missing required step,Manager Approval was required but not observed,3344.75
VIO-000116,PR-14742,RULE-004,Software security review,Security Review,Critical,Missing required step,Security Review was required but not observed,3344.75
VIO-000117,PR-14742,RULE-010,Vendor validation,Vendor Validation,High,Missing required step,Vendor Validation was required but not observed,3344.75
VIO-000118,PR-14742,RULE-014,High-risk security review,Security Review,Critical,Missing required step,Security Review was required but not observed,3344.75
VIO-000119,PR-17874,RULE-010,Vendor validation,Vendor Validation,High,Missing required step,Vendor Validation was required but not observed,26991.47
VIO-000120,PR-14332,RULE-012,PO before payment,PO_BEFORE_PAYMENT,Critical,Incorrect sequence,Payment was authorized before a purchase order was created,20391.21
VIO-000121,PR-16953,RULE-001,Manager approval,Manager Approval,Low,Missing required step,Manager Approval was required but not observed,1446.89
VIO-000122,PR-16953,RULE-004,Software security review,Security Review,Critical,Missing required step,Security Review was required but not observed,1446.89
VIO-000123,PR-17865,RULE-001,Manager approval,Manager Approval,Low,Missing required step,Manager Approval was required but not observed,2540.92
VIO-000124,PR-16210,RULE-001,Manager approval,Manager Approval,Low,Missing required step,Manager Approval was required but not observed,6183.77
VIO-000125,PR-12875,RULE-010,Vendor validation,Vendor Validation,High,Missing required step,Vendor Validation was required but not observed,27720.06
VIO-000126,PR-10904,RULE-001,Manager approval,Manager Approval,Low,Missing required step,Manager Approval was required but not observed,3020.77
VIO-000127,PR-10904,RULE-004,Software security review,Security Review,Critical,Missing required step,Security Review was required but not observed,3020.77
VIO-000128,PR-10904,RULE-010,Vendor validation,Vendor Validation,High,Missing required step,Vendor Validation was required but not observed,3020.77
VIO-000129,PR-10904,RULE-014,High-risk security review,Security Review,Critical,Missing required step,Security Review was required but not observed,3020.77
VIO-000130,PR-16651,RULE-006,Unapproved vendor review,Procurement Review,High,Missing required step,Procurement Review was required but not observed,8364.71
VIO-000131,PR-16651,RULE-015,Contractor procurement review,Procurement Review,High,Missing required step,Procurement Review was required but not observed,8364.71
VIO-000132,PR-17188,RULE-004,Software security review,Security Review,Critical,Missing required step,Security Review was required but not observed,11378.41
VIO-000133,PR-17188,RULE-014,High-risk security review,Security Review,Critical,Missing required step,Security Review was required but not observed,11378.41
VIO-000134,PR-18354,RULE-001,Manager approval,Manager Approval,Low,Missing required step,Manager Approval was required but not observed,10684.49
VIO-000135,PR-18354,RULE-002,Finance approval,Finance Approval,High,Missing required step,Finance Approval was required but not observed,10684.49
VIO-000136,PR-14357,RULE-001,Manager approval,Manager Approval,Low,Missing required step,Manager Approval was required but not observed,9798.37
VIO-000137,PR-14357,RULE-016,Travel finance threshold,Finance Approval,Medium,Missing required step,Finance Approval was required but not observed,9798.37
VIO-000138,PR-11423,RULE-004,Software security review,Security Review,Critical,Missing required step,Security Review was required but not observed,1576.28
VIO-000139,PR-11423,RULE-014,High-risk security review,Security Review,Critical,Missing required step,Security Review was required but not observed,1576.28
VIO-000140,PR-13808,RULE-009,Segregation of duties,NO_SELF_APPROVAL,Critical,Self-approval,Requester appears as an approver,2547.66
VIO-000141,PR-12141,RULE-001,Manager approval,Manager Approval,Low,Missing required step,Manager Approval was required but not observed,2620.81
VIO-000142,PR-12141,RULE-006,Unapproved vendor review,Procurement Review,High,Missing required step,Procurement Review was required but not observed,2620.81
VIO-000143,PR-12141,RULE-010,Vendor validation,Vendor Validation,High,Missing required step,Vendor Validation was required but not observed,2620.81
VIO-000144,PR-11667,RULE-015,Contractor procurement review,Procurement Review,High,Missing required step,Procurement Review was required but not observed,30141.65
VIO-000145,PR-17944,RULE-010,Vendor validation,Vendor Validation,High,Missing required step,Vendor Validation was required but not observed,1006.15
VIO-000146,PR-12954,RULE-010,Vendor validation,Vendor Validation,High,Missing required step,Vendor Validation was required but not observed,19711.93
VIO-000147,PR-13643,RULE-015,Contractor procurement review,Procurement Review,High,Missing required step,Procurement Review was required but not observed,22858.73
VIO-000148,PR-16859,RULE-004,Software security review,Security Review,Critical,Missing required step,Security Review was required but not observed,3202.89
VIO-000149,PR-17784,RULE-008,Approval authorization,AUTHORIZED_APPROVER,Critical,Authorization limit exceeded,"EMP-0447 approved $2,911 with a $0 limit",2911.39
VIO-000150,PR-17784,RULE-009,Segregation of duties,NO_SELF_APPROVAL,Critical,Self-approval,Requester appears as an approver,2911.39
VIO-000151,PR-10706,RULE-001,Manager approval,Manager Approval,Low,Missing required step,Manager Approval was required but not observed,35543.71
VIO-000152,PR-10706,RULE-002,Finance approval,Finance Approval,High,Missing required step,Finance Approval was required but not observed,35543.71
VIO-000153,PR-10706,RULE-003,Director approval,Director Approval,High,Missing required step,Director Approval was required but not observed,35543.71
VIO-000154,PR-10706,RULE-007,Competitive bid evidence,Competitive Bid Confirmed,High,Missing required step,Competitive Bid Confirmed was required but not observed,35543.71
VIO-000155,PR-10706,RULE-015,Contractor procurement review,Procurement Review,High,Missing required step,Procurement Review was required but not observed,35543.71
VIO-000156,PR-12622,RULE-001,Manager approval,Manager Approval,Low,Missing required step,Manager Approval was required but not observed,2165.21
VIO-000157,PR-12622,RULE-006,Unapproved vendor review,Procurement Review,High,Missing required step,Procurement Review was required but not observed,2165.21
VIO-000158,PR-12622,RULE-010,Vendor validation,Vendor Validation,High,Missing required step,Vendor Validation was required but not observed,2165.21
VIO-000159,PR-16610,RULE-010,Vendor validation,Vendor Validation,High,Missing required step,Vendor Validation was required but not observed,10741.79
VIO-000160,PR-15269,RULE-010,Vendor validation,Vendor Validation,High,Missing required step,Vendor Validation was required but not observed,1565.11
VIO-000161,PR-11926,RULE-007,Competitive bid evidence,Competitive Bid Confirmed,High,Missing required step,Competitive Bid Confirmed was required but not observed,21520.8
VIO-000162,PR-18183,RULE-006,Unapproved vendor review,Procurement Review,High,Missing required step,Procurement Review was required but not observed,7270.7
VIO-000163,PR-18183,RULE-010,Vendor validation,Vendor Validation,High,Missing required step,Vendor Validation was required but not observed,7270.7
VIO-000164,PR-18183,RULE-017,Urgent purchase rationale,DOCUMENTED_URGENCY,Medium,Undocumented urgency,Urgent routing was used without rationale,7270.7
VIO-000165,PR-10836,RULE-002,Finance approval,Finance Approval,High,Missing required step,Finance Approval was required but not observed,46212.18
VIO-000166,PR-11958,RULE-006,Unapproved vendor review,Procurement Review,High,Missing required step,Procurement Review was required but not observed,44958.44
VIO-000167,PR-11958,RULE-015,Contractor procurement review,Procurement Review,High,Missing required step,Procurement Review was required but not observed,44958.44
VIO-000168,PR-13827,RULE-002,Finance approval,Finance Approval,High,Missing required step,Finance Approval was required but not observed,56133.0
VIO-000169,PR-13827,RULE-005,High-value contract review,Legal Review,Critical,Missing required step,Legal Review was required but not observed,56133.0
VIO-000170,PR-10754,RULE-008,Approval authorization,AUTHORIZED_APPROVER,Critical,Authorization limit exceeded,"EMP-0771 approved $11,949 with a $0 limit",11949.44
VIO-000171,PR-10754,RULE-009,Segregation of duties,NO_SELF_APPROVAL,Critical,Self-approval,Requester appears as an approver,11949.44
VIO-000172,PR-12107,RULE-006,Unapproved vendor review,Procurement Review,High,Missing required step,Procurement Review was required but not observed,29366.82
VIO-000173,PR-14934,RULE-014,High-risk security review,Security Review,Critical,Missing required step,Security Review was required but not observed,5859.85
VIO-000174,PR-14100,RULE-004,Software security review,Security Review,Critical,Missing required step,Security Review was required but not observed,3636.08
VIO-000175,PR-16454,RULE-010,Vendor validation,Vendor Validation,High,Missing required step,Vendor Validation was required but not observed,9660.79
VIO-000176,PR-15996,RULE-010,Vendor validation,Vendor Validation,High,Missing required step,Vendor Validation was required but not observed,1506.97
VIO-000177,PR-10626,RULE-008,Approval authorization,AUTHORIZED_APPROVER,Critical,Authorization limit exceeded,"EMP-0484 approved $6,018 with a $0 limit",6018.42
VIO-000178,PR-10626,RULE-009,Segregation of duties,NO_SELF_APPROVAL,Critical,Self-approval,Requester appears as an approver,6018.42
VIO-000179,PR-10626,RULE-013,International vendor legal review,Legal Review,High,Missing required step,Legal Review was required but not observed,6018.42
VIO-000180,PR-13908,RULE-002,Finance approval,Finance Approval,High,Missing required step,Finance Approval was required but not observed,47822.22
VIO-000181,PR-17200,RULE-001,Manager approval,Manager Approval,Low,Missing required step,Manager Approval was required but not observed,3577.5
VIO-000182,PR-11436,RULE-008,Approval authorization,AUTHORIZED_APPROVER,Critical,Authorization limit exceeded,"EMP-0495 approved $1,689 with a $0 limit",1688.98
VIO-000183,PR-11436,RULE-009,Segregation of duties,NO_SELF_APPROVAL,Critical,Self-approval,Requester appears as an approver,1688.98
VIO-000184,PR-15672,RULE-015,Contractor procurement review,Procurement Review,High,Missing required step,Procurement Review was required but not observed,7733.57
VIO-000185,PR-17144,RULE-002,Finance approval,Finance Approval,High,Missing required step,Finance Approval was required but not observed,17327.24
VIO-000186,PR-15585,RULE-001,Manager approval,Manager Approval,Low,Missing required step,Manager Approval was required but not observed,10334.82
VIO-000187,PR-15585,RULE-002,Finance approval,Finance Approval,High,Missing required step,Finance Approval was required but not observed,10334.82
VIO-000188,PR-13856,RULE-006,Unapproved vendor review,Procurement Review,High,Missing required step,Procurement Review was required but not observed,14253.64
VIO-000189,PR-18239,RULE-001,Manager approval,Manager Approval,Low,Missing required step,Manager Approval was required but not observed,9683.39
VIO-000190,PR-12473,RULE-010,Vendor validation,Vendor Validation,High,Missing required step,Vendor Validation was required but not observed,14702.41
VIO-000191,PR-10784,RULE-008,Approval authorization,AUTHORIZED_APPROVER,Critical,Authorization limit exceeded,"EMP-1045 approved $5,108 with a $0 limit",5107.58
VIO-000192,PR-10784,RULE-009,Segregation of duties,NO_SELF_APPROVAL,Critical,Self-approval,Requester appears as an approver,5107.58
VIO-000193,PR-12208,RULE-004,Software security review,Security Review,Critical,Missing required step,Security Review was required but not observed,3717.7
VIO-000194,PR-13276,RULE-001,Manager approval,Manager Approval,Low,Missing required step,Manager Approval was required but not observed,12749.74
VIO-000195,PR-13276,RULE-002,Finance approval,Finance Approval,High,Missing required step,Finance Approval was required but not observed,12749.74
VIO-000196,PR-13276,RULE-004,Software security review,Security Review,Critical,Missing required step,Security Review was required but not observed,12749.74
VIO-000197,PR-12814,RULE-002,Finance approval,Finance Approval,High,Missing required step,Finance Approval was required but not observed,10132.84
VIO-000198,PR-12814,RULE-004,Software security review,Security Review,Critical,Missing required step,Security Review was required but not observed,10132.84
VIO-000199,PR-12416,RULE-003,Director approval,Director Approval,High,Missing required step,Director Approval was required but not observed,40639.44
VIO-000200,PR-18174,RULE-010,Vendor validation,Vendor Validation,High,Missing required step,Vendor Validation was required but not observed,4923.81
VIO-000201,PR-12280,RULE-008,Approval authorization,AUTHORIZED_APPROVER,Critical,Authorization limit exceeded,"EMP-0918 approved $7,180 with a $0 limit",7180.07
VIO-000202,PR-12280,RULE-009,Segregation of duties,NO_SELF_APPROVAL,Critical,Self-approval,Requester appears as an approver,7180.07
VIO-000203,PR-13253,RULE-009,Segregation of duties,NO_SELF_APPROVAL,Critical,Self-approval,Requester appears as an approver,8212.17
VIO-000204,PR-12258,RULE-001,Manager approval,Manager Approval,Low,Missing required step,Manager Approval was required but not observed,20659.1
VIO-000205,PR-12258,RULE-002,Finance approval,Finance Approval,High,Missing required step,Finance Approval was required but not observed,20659.1
VIO-000206,PR-12258,RULE-007,Competitive bid evidence,Competitive Bid Confirmed,High,Missing required step,Competitive Bid Confirmed was required but not observed,20659.1
VIO-000207,PR-12258,RULE-015,Contractor procurement review,Procurement Review,High,Missing required step,Procurement Review was required but not observed,20659.1
VIO-000208,PR-14077,RULE-001,Manager approval,Manager Approval,Low,Missing required step,Manager Approval was required but not observed,5396.44
VIO-000209,PR-14077,RULE-004,Software security review,Security Review,Critical,Missing required step,Security Review was required but not observed,5396.44
VIO-000210,PR-13140,RULE-001,Manager approval,Manager Approval,Low,Missing required step,Manager Approval was required but not observed,4258.9
VIO-000211,PR-13140,RULE-004,Software security review,Security Review,Critical,Missing required step,Security Review was required but not observed,4258.9
VIO-000212,PR-16189,RULE-017,Urgent purchase rationale,DOCUMENTED_URGENCY,Medium,Undocumented urgency,Urgent routing was used without rationale,16958.45
VIO-000213,PR-12231,RULE-010,Vendor validation,Vendor Validation,High,Missing required step,Vendor Validation was required but not observed,19837.44
VIO-000214,PR-17834,RULE-001,Manager approval,Manager Approval,Low,Missing required step,Manager Approval was required but not observed,33117.28
VIO-000215,PR-13102,RULE-001,Manager approval,Manager Approval,Low,Missing required step,Manager Approval was required but not observed,7522.64
VIO-000216,PR-10509,RULE-010,Vendor validation,Vendor Validation,High,Missing required step,Vendor Validation was required but not observed,1996.61
VIO-000217,PR-14824,RULE-010,Vendor validation,Vendor Validation,High,Missing required step,Vendor Validation was required but not observed,7461.82
VIO-000218,PR-10451,RULE-006,Unapproved vendor review,Procurement Review,High,Missing required step,Procurement Review was required but not observed,3796.68
VIO-000219,PR-10451,RULE-015,Contractor procurement review,Procurement Review,High,Missing required step,Procurement Review was required but not observed,3796.68
VIO-000220,PR-13898,RULE-004,Software security review,Security Review,Critical,Missing required step,Security Review was required but not observed,4835.49
VIO-000221,PR-18402,RULE-001,Manager approval,Manager Approval,Low,Missing required step,Manager Approval was required but not observed,2696.92
VIO-000222,PR-18402,RULE-006,Unapproved vendor review,Procurement Review,High,Missing required step,Procurement Review was required but not observed,2696.92
VIO-000223,PR-18402,RULE-010,Vendor validation,Vendor Validation,High,Missing required step,Vendor Validation was required but not observed,2696.92
VIO-000224,PR-12774,RULE-002,Finance approval,Finance Approval,High,Missing required step,Finance Approval was required but not observed,12034.19
VIO-000225,PR-10092,RULE-001,Manager approval,Manager Approval,Low,Missing required step,Manager Approval was required but not observed,32288.23
VIO-000226,PR-10092,RULE-002,Finance approval,Finance Approval,High,Missing required step,Finance Approval was required but not observed,32288.23
VIO-000227,PR-10092,RULE-003,Director approval,Director Approval,High,Missing required step,Director Approval was required but not observed,32288.23
VIO-000228,PR-10092,RULE-006,Unapproved vendor review,Procurement Review,High,Missing required step,Procurement Review was required but not observed,32288.23
VIO-000229,PR-10092,RULE-007,Competitive bid evidence,Competitive Bid Confirmed,High,Missing required step,Competitive Bid Confirmed was required but not observed,32288.23
VIO-000230,PR-10092,RULE-010,Vendor validation,Vendor Validation,High,Missing required step,Vendor Validation was required but not observed,32288.23
VIO-000231,PR-18172,RULE-010,Vendor validation,Vendor Validation,High,Missing required step,Vendor Validation was required but not observed,8940.67
VIO-000232,PR-10073,RULE-010,Vendor validation,Vendor Validation,High,Missing required step,Vendor Validation was required but not observed,2179.07
VIO-000233,PR-16706,RULE-006,Unapproved vendor review,Procurement Review,High,Missing required step,Procurement Review was required but not observed,1590.28
VIO-000234,PR-16706,RULE-010,Vendor validation,Vendor Validation,High,Missing required step,Vendor Validation was required but not observed,1590.28
VIO-000235,PR-16909,RULE-001,Manager approval,Manager Approval,Low,Missing required step,Manager Approval was required but not observed,21637.05
VIO-000236,PR-16909,RULE-002,Finance approval,Finance Approval,High,Missing required step,Finance Approval was required but not observed,21637.05
VIO-000237,PR-16909,RULE-004,Software security review,Security Review,Critical,Missing required step,Security Review was required but not observed,21637.05
VIO-000238,PR-16909,RULE-006,Unapproved vendor review,Procurement Review,High,Missing required step,Procurement Review was required but not observed,21637.05
VIO-000239,PR-16909,RULE-007,Competitive bid evidence,Competitive Bid Confirmed,High,Missing required step,Competitive Bid Confirmed was required but not observed,21637.05
VIO-000240,PR-16909,RULE-010,Vendor validation,Vendor Validation,High,Missing required step,Vendor Validation was required but not observed,21637.05
VIO-000241,PR-15338,RULE-006,Unapproved vendor review,Procurement Review,High,Missing required step,Procurement Review was required but not observed,14631.62
VIO-000242,PR-15253,RULE-006,Unapproved vendor review,Procurement Review,High,Missing required step,Procurement Review was required but not observed,26979.63
VIO-000243,PR-17714,RULE-012,PO before payment,PO_BEFORE_PAYMENT,Critical,Incorrect sequence,Payment was authorized before a purchase order was created,17692.17
VIO-000244,PR-15152,RULE-001,Manager approval,Manager Approval,Low,Missing required step,Manager Approval was required but not observed,13407.23
VIO-000245,PR-15152,RULE-002,Finance approval,Finance Approval,High,Missing required step,Finance Approval was required but not observed,13407.23
VIO-000246,PR-15152,RULE-004,Software security review,Security Review,Critical,Missing required step,Security Review was required but not observed,13407.23
VIO-000247,PR-16297,RULE-018,Equipment dual control,DUAL_CONTROL,High,Dual control incomplete,Both Finance and Procurement review were required,44660.14
VIO-000248,PR-14775,RULE-006,Unapproved vendor review,Procurement Review,High,Missing required step,Procurement Review was required but not observed,27625.49
VIO-000249,PR-14775,RULE-010,Vendor validation,Vendor Validation,High,Missing required step,Vendor Validation was required but not observed,27625.49
VIO-000250,PR-14775,RULE-015,Contractor procurement review,Procurement Review,High,Missing required step,Procurement Review was required but not observed,27625.49
VIO-000251,PR-11306,RULE-012,PO before payment,PO_BEFORE_PAYMENT,Critical,Incorrect sequence,Payment was authorized before a purchase order was created,4481.37
VIO-000252,PR-14470,RULE-004,Software security review,Security Review,Critical,Missing required step,Security Review was required but not observed,8444.67
VIO-000253,PR-10895,RULE-010,Vendor validation,Vendor Validation,High,Missing required step,Vendor Validation was required but not observed,15124.48
VIO-000254,PR-15252,RULE-010,Vendor validation,Vendor Validation,High,Missing required step,Vendor Validation was required but not observed,4852.96
VIO-000255,PR-10925,RULE-004,Software security review,Security Review,Critical,Missing required step,Security Review was required but not observed,6162.18
VIO-000256,PR-12080,RULE-001,Manager approval,Manager Approval,Low,Missing required step,Manager Approval was required but not observed,6990.24
VIO-000257,PR-12080,RULE-015,Contractor procurement review,Procurement Review,High,Missing required step,Procurement Review was required but not observed,6990.24
VIO-000258,PR-14180,RULE-001,Manager approval,Manager Approval,Low,Missing required step,Manager Approval was required but not observed,4063.36
VIO-000259,PR-14180,RULE-004,Software security review,Security Review,Critical,Missing required step,Security Review was required but not observed,4063.36
VIO-000260,PR-13396,RULE-008,Approval authorization,AUTHORIZED_APPROVER,Critical,Authorization limit exceeded,"EMP-0144 approved $6,429 with a $0 limit",6429.15
VIO-000261,PR-13396,RULE-009,Segregation of duties,NO_SELF_APPROVAL,Critical,Self-approval,Requester appears as an approver,6429.15
VIO-000262,PR-13802,RULE-001,Manager approval,Manager Approval,Low,Missing required step,Manager Approval was required but not observed,3731.44
VIO-000263,PR-13802,RULE-006,Unapproved vendor review,Procurement Review,High,Missing required step,Procurement Review was required but not observed,3731.44
VIO-000264,PR-13802,RULE-010,Vendor validation,Vendor Validation,High,Missing required step,Vendor Validation was required but not observed,3731.44
VIO-000265,PR-13802,RULE-015,Contractor procurement review,Procurement Review,High,Missing required step,Procurement Review was required but not observed,3731.44
VIO-000266,PR-14221,RULE-004,Software security review,Security Review,Critical,Missing required step,Security Review was required but not observed,2366.77
VIO-000267,PR-11882,RULE-004,Software security review,Security Review,Critical,Missing required step,Security Review was required but not observed,20863.46
VIO-000268,PR-11615,RULE-005,High-value contract review,Legal Review,Critical,Missing required step,Legal Review was required but not observed,95521.46
VIO-000269,PR-16113,RULE-002,Finance approval,Finance Approval,High,Missing required step,Finance Approval was required but not observed,28134.24
VIO-000270,PR-15539,RULE-010,Vendor validation,Vendor Validation,High,Missing required step,Vendor Validation was required but not observed,2883.36
VIO-000271,PR-14703,RULE-008,Approval authorization,AUTHORIZED_APPROVER,Critical,Authorization limit exceeded,"EMP-1897 approved $5,019 with a $0 limit",5019.08
VIO-000272,PR-14703,RULE-009,Segregation of duties,NO_SELF_APPROVAL,Critical,Self-approval,Requester appears as an approver,5019.08
VIO-000273,PR-17930,RULE-001,Manager approval,Manager Approval,Low,Missing required step,Manager Approval was required but not observed,12332.11
VIO-000274,PR-17930,RULE-002,Finance approval,Finance Approval,High,Missing required step,Finance Approval was required but not observed,12332.11
VIO-000275,PR-17930,RULE-006,Unapproved vendor review,Procurement Review,High,Missing required step,Procurement Review was required but not observed,12332.11
VIO-000276,PR-17930,RULE-010,Vendor validation,Vendor Validation,High,Missing required step,Vendor Validation was required but not observed,12332.11
VIO-000277,PR-16494,RULE-004,Software security review,Security Review,Critical,Missing required step,Security Review was required but not observed,11582.38
VIO-000278,PR-16041,RULE-008,Approval authorization,AUTHORIZED_APPROVER,Critical,Authorization limit exceeded,"EMP-0409 approved $160,000 with a $50,000 limit",160000.0
VIO-000279,PR-11422,RULE-013,International vendor legal review,Legal Review,High,Missing required step,Legal Review was required but not observed,1077.08
VIO-000280,PR-10534,RULE-004,Software security review,Security Review,Critical,Missing required step,Security Review was required but not observed,14459.82
VIO-000281,PR-11438,RULE-009,Segregation of duties,NO_SELF_APPROVAL,Critical,Self-approval,Requester appears as an approver,16969.51
VIO-000282,PR-15125,RULE-017,Urgent purchase rationale,DOCUMENTED_URGENCY,Medium,Undocumented urgency,Urgent routing was used without rationale,8270.49
VIO-000283,PR-11575,RULE-010,Vendor validation,Vendor Validation,High,Missing required step,Vendor Validation was required but not observed,21710.05
VIO-000284,PR-13014,RULE-010,Vendor validation,Vendor Validation,High,Missing required step,Vendor Validation was required but not observed,713.19
VIO-000285,PR-17598,RULE-001,Manager approval,Manager Approval,Low,Missing required step,Manager Approval was required but not observed,6234.29
VIO-000286,PR-17598,RULE-006,Unapproved vendor review,Procurement Review,High,Missing required step,Procurement Review was required but not observed,6234.29
VIO-000287,PR-17598,RULE-010,Vendor validation,Vendor Validation,High,Missing required step,Vendor Validation was required but not observed,6234.29
VIO-000288,PR-18412,RULE-014,High-risk security review,Security Review,Critical,Missing required step,Security Review was required but not observed,1480.57
VIO-000289,PR-10152,RULE-012,PO before payment,PO_BEFORE_PAYMENT,Critical,Incorrect sequence,Payment was authorized before a purchase order was created,8865.47
VIO-000290,PR-13922,RULE-004,Software security review,Security Review,Critical,Missing required step,Security Review was required but not observed,614.56
VIO-000291,PR-13922,RULE-014,High-risk security review,Security Review,Critical,Missing required step,Security Review was required but not observed,614.56
VIO-000292,PR-12529,RULE-001,Manager approval,Manager Approval,Low,Missing required step,Manager Approval was required but not observed,1863.68
VIO-000293,PR-11867,RULE-010,Vendor validation,Vendor Validation,High,Missing required step,Vendor Validation was required but not observed,6443.8
VIO-000294,PR-15426,RULE-004,Software security review,Security Review,Critical,Missing required step,Security Review was required but not observed,29446.53
VIO-000295,PR-16018,RULE-002,Finance approval,Finance Approval,High,Missing required step,Finance Approval was required but not observed,18647.39
VIO-000296,PR-16018,RULE-004,Software security review,Security Review,Critical,Missing required step,Security Review was required but not observed,18647.39
VIO-000297,PR-16211,RULE-012,PO before payment,PO_BEFORE_PAYMENT,Critical,Incorrect sequence,Payment was authorized before a purchase order was created,1242.65
VIO-000298,PR-15666,RULE-016,Travel finance threshold,Finance Approval,Medium,Missing required step,Finance Approval was required but not observed,8731.15
VIO-000299,PR-15666,RULE-017,Urgent purchase rationale,DOCUMENTED_URGENCY,Medium,Undocumented urgency,Urgent routing was used without rationale,8731.15
VIO-000300,PR-13663,RULE-001,Manager approval,Manager Approval,Low,Missing required step,Manager Approval was required but not observed,7533.14
VIO-000301,PR-13663,RULE-006,Unapproved vendor review,Procurement Review,High,Missing required step,Procurement Review was required but not observed,7533.14
VIO-000302,PR-13663,RULE-010,Vendor validation,Vendor Validation,High,Missing required step,Vendor Validation was required but not observed,7533.14
VIO-000303,PR-14498,RULE-017,Urgent purchase rationale,DOCUMENTED_URGENCY,Medium,Undocumented urgency,Urgent routing was used without rationale,3024.02
VIO-000304,PR-17868,RULE-001,Manager approval,Manager Approval,Low,Missing required step,Manager Approval was required but not observed,13544.33
VIO-000305,PR-18368,RULE-001,Manager approval,Manager Approval,Low,Missing required step,Manager Approval was required but not observed,27168.72
VIO-000306,PR-18368,RULE-002,Finance approval,Finance Approval,High,Missing required step,Finance Approval was required but not observed,27168.72
VIO-000307,PR-18368,RULE-003,Director approval,Director Approval,High,Missing required step,Director Approval was required but not observed,27168.72
VIO-000308,PR-18368,RULE-007,Competitive bid evidence,Competitive Bid Confirmed,High,Missing required step,Competitive Bid Confirmed was required but not observed,27168.72
VIO-000309,PR-10340,RULE-009,Segregation of duties,NO_SELF_APPROVAL,Critical,Self-approval,Requester appears as an approver,6576.08
VIO-000310,PR-16941,RULE-007,Competitive bid evidence,Competitive Bid Confirmed,High,Missing required step,Competitive Bid Confirmed was required but not observed,32198.31
VIO-000311,PR-16169,RULE-008,Approval authorization,AUTHORIZED_APPROVER,Critical,Authorization limit exceeded,"EMP-0494 approved $5,660 with a $0 limit",5659.86
VIO-000312,PR-16169,RULE-009,Segregation of duties,NO_SELF_APPROVAL,Critical,Self-approval,Requester appears as an approver,5659.86
VIO-000313,PR-11990,RULE-012,PO before payment,PO_BEFORE_PAYMENT,Critical,Incorrect sequence,Payment was authorized before a purchase order was created,10276.93
VIO-000314,PR-15286,RULE-009,Segregation of duties,NO_SELF_APPROVAL,Critical,Self-approval,Requester appears as an approver,26373.35
VIO-000315,PR-15421,RULE-008,Approval authorization,AUTHORIZED_APPROVER,Critical,Authorization limit exceeded,"EMP-0526 approved $3,947 with a $0 limit",3946.79
VIO-000316,PR-15421,RULE-009,Segregation of duties,NO_SELF_APPROVAL,Critical,Self-approval,Requester appears as an approver,3946.79
VIO-000317,PR-10538,RULE-001,Manager approval,Manager Approval,Low,Missing required step,Manager Approval was required but not observed,18914.76
VIO-000318,PR-10538,RULE-002,Finance approval,Finance Approval,High,Missing required step,Finance Approval was required but not observed,18914.76
VIO-000319,PR-11491,RULE-008,Approval authorization,AUTHORIZED_APPROVER,Critical,Authorization limit exceeded,"EMP-0546 approved $3,585 with a $0 limit",3584.84
VIO-000320,PR-11491,RULE-009,Segregation of duties,NO_SELF_APPROVAL,Critical,Self-approval,Requester appears as an approver,3584.84
VIO-000321,PR-11491,RULE-010,Vendor validation,Vendor Validation,High,Missing required step,Vendor Validation was required but not observed,3584.84
VIO-000322,PR-13428,RULE-010,Vendor validation,Vendor Validation,High,Missing required step,Vendor Validation was required but not observed,6054.49
VIO-000323,PR-13500,RULE-004,Software security review,Security Review,Critical,Missing required step,Security Review was required but not observed,1782.47
VIO-000324,PR-15902,RULE-004,Software security review,Security Review,Critical,Missing required step,Security Review was required but not observed,31929.71
VIO-000325,PR-11022,RULE-015,Contractor procurement review,Procurement Review,High,Missing required step,Procurement Review was required but not observed,8432.01
VIO-000326,PR-16301,RULE-006,Unapproved vendor review,Procurement Review,High,Missing required step,Procurement Review was required but not observed,5340.64
VIO-000327,PR-11829,RULE-006,Unapproved vendor review,Procurement Review,High,Missing required step,Procurement Review was required but not observed,2285.95
VIO-000328,PR-15917,RULE-001,Manager approval,Manager Approval,Low,Missing required step,Manager Approval was required but not observed,14197.09
VIO-000329,PR-15917,RULE-002,Finance approval,Finance Approval,High,Missing required step,Finance Approval was required but not observed,14197.09
VIO-000330,PR-15917,RULE-004,Software security review,Security Review,Critical,Missing required step,Security Review was required but not observed,14197.09
VIO-000331,PR-15917,RULE-010,Vendor validation,Vendor Validation,High,Missing required step,Vendor Validation was required but not observed,14197.09
VIO-000332,PR-15917,RULE-014,High-risk security review,Security Review,Critical,Missing required step,Security Review was required but not observed,14197.09
VIO-000333,PR-12142,RULE-010,Vendor validation,Vendor Validation,High,Missing required step,Vendor Validation was required but not observed,4352.87
VIO-000334,PR-11029,RULE-007,Competitive bid evidence,Competitive Bid Confirmed,High,Missing required step,Competitive Bid Confirmed was required but not observed,73859.31
VIO-000335,PR-15277,RULE-006,Unapproved vendor review,Procurement Review,High,Missing required step,Procurement Review was required but not observed,1403.36
VIO-000336,PR-17822,RULE-009,Segregation of duties,NO_SELF_APPROVAL,Critical,Self-approval,Requester appears as an approver,2103.8
VIO-000337,PR-17532,RULE-008,Approval authorization,AUTHORIZED_APPROVER,Critical,Authorization limit exceeded,"EMP-0921 approved $6,020 with a $0 limit",6020.11
VIO-000338,PR-17532,RULE-009,Segregation of duties,NO_SELF_APPROVAL,Critical,Self-approval,Requester appears as an approver,6020.11
VIO-000339,PR-15993,RULE-004,Software security review,Security Review,Critical,Missing required step,Security Review was required but not observed,10373.68
VIO-000340,PR-17114,RULE-015,Contractor procurement review,Procurement Review,High,Missing required step,Procurement Review was required but not observed,23351.26
VIO-000341,PR-13470,RULE-017,Urgent purchase rationale,DOCUMENTED_URGENCY,Medium,Undocumented urgency,Urgent routing was used without rationale,13007.74
VIO-000342,PR-10315,RULE-001,Manager approval,Manager Approval,Low,Missing required step,Manager Approval was required but not observed,1169.12
VIO-000343,PR-16638,RULE-001,Manager approval,Manager Approval,Low,Missing required step,Manager Approval was required but not observed,2354.59
VIO-000344,PR-16638,RULE-004,Software security review,Security Review,Critical,Missing required step,Security Review was required but not observed,2354.59
VIO-000345,PR-16125,RULE-001,Manager approval,Manager Approval,Low,Missing required step,Manager Approval was required but not observed,6621.03
VIO-000346,PR-16125,RULE-010,Vendor validation,Vendor Validation,High,Missing required step,Vendor Validation was required but not observed,6621.03
VIO-000347,PR-12859,RULE-008,Approval authorization,AUTHORIZED_APPROVER,Critical,Authorization limit exceeded,"EMP-0697 approved $2,328 with a $0 limit",2328.24
VIO-000348,PR-12859,RULE-009,Segregation of duties,NO_SELF_APPROVAL,Critical,Self-approval,Requester appears as an approver,2328.24
VIO-000349,PR-16325,RULE-010,Vendor validation,Vendor Validation,High,Missing required step,Vendor Validation was required but not observed,1823.89
VIO-000350,PR-16325,RULE-012,PO before payment,PO_BEFORE_PAYMENT,Critical,Incorrect sequence,Payment was authorized before a purchase order was created,1823.89
VIO-000351,PR-17106,RULE-008,Approval authorization,AUTHORIZED_APPROVER,Critical,Authorization limit exceeded,"EMP-0588 approved $23,538 with a $0 limit",23537.99
VIO-000352,PR-17106,RULE-009,Segregation of duties,NO_SELF_APPROVAL,Critical,Self-approval,Requester appears as an approver,23537.99
VIO-000353,PR-17106,RULE-010,Vendor validation,Vendor Validation,High,Missing required step,Vendor Validation was required but not observed,23537.99
VIO-000354,PR-11401,RULE-004,Software security review,Security Review,Critical,Missing required step,Security Review was required but not observed,2835.59
VIO-000355,PR-17321,RULE-004,Software security review,Security Review,Critical,Missing required step,Security Review was required but not observed,2839.62
VIO-000356,PR-17321,RULE-014,High-risk security review,Security Review,Critical,Missing required step,Security Review was required but not observed,2839.62
VIO-000357,PR-16589,RULE-010,Vendor validation,Vendor Validation,High,Missing required step,Vendor Validation was required but not observed,7007.79
VIO-000358,PR-15036,RULE-010,Vendor validation,Vendor Validation,High,Missing required step,Vendor Validation was required but not observed,821.35
VIO-000359,PR-12032,RULE-006,Unapproved vendor review,Procurement Review,High,Missing required step,Procurement Review was required but not observed,33438.04
VIO-000360,PR-12032,RULE-015,Contractor procurement review,Procurement Review,High,Missing required step,Procurement Review was required but not observed,33438.04
VIO-000361,PR-13889,RULE-001,Manager approval,Manager Approval,Low,Missing required step,Manager Approval was required but not observed,28230.37
VIO-000362,PR-14133,RULE-010,Vendor validation,Vendor Validation,High,Missing required step,Vendor Validation was required but not observed,16165.28
VIO-000363,PR-13291,RULE-001,Manager approval,Manager Approval,Low,Missing required step,Manager Approval was required but not observed,6582.13
VIO-000364,PR-13291,RULE-015,Contractor procurement review,Procurement Review,High,Missing required step,Procurement Review was required but not observed,6582.13
VIO-000365,PR-13541,RULE-006,Unapproved vendor review,Procurement Review,High,Missing required step,Procurement Review was required but not observed,1771.05
VIO-000366,PR-17672,RULE-010,Vendor validation,Vendor Validation,High,Missing required step,Vendor Validation was required but not observed,3793.53
VIO-000367,PR-12953,RULE-010,Vendor validation,Vendor Validation,High,Missing required step,Vendor Validation was required but not observed,1281.28
VIO-000368,PR-12953,RULE-014,High-risk security review,Security Review,Critical,Missing required step,Security Review was required but not observed,1281.28
VIO-000369,PR-17414,RULE-010,Vendor validation,Vendor Validation,High,Missing required step,Vendor Validation was required but not observed,943.93
VIO-000370,PR-12329,RULE-004,Software security review,Security Review,Critical,Missing required step,Security Review was required but not observed,6460.53
VIO-000371,PR-10714,RULE-002,Finance approval,Finance Approval,High,Missing required step,Finance Approval was required but not observed,18642.29
VIO-000372,PR-17498,RULE-004,Software security review,Security Review,Critical,Missing required step,Security Review was required but not observed,5928.27
VIO-000373,PR-10599,RULE-004,Software security review,Security Review,Critical,Missing required step,Security Review was required but not observed,1191.32
VIO-000374,PR-12131,RULE-001,Manager approval,Manager Approval,Low,Missing required step,Manager Approval was required but not observed,6716.44
VIO-000375,PR-12131,RULE-004,Software security review,Security Review,Critical,Missing required step,Security Review was required but not observed,6716.44
VIO-000376,PR-15598,RULE-001,Manager approval,Manager Approval,Low,Missing required step,Manager Approval was required but not observed,6823.27
VIO-000377,PR-15598,RULE-015,Contractor procurement review,Procurement Review,High,Missing required step,Procurement Review was required but not observed,6823.27
VIO-000378,PR-15090,RULE-018,Equipment dual control,DUAL_CONTROL,High,Dual control incomplete,Both Finance and Procurement review were required,53381.18
VIO-000379,PR-14437,RULE-001,Manager approval,Manager Approval,Low,Missing required step,Manager Approval was required but not observed,8828.42
VIO-000380,PR-16476,RULE-010,Vendor validation,Vendor Validation,High,Missing required step,Vendor Validation was required but not observed,14802.15
VIO-000381,PR-16173,RULE-010,Vendor validation,Vendor Validation,High,Missing required step,Vendor Validation was required but not observed,13089.15
VIO-000382,PR-15492,RULE-008,Approval authorization,AUTHORIZED_APPROVER,Critical,Authorization limit exceeded,"EMP-0551 approved $5,187 with a $0 limit",5186.65
VIO-000383,PR-15492,RULE-009,Segregation of duties,NO_SELF_APPROVAL,Critical,Self-approval,Requester appears as an approver,5186.65
VIO-000384,PR-12655,RULE-006,Unapproved vendor review,Procurement Review,High,Missing required step,Procurement Review was required but not observed,2442.44
VIO-000385,PR-12701,RULE-004,Software security review,Security Review,Critical,Missing required step,Security Review was required but not observed,7611.04
VIO-000386,PR-12878,RULE-015,Contractor procurement review,Procurement Review,High,Missing required step,Procurement Review was required but not observed,5520.91
VIO-000387,PR-12861,RULE-002,Finance approval,Finance Approval,High,Missing required step,Finance Approval was required but not observed,51382.92
VIO-000388,PR-12861,RULE-004,Software security review,Security Review,Critical,Missing required step,Security Review was required but not observed,51382.92
VIO-000389,PR-12861,RULE-005,High-value contract review,Legal Review,Critical,Missing required step,Legal Review was required but not observed,51382.92
VIO-000390,PR-17845,RULE-004,Software security review,Security Review,Critical,Missing required step,Security Review was required but not observed,3652.87
VIO-000391,PR-10028,RULE-001,Manager approval,Manager Approval,Low,Missing required step,Manager Approval was required but not observed,8853.61
VIO-000392,PR-13189,RULE-010,Vendor validation,Vendor Validation,High,Missing required step,Vendor Validation was required but not observed,2215.78
VIO-000393,PR-14457,RULE-004,Software security review,Security Review,Critical,Missing required step,Security Review was required but not observed,6024.14
VIO-000394,PR-12810,RULE-001,Manager approval,Manager Approval,Low,Missing required step,Manager Approval was required but not observed,2607.68
VIO-000395,PR-13000,RULE-004,Software security review,Security Review,Critical,Missing required step,Security Review was required but not observed,3684.04
VIO-000396,PR-10150,RULE-008,Approval authorization,AUTHORIZED_APPROVER,Critical,Authorization limit exceeded,"EMP-0903 approved $5,525 with a $0 limit",5524.95
VIO-000397,PR-10150,RULE-009,Segregation of duties,NO_SELF_APPROVAL,Critical,Self-approval,Requester appears as an approver,5524.95
VIO-000398,PR-17123,RULE-017,Urgent purchase rationale,DOCUMENTED_URGENCY,Medium,Undocumented urgency,Urgent routing was used without rationale,51323.2
VIO-000399,PR-17123,RULE-018,Equipment dual control,DUAL_CONTROL,High,Dual control incomplete,Both Finance and Procurement review were required,51323.2
VIO-000400,PR-11097,RULE-015,Contractor procurement review,Procurement Review,High,Missing required step,Procurement Review was required but not observed,19594.7
VIO-000401,PR-12119,RULE-001,Manager approval,Manager Approval,Low,Missing required step,Manager Approval was required but not observed,7453.43
VIO-000402,PR-12119,RULE-006,Unapproved vendor review,Procurement Review,High,Missing required step,Procurement Review was required but not observed,7453.43
VIO-000403,PR-12119,RULE-010,Vendor validation,Vendor Validation,High,Missing required step,Vendor Validation was required but not observed,7453.43
VIO-000404,PR-12119,RULE-015,Contractor procurement review,Procurement Review,High,Missing required step,Procurement Review was required but not observed,7453.43
VIO-000405,PR-18405,RULE-013,International vendor legal review,Legal Review,High,Missing required step,Legal Review was required but not observed,16944.74
VIO-000406,PR-11198,RULE-004,Software security review,Security Review,Critical,Missing required step,Security Review was required but not observed,3022.58
VIO-000407,PR-16207,RULE-004,Software security review,Security Review,Critical,Missing required step,Security Review was required but not observed,2647.22
VIO-000408,PR-18355,RULE-001,Manager approval,Manager Approval,Low,Missing required step,Manager Approval was required but not observed,3443.58
VIO-000409,PR-18355,RULE-004,Software security review,Security Review,Critical,Missing required step,Security Review was required but not observed,3443.58
VIO-000410,PR-17972,RULE-008,Approval authorization,AUTHORIZED_APPROVER,Critical,Authorization limit exceeded,"EMP-1256 approved $1,307 with a $0 limit",1306.75
VIO-000411,PR-17972,RULE-009,Segregation of duties,NO_SELF_APPROVAL,Critical,Self-approval,Requester appears as an approver,1306.75
VIO-000412,PR-12927,RULE-010,Vendor validation,Vendor Validation,High,Missing required step,Vendor Validation was required but not observed,2136.94
VIO-000413,PR-17827,RULE-002,Finance approval,Finance Approval,High,Missing required step,Finance Approval was required but not observed,16157.51
VIO-000414,PR-17827,RULE-008,Approval authorization,AUTHORIZED_APPROVER,Critical,Authorization limit exceeded,"EMP-0974 approved $16,158 with a $0 limit",16157.51
VIO-000415,PR-17827,RULE-009,Segregation of duties,NO_SELF_APPROVAL,Critical,Self-approval,Requester appears as an approver,16157.51
VIO-000416,PR-16307,RULE-001,Manager approval,Manager Approval,Low,Missing required step,Manager Approval was required but not observed,5229.8
VIO-000417,PR-16307,RULE-010,Vendor validation,Vendor Validation,High,Missing required step,Vendor Validation was required but not observed,5229.8
VIO-000418,PR-16307,RULE-015,Contractor procurement review,Procurement Review,High,Missing required step,Procurement Review was required but not observed,5229.8
VIO-000419,PR-11955,RULE-010,Vendor validation,Vendor Validation,High,Missing required step,Vendor Validation was required but not observed,3125.22
VIO-000420,PR-10134,RULE-001,Manager approval,Manager Approval,Low,Missing required step,Manager Approval was required but not observed,3050.05
VIO-000421,PR-10134,RULE-004,Software security review,Security Review,Critical,Missing required step,Security Review was required but not observed,3050.05
VIO-000422,PR-16516,RULE-004,Software security review,Security Review,Critical,Missing required step,Security Review was required but not observed,589.7
VIO-000423,PR-14369,RULE-001,Manager approval,Manager Approval,Low,Missing required step,Manager Approval was required but not observed,1120.92
VIO-000424,PR-14369,RULE-004,Software security review,Security Review,Critical,Missing required step,Security Review was required but not observed,1120.92
VIO-000425,PR-11693,RULE-012,PO before payment,PO_BEFORE_PAYMENT,Critical,Incorrect sequence,Payment was authorized before a purchase order was created,16214.46
VIO-000426,PR-11693,RULE-015,Contractor procurement review,Procurement Review,High,Missing required step,Procurement Review was required but not observed,16214.46
VIO-000427,PR-13712,RULE-008,Approval authorization,AUTHORIZED_APPROVER,Critical,Authorization limit exceeded,"EMP-0415 approved $22,448 with a $0 limit",22448.09
VIO-000428,PR-13712,RULE-009,Segregation of duties,NO_SELF_APPROVAL,Critical,Self-approval,Requester appears as an approver,22448.09
VIO-000429,PR-17222,RULE-018,Equipment dual control,DUAL_CONTROL,High,Dual control incomplete,Both Finance and Procurement review were required,72414.78
VIO-000430,PR-12777,RULE-008,Approval authorization,AUTHORIZED_APPROVER,Critical,Authorization limit exceeded,"EMP-0643 approved $2,775 with a $0 limit",2774.68
VIO-000431,PR-12777,RULE-009,Segregation of duties,NO_SELF_APPROVAL,Critical,Self-approval,Requester appears as an approver,2774.68
VIO-000432,PR-12715,RULE-006,Unapproved vendor review,Procurement Review,High,Missing required step,Procurement Review was required but not observed,1060.64
VIO-000433,PR-13452,RULE-006,Unapproved vendor review,Procurement Review,High,Missing required step,Procurement Review was required but not observed,9057.78
VIO-000434,PR-16278,RULE-006,Unapproved vendor review,Procurement Review,High,Missing required step,Procurement Review was required but not observed,12818.96
VIO-000435,PR-11243,RULE-001,Manager approval,Manager Approval,Low,Missing required step,Manager Approval was required but not observed,1471.33
VIO-000436,PR-11243,RULE-004,Software security review,Security Review,Critical,Missing required step,Security Review was required but not observed,1471.33
VIO-000437,PR-12247,RULE-004,Software security review,Security Review,Critical,Missing required step,Security Review was required but not observed,6349.53
VIO-000438,PR-13420,RULE-010,Vendor validation,Vendor Validation,High,Missing required step,Vendor Validation was required but not observed,8672.78
VIO-000439,PR-14512,RULE-008,Approval authorization,AUTHORIZED_APPROVER,Critical,Authorization limit exceeded,"EMP-0873 approved $9,650 with a $0 limit",9650.11
VIO-000440,PR-14512,RULE-009,Segregation of duties,NO_SELF_APPROVAL,Critical,Self-approval,Requester appears as an approver,9650.11
VIO-000441,PR-12801,RULE-010,Vendor validation,Vendor Validation,High,Missing required step,Vendor Validation was required but not observed,2891.12
VIO-000442,PR-10156,RULE-007,Competitive bid evidence,Competitive Bid Confirmed,High,Missing required step,Competitive Bid Confirmed was required but not observed,44407.11
VIO-000443,PR-10156,RULE-015,Contractor procurement review,Procurement Review,High,Missing required step,Procurement Review was required but not observed,44407.11
VIO-000444,PR-16832,RULE-002,Finance approval,Finance Approval,High,Missing required step,Finance Approval was required but not observed,13285.26
VIO-000445,PR-12757,RULE-001,Manager approval,Manager Approval,Low,Missing required step,Manager Approval was required but not observed,5439.57
VIO-000446,PR-18156,RULE-006,Unapproved vendor review,Procurement Review,High,Missing required step,Procurement Review was required but not observed,16489.66
VIO-000447,PR-11996,RULE-004,Software security review,Security Review,Critical,Missing required step,Security Review was required but not observed,3137.9
VIO-000448,PR-18253,RULE-004,Software security review,Security Review,Critical,Missing required step,Security Review was required but not observed,7230.84
VIO-000449,PR-17005,RULE-015,Contractor procurement review,Procurement Review,High,Missing required step,Procurement Review was required but not observed,6431.62
VIO-000450,PR-16424,RULE-010,Vendor validation,Vendor Validation,High,Missing required step,Vendor Validation was required but not observed,7503.35
VIO-000451,PR-11839,RULE-010,Vendor validation,Vendor Validation,High,Missing required step,Vendor Validation was required but not observed,5352.34
VIO-000452,PR-18228,RULE-006,Unapproved vendor review,Procurement Review,High,Missing required step,Procurement Review was required but not observed,51945.51
VIO-000453,PR-18228,RULE-018,Equipment dual control,DUAL_CONTROL,High,Dual control incomplete,Both Finance and Procurement review were required,51945.51
VIO-000454,PR-14730,RULE-001,Manager approval,Manager Approval,Low,Missing required step,Manager Approval was required but not observed,19547.88
VIO-000455,PR-14730,RULE-002,Finance approval,Finance Approval,High,Missing required step,Finance Approval was required but not observed,19547.88
VIO-000456,PR-12895,RULE-010,Vendor validation,Vendor Validation,High,Missing required step,Vendor Validation was required but not observed,2298.66
VIO-000457,PR-17461,RULE-008,Approval authorization,AUTHORIZED_APPROVER,Critical,Authorization limit exceeded,"EMP-0011 approved $35,497 with a $15,000 limit",35497.04
VIO-000458,PR-13009,RULE-010,Vendor validation,Vendor Validation,High,Missing required step,Vendor Validation was required but not observed,14531.47
VIO-000459,PR-16583,RULE-001,Manager approval,Manager Approval,Low,Missing required step,Manager Approval was required but not observed,2949.7
VIO-000460,PR-16583,RULE-006,Unapproved vendor review,Procurement Review,High,Missing required step,Procurement Review was required but not observed,2949.7
VIO-000461,PR-16583,RULE-010,Vendor validation,Vendor Validation,High,Missing required step,Vendor Validation was required but not observed,2949.7
VIO-000462,PR-15463,RULE-015,Contractor procurement review,Procurement Review,High,Missing required step,Procurement Review was required but not observed,5455.41
VIO-000463,PR-15084,RULE-001,Manager approval,Manager Approval,Low,Missing required step,Manager Approval was required but not observed,7282.74
VIO-000464,PR-15084,RULE-004,Software security review,Security Review,Critical,Missing required step,Security Review was required but not observed,7282.74
VIO-000465,PR-10322,RULE-008,Approval authorization,AUTHORIZED_APPROVER,Critical,Authorization limit exceeded,"EMP-0426 approved $1,616 with a $0 limit",1615.54
VIO-000466,PR-10322,RULE-009,Segregation of duties,NO_SELF_APPROVAL,Critical,Self-approval,Requester appears as an approver,1615.54
VIO-000467,PR-18427,RULE-010,Vendor validation,Vendor Validation,High,Missing required step,Vendor Validation was required but not observed,1747.42
VIO-000468,PR-16893,RULE-001,Manager approval,Manager Approval,Low,Missing required step,Manager Approval was required but not observed,3527.63
VIO-000469,PR-16893,RULE-004,Software security review,Security Review,Critical,Missing required step,Security Review was required but not observed,3527.63
VIO-000470,PR-11792,RULE-001,Manager approval,Manager Approval,Low,Missing required step,Manager Approval was required but not observed,1280.2
VIO-000471,PR-11792,RULE-006,Unapproved vendor review,Procurement Review,High,Missing required step,Procurement Review was required but not observed,1280.2
VIO-000472,PR-11792,RULE-010,Vendor validation,Vendor Validation,High,Missing required step,Vendor Validation was required but not observed,1280.2
VIO-000473,PR-16331,RULE-001,Manager approval,Manager Approval,Low,Missing required step,Manager Approval was required but not observed,3198.2
VIO-000474,PR-16331,RULE-004,Software security review,Security Review,Critical,Missing required step,Security Review was required but not observed,3198.2
VIO-000475,PR-14889,RULE-004,Software security review,Security Review,Critical,Missing required step,Security Review was required but not observed,53354.84
VIO-000476,PR-14889,RULE-005,High-value contract review,Legal Review,Critical,Missing required step,Legal Review was required but not observed,53354.84
VIO-000477,PR-14127,RULE-006,Unapproved vendor review,Procurement Review,High,Missing required step,Procurement Review was required but not observed,6185.78
VIO-000478,PR-14127,RULE-010,Vendor validation,Vendor Validation,High,Missing required step,Vendor Validation was required but not observed,6185.78
VIO-000479,PR-10575,RULE-010,Vendor validation,Vendor Validation,High,Missing required step,Vendor Validation was required but not observed,6079.42
VIO-000480,PR-15995,RULE-001,Manager approval,Manager Approval,Low,Missing required step,Manager Approval was required but not observed,8712.78
VIO-000481,PR-15995,RULE-004,Software security review,Security Review,Critical,Missing required step,Security Review was required but not observed,8712.78
VIO-000482,PR-16995,RULE-002,Finance approval,Finance Approval,High,Missing required step,Finance Approval was required but not observed,12503.35
VIO-000483,PR-12840,RULE-001,Manager approval,Manager Approval,Low,Missing required step,Manager Approval was required but not observed,9842.2
VIO-000484,PR-12840,RULE-004,Software security review,Security Review,Critical,Missing required step,Security Review was required but not observed,9842.2
VIO-000485,PR-14092,RULE-015,Contractor procurement review,Procurement Review,High,Missing required step,Procurement Review was required but not observed,27327.28
VIO-000486,PR-16228,RULE-004,Software security review,Security Review,Critical,Missing required step,Security Review was required but not observed,13318.09
VIO-000487,PR-10578,RULE-004,Software security review,Security Review,Critical,Missing required step,Security Review was required but not observed,4701.71
VIO-000488,PR-12631,RULE-010,Vendor validation,Vendor Validation,High,Missing required step,Vendor Validation was required but not observed,10119.93
VIO-000489,PR-12348,RULE-018,Equipment dual control,DUAL_CONTROL,High,Dual control incomplete,Both Finance and Procurement review were required,32289.34
VIO-000490,PR-14615,RULE-004,Software security review,Security Review,Critical,Missing required step,Security Review was required but not observed,6724.08
VIO-000491,PR-10004,RULE-008,Approval authorization,AUTHORIZED_APPROVER,Critical,Authorization limit exceeded,"EMP-1042 approved $7,003 with a $0 limit",7002.64
VIO-000492,PR-10004,RULE-009,Segregation of duties,NO_SELF_APPROVAL,Critical,Self-approval,Requester appears as an approver,7002.64
VIO-000493,PR-10642,RULE-010,Vendor validation,Vendor Validation,High,Missing required step,Vendor Validation was required but not observed,5190.07
VIO-000494,PR-12611,RULE-010,Vendor validation,Vendor Validation,High,Missing required step,Vendor Validation was required but not observed,5183.39
VIO-000495,PR-14429,RULE-007,Competitive bid evidence,Competitive Bid Confirmed,High,Missing required step,Competitive Bid Confirmed was required but not observed,30263.0
VIO-000496,PR-17249,RULE-010,Vendor validation,Vendor Validation,High,Missing required step,Vendor Validation was required but not observed,4990.1
VIO-000497,PR-18465,RULE-008,Approval authorization,AUTHORIZED_APPROVER,Critical,Authorization limit exceeded,"EMP-0569 approved $1,900 with a $0 limit",1899.61
VIO-000498,PR-18465,RULE-009,Segregation of duties,NO_SELF_APPROVAL,Critical,Self-approval,Requester appears as an approver,1899.61
VIO-000499,PR-17663,RULE-004,Software security review,Security Review,Critical,Missing required step,Security Review was required but not observed,2311.85
VIO-000500,PR-17629,RULE-008,Approval authorization,AUTHORIZED_APPROVER,Critical,Authorization limit exceeded,"EMP-0531 approved $9,933 with a $0 limit",9932.72
VIO-000501,PR-17629,RULE-009,Segregation of duties,NO_SELF_APPROVAL,Critical,Self-approval,Requester appears as an approver,9932.72
VIO-000502,PR-14913,RULE-006,Unapproved vendor review,Procurement Review,High,Missing required step,Procurement Review was required but not observed,17165.38
VIO-000503,PR-15158,RULE-008,Approval authorization,AUTHORIZED_APPROVER,Critical,Authorization limit exceeded,"EMP-0043 approved $1,980 with a $0 limit",1980.13
VIO-000504,PR-15158,RULE-009,Segregation of duties,NO_SELF_APPROVAL,Critical,Self-approval,Requester appears as an approver,1980.13
VIO-000505,PR-14264,RULE-010,Vendor validation,Vendor Validation,High,Missing required step,Vendor Validation was required but not observed,1321.79
VIO-000506,PR-17275,RULE-004,Software security review,Security Review,Critical,Missing required step,Security Review was required but not observed,1089.64
VIO-000507,PR-16246,RULE-010,Vendor validation,Vendor Validation,High,Missing required step,Vendor Validation was required but not observed,1005.64
VIO-000508,PR-12482,RULE-002,Finance approval,Finance Approval,High,Missing required step,Finance Approval was required but not observed,21957.98
VIO-000509,PR-12360,RULE-010,Vendor validation,Vendor Validation,High,Missing required step,Vendor Validation was required but not observed,2641.21
VIO-000510,PR-12638,RULE-004,Software security review,Security Review,Critical,Missing required step,Security Review was required but not observed,14485.24
VIO-000511,PR-12758,RULE-018,Equipment dual control,DUAL_CONTROL,High,Dual control incomplete,Both Finance and Procurement review were required,33083.17
VIO-000512,PR-17642,RULE-010,Vendor validation,Vendor Validation,High,Missing required step,Vendor Validation was required but not observed,19076.99
VIO-000513,PR-14159,RULE-001,Manager approval,Manager Approval,Low,Missing required step,Manager Approval was required but not observed,5247.29
VIO-000514,PR-12519,RULE-001,Manager approval,Manager Approval,Low,Missing required step,Manager Approval was required but not observed,3080.13
VIO-000515,PR-15192,RULE-010,Vendor validation,Vendor Validation,High,Missing required step,Vendor Validation was required but not observed,1908.16
VIO-000516,PR-13673,RULE-004,Software security review,Security Review,Critical,Missing required step,Security Review was required but not observed,4475.97
VIO-000517,PR-11591,RULE-004,Software security review,Security Review,Critical,Missing required step,Security Review was required but not observed,1910.26
VIO-000518,PR-18084,RULE-010,Vendor validation,Vendor Validation,High,Missing required step,Vendor Validation was required but not observed,3389.57
VIO-000519,PR-10310,RULE-001,Manager approval,Manager Approval,Low,Missing required step,Manager Approval was required but not observed,1114.5
VIO-000520,PR-10310,RULE-004,Software security review,Security Review,Critical,Missing required step,Security Review was required but not observed,1114.5
VIO-000521,PR-12363,RULE-001,Manager approval,Manager Approval,Low,Missing required step,Manager Approval was required but not observed,2520.43
VIO-000522,PR-14547,RULE-008,Approval authorization,AUTHORIZED_APPROVER,Critical,Authorization limit exceeded,"EMP-0475 approved $10,351 with a $0 limit",10350.77
VIO-000523,PR-14547,RULE-009,Segregation of duties,NO_SELF_APPROVAL,Critical,Self-approval,Requester appears as an approver,10350.77
VIO-000524,PR-17740,RULE-001,Manager approval,Manager Approval,Low,Missing required step,Manager Approval was required but not observed,56482.33
VIO-000525,PR-17740,RULE-002,Finance approval,Finance Approval,High,Missing required step,Finance Approval was required but not observed,56482.33
VIO-000526,PR-17740,RULE-003,Director approval,Director Approval,High,Missing required step,Director Approval was required but not observed,56482.33
VIO-000527,PR-17740,RULE-005,High-value contract review,Legal Review,Critical,Missing required step,Legal Review was required but not observed,56482.33
VIO-000528,PR-17740,RULE-007,Competitive bid evidence,Competitive Bid Confirmed,High,Missing required step,Competitive Bid Confirmed was required but not observed,56482.33
VIO-000529,PR-17740,RULE-015,Contractor procurement review,Procurement Review,High,Missing required step,Procurement Review was required but not observed,56482.33
VIO-000530,PR-12222,RULE-001,Manager approval,Manager Approval,Low,Missing required step,Manager Approval was required but not observed,17259.35
VIO-000531,PR-18489,RULE-001,Manager approval,Manager Approval,Low,Missing required step,Manager Approval was required but not observed,28294.78
VIO-000532,PR-18150,RULE-001,Manager approval,Manager Approval,Low,Missing required step,Manager Approval was required but not observed,6389.88
VIO-000533,PR-18150,RULE-004,Software security review,Security Review,Critical,Missing required step,Security Review was required but not observed,6389.88
VIO-000534,PR-18150,RULE-010,Vendor validation,Vendor Validation,High,Missing required step,Vendor Validation was required but not observed,6389.88
VIO-000535,PR-18150,RULE-014,High-risk security review,Security Review,Critical,Missing required step,Security Review was required but not observed,6389.88
VIO-000536,PR-16521,RULE-004,Software security review,Security Review,Critical,Missing required step,Security Review was required but not observed,6234.3
VIO-000537,PR-16521,RULE-014,High-risk security review,Security Review,Critical,Missing required step,Security Review was required but not observed,6234.3
VIO-000538,PR-16285,RULE-010,Vendor validation,Vendor Validation,High,Missing required step,Vendor Validation was required but not observed,8068.11
VIO-000539,PR-10709,RULE-008,Approval authorization,AUTHORIZED_APPROVER,Critical,Authorization limit exceeded,"EMP-0532 approved $3,512 with a $0 limit",3512.32
VIO-000540,PR-10709,RULE-009,Segregation of duties,NO_SELF_APPROVAL,Critical,Self-approval,Requester appears as an approver,3512.32
VIO-000541,PR-17621,RULE-004,Software security review,Security Review,Critical,Missing required step,Security Review was required but not observed,95366.77
VIO-000542,PR-16876,RULE-001,Manager approval,Manager Approval,Low,Missing required step,Manager Approval was required but not observed,6979.41
VIO-000543,PR-16876,RULE-004,Software security review,Security Review,Critical,Missing required step,Security Review was required but not observed,6979.41
VIO-000544,PR-15608,RULE-001,Manager approval,Manager Approval,Low,Missing required step,Manager Approval was required but not observed,1308.99
VIO-000545,PR-18423,RULE-006,Unapproved vendor review,Procurement Review,High,Missing required step,Procurement Review was required but not observed,46765.88
VIO-000546,PR-18423,RULE-010,Vendor validation,Vendor Validation,High,Missing required step,Vendor Validation was required but not observed,46765.88
VIO-000547,PR-18423,RULE-015,Contractor procurement review,Procurement Review,High,Missing required step,Procurement Review was required but not observed,46765.88
VIO-000548,PR-13877,RULE-002,Finance approval,Finance Approval,High,Missing required step,Finance Approval was required but not observed,70557.0
VIO-000549,PR-13877,RULE-018,Equipment dual control,DUAL_CONTROL,High,Dual control incomplete,Both Finance and Procurement review were required,70557.0
VIO-000550,PR-11513,RULE-017,Urgent purchase rationale,DOCUMENTED_URGENCY,Medium,Undocumented urgency,Urgent routing was used without rationale,4556.96
VIO-000551,PR-14616,RULE-008,Approval authorization,AUTHORIZED_APPROVER,Critical,Authorization limit exceeded,"EMP-0588 approved $8,872 with a $0 limit",8871.55
VIO-000552,PR-14616,RULE-009,Segregation of duties,NO_SELF_APPROVAL,Critical,Self-approval,Requester appears as an approver,8871.55
VIO-000553,PR-13825,RULE-001,Manager approval,Manager Approval,Low,Missing required step,Manager Approval was required but not observed,2110.16
VIO-000554,PR-16796,RULE-001,Manager approval,Manager Approval,Low,Missing required step,Manager Approval was required but not observed,22301.63
VIO-000555,PR-16796,RULE-002,Finance approval,Finance Approval,High,Missing required step,Finance Approval was required but not observed,22301.63
VIO-000556,PR-16796,RULE-004,Software security review,Security Review,Critical,Missing required step,Security Review was required but not observed,22301.63
VIO-000557,PR-16796,RULE-007,Competitive bid evidence,Competitive Bid Confirmed,High,Missing required step,Competitive Bid Confirmed was required but not observed,22301.63
VIO-000558,PR-11569,RULE-006,Unapproved vendor review,Procurement Review,High,Missing required step,Procurement Review was required but not observed,4593.98
VIO-000559,PR-11569,RULE-015,Contractor procurement review,Procurement Review,High,Missing required step,Procurement Review was required but not observed,4593.98
VIO-000560,PR-17199,RULE-001,Manager approval,Manager Approval,Low,Missing required step,Manager Approval was required but not observed,2149.86
VIO-000561,PR-17199,RULE-004,Software security review,Security Review,Critical,Missing required step,Security Review was required but not observed,2149.86
VIO-000562,PR-17199,RULE-006,Unapproved vendor review,Procurement Review,High,Missing required step,Procurement Review was required but not observed,2149.86
VIO-000563,PR-17199,RULE-010,Vendor validation,Vendor Validation,High,Missing required step,Vendor Validation was required but not observed,2149.86
VIO-000564,PR-13371,RULE-009,Segregation of duties,NO_SELF_APPROVAL,Critical,Self-approval,Requester appears as an approver,7589.62
VIO-000565,PR-14479,RULE-017,Urgent purchase rationale,DOCUMENTED_URGENCY,Medium,Undocumented urgency,Urgent routing was used without rationale,13511.48
VIO-000566,PR-10521,RULE-006,Unapproved vendor review,Procurement Review,High,Missing required step,Procurement Review was required but not observed,707.84
VIO-000567,PR-14803,RULE-008,Approval authorization,AUTHORIZED_APPROVER,Critical,Authorization limit exceeded,"EMP-0705 approved $7,530 with a $0 limit",7530.02
VIO-000568,PR-14803,RULE-009,Segregation of duties,NO_SELF_APPROVAL,Critical,Self-approval,Requester appears as an approver,7530.02
VIO-000569,PR-14910,RULE-015,Contractor procurement review,Procurement Review,High,Missing required step,Procurement Review was required but not observed,52315.18
VIO-000570,PR-14910,RULE-017,Urgent purchase rationale,DOCUMENTED_URGENCY,Medium,Undocumented urgency,Urgent routing was used without rationale,52315.18
VIO-000571,PR-13092,RULE-004,Software security review,Security Review,Critical,Missing required step,Security Review was required but not observed,20809.99
VIO-000572,PR-18318,RULE-002,Finance approval,Finance Approval,High,Missing required step,Finance Approval was required but not observed,12792.68
VIO-000573,PR-12414,RULE-010,Vendor validation,Vendor Validation,High,Missing required step,Vendor Validation was required but not observed,3691.17
VIO-000574,PR-15337,RULE-001,Manager approval,Manager Approval,Low,Missing required step,Manager Approval was required but not observed,8015.52
VIO-000575,PR-17583,RULE-006,Unapproved vendor review,Procurement Review,High,Missing required step,Procurement Review was required but not observed,13236.05
VIO-000576,PR-13427,RULE-004,Software security review,Security Review,Critical,Missing required step,Security Review was required but not observed,5901.39
VIO-000577,PR-16185,RULE-010,Vendor validation,Vendor Validation,High,Missing required step,Vendor Validation was required but not observed,31761.48
VIO-000578,PR-15039,RULE-004,Software security review,Security Review,Critical,Missing required step,Security Review was required but not observed,8412.56
VIO-000579,PR-17190,RULE-006,Unapproved vendor review,Procurement Review,High,Missing required step,Procurement Review was required but not observed,13801.88
VIO-000580,PR-14763,RULE-006,Unapproved vendor review,Procurement Review,High,Missing required step,Procurement Review was required but not observed,23288.97
VIO-000581,PR-14763,RULE-007,Competitive bid evidence,Competitive Bid Confirmed,High,Missing required step,Competitive Bid Confirmed was required but not observed,23288.97
VIO-000582,PR-14763,RULE-010,Vendor validation,Vendor Validation,High,Missing required step,Vendor Validation was required but not observed,23288.97
VIO-000583,PR-14763,RULE-015,Contractor procurement review,Procurement Review,High,Missing required step,Procurement Review was required but not observed,23288.97
VIO-000584,PR-12401,RULE-008,Approval authorization,AUTHORIZED_APPROVER,Critical,Authorization limit exceeded,"EMP-0488 approved $6,288 with a $0 limit",6287.53
VIO-000585,PR-12401,RULE-009,Segregation of duties,NO_SELF_APPROVAL,Critical,Self-approval,Requester appears as an approver,6287.53
VIO-000586,PR-13532,RULE-001,Manager approval,Manager Approval,Low,Missing required step,Manager Approval was required but not observed,10032.22
VIO-000587,PR-13953,RULE-018,Equipment dual control,DUAL_CONTROL,High,Dual control incomplete,Both Finance and Procurement review were required,38362.94
VIO-000588,PR-12695,RULE-006,Unapproved vendor review,Procurement Review,High,Missing required step,Procurement Review was required but not observed,31474.38
VIO-000589,PR-12695,RULE-018,Equipment dual control,DUAL_CONTROL,High,Dual control incomplete,Both Finance and Procurement review were required,31474.38
VIO-000590,PR-16073,RULE-010,Vendor validation,Vendor Validation,High,Missing required step,Vendor Validation was required but not observed,921.07
VIO-000591,PR-12192,RULE-004,Software security review,Security Review,Critical,Missing required step,Security Review was required but not observed,2015.18
VIO-000592,PR-17857,RULE-008,Approval authorization,AUTHORIZED_APPROVER,Critical,Authorization limit exceeded,"EMP-0854 approved $4,977 with a $0 limit",4976.94
VIO-000593,PR-17857,RULE-009,Segregation of duties,NO_SELF_APPROVAL,Critical,Self-approval,Requester appears as an approver,4976.94
VIO-000594,PR-10829,RULE-006,Unapproved vendor review,Procurement Review,High,Missing required step,Procurement Review was required but not observed,9622.38
VIO-000595,PR-11883,RULE-008,Approval authorization,AUTHORIZED_APPROVER,Critical,Authorization limit exceeded,"EMP-0588 approved $1,248 with a $0 limit",1248.27
VIO-000596,PR-11883,RULE-009,Segregation of duties,NO_SELF_APPROVAL,Critical,Self-approval,Requester appears as an approver,1248.27
VIO-000597,PR-12168,RULE-010,Vendor validation,Vendor Validation,High,Missing required step,Vendor Validation was required but not observed,2137.37
VIO-000598,PR-16569,RULE-001,Manager approval,Manager Approval,Low,Missing required step,Manager Approval was required but not observed,6862.45
VIO-000599,PR-16569,RULE-004,Software security review,Security Review,Critical,Missing required step,Security Review was required but not observed,6862.45
VIO-000600,PR-16569,RULE-010,Vendor validation,Vendor Validation,High,Missing required step,Vendor Validation was required but not observed,6862.45
VIO-000601,PR-16569,RULE-014,High-risk security review,Security Review,Critical,Missing required step,Security Review was required but not observed,6862.45
VIO-000602,PR-17821,RULE-004,Software security review,Security Review,Critical,Missing required step,Security Review was required but not observed,17652.44
VIO-000603,PR-17821,RULE-006,Unapproved vendor review,Procurement Review,High,Missing required step,Procurement Review was required but not observed,17652.44
VIO-000604,PR-13849,RULE-008,Approval authorization,AUTHORIZED_APPROVER,Critical,Authorization limit exceeded,"EMP-0549 approved $5,310 with a $0 limit",5309.86
VIO-000605,PR-13849,RULE-009,Segregation of duties,NO_SELF_APPROVAL,Critical,Self-approval,Requester appears as an approver,5309.86
VIO-000606,PR-17993,RULE-018,Equipment dual control,DUAL_CONTROL,High,Dual control incomplete,Both Finance and Procurement review were required,43630.34
VIO-000607,PR-13124,RULE-002,Finance approval,Finance Approval,High,Missing required step,Finance Approval was required but not observed,17825.24
VIO-000608,PR-15121,RULE-010,Vendor validation,Vendor Validation,High,Missing required step,Vendor Validation was required but not observed,1922.08
VIO-000609,PR-16529,RULE-004,Software security review,Security Review,Critical,Missing required step,Security Review was required but not observed,815.3
VIO-000610,PR-12818,RULE-010,Vendor validation,Vendor Validation,High,Missing required step,Vendor Validation was required but not observed,2237.68
VIO-000611,PR-15153,RULE-010,Vendor validation,Vendor Validation,High,Missing required step,Vendor Validation was required but not observed,824.45
VIO-000612,PR-10940,RULE-010,Vendor validation,Vendor Validation,High,Missing required step,Vendor Validation was required but not observed,5096.45
VIO-000613,PR-18494,RULE-004,Software security review,Security Review,Critical,Missing required step,Security Review was required but not observed,1155.29
VIO-000614,PR-18340,RULE-001,Manager approval,Manager Approval,Low,Missing required step,Manager Approval was required but not observed,24799.62
VIO-000615,PR-10799,RULE-008,Approval authorization,AUTHORIZED_APPROVER,Critical,Authorization limit exceeded,"EMP-0723 approved $2,412 with a $0 limit",2411.87
VIO-000616,PR-10799,RULE-009,Segregation of duties,NO_SELF_APPROVAL,Critical,Self-approval,Requester appears as an approver,2411.87
VIO-000617,PR-10085,RULE-004,Software security review,Security Review,Critical,Missing required step,Security Review was required but not observed,6383.81
VIO-000618,PR-17160,RULE-004,Software security review,Security Review,Critical,Missing required step,Security Review was required but not observed,785.69
VIO-000619,PR-13873,RULE-010,Vendor validation,Vendor Validation,High,Missing required step,Vendor Validation was required but not observed,1661.51
VIO-000620,PR-13171,RULE-010,Vendor validation,Vendor Validation,High,Missing required step,Vendor Validation was required but not observed,6322.97
VIO-000621,PR-12721,RULE-015,Contractor procurement review,Procurement Review,High,Missing required step,Procurement Review was required but not observed,1617.97
VIO-000622,PR-15491,RULE-004,Software security review,Security Review,Critical,Missing required step,Security Review was required but not observed,3138.99
VIO-000623,PR-15491,RULE-014,High-risk security review,Security Review,Critical,Missing required step,Security Review was required but not observed,3138.99
VIO-000624,PR-17900,RULE-007,Competitive bid evidence,Competitive Bid Confirmed,High,Missing required step,Competitive Bid Confirmed was required but not observed,30323.05
VIO-000625,PR-12307,RULE-004,Software security review,Security Review,Critical,Missing required step,Security Review was required but not observed,37082.04
VIO-000626,PR-10586,RULE-002,Finance approval,Finance Approval,High,Missing required step,Finance Approval was required but not observed,31722.01
VIO-000627,PR-10586,RULE-003,Director approval,Director Approval,High,Missing required step,Director Approval was required but not observed,31722.01
VIO-000628,PR-10586,RULE-018,Equipment dual control,DUAL_CONTROL,High,Dual control incomplete,Both Finance and Procurement review were required,31722.01
VIO-000629,PR-10742,RULE-018,Equipment dual control,DUAL_CONTROL,High,Dual control incomplete,Both Finance and Procurement review were required,45476.19
VIO-000630,PR-15508,RULE-001,Manager approval,Manager Approval,Low,Missing required step,Manager Approval was required but not observed,3441.46
VIO-000631,PR-13069,RULE-013,International vendor legal review,Legal Review,High,Missing required step,Legal Review was required but not observed,4361.35
VIO-000632,PR-15620,RULE-006,Unapproved vendor review,Procurement Review,High,Missing required step,Procurement Review was required but not observed,11646.09
VIO-000633,PR-15620,RULE-014,High-risk security review,Security Review,Critical,Missing required step,Security Review was required but not observed,11646.09
VIO-000634,PR-14352,RULE-017,Urgent purchase rationale,DOCUMENTED_URGENCY,Medium,Undocumented urgency,Urgent routing was used without rationale,4213.9
VIO-000635,PR-14839,RULE-004,Software security review,Security Review,Critical,Missing required step,Security Review was required but not observed,855.1
VIO-000636,PR-14839,RULE-006,Unapproved vendor review,Procurement Review,High,Missing required step,Procurement Review was required but not observed,855.1
VIO-000637,PR-14839,RULE-014,High-risk security review,Security Review,Critical,Missing required step,Security Review was required but not observed,855.1
VIO-000638,PR-16965,RULE-006,Unapproved vendor review,Procurement Review,High,Missing required step,Procurement Review was required but not observed,7776.17
VIO-000639,PR-16255,RULE-018,Equipment dual control,DUAL_CONTROL,High,Dual control incomplete,Both Finance and Procurement review were required,35127.88
VIO-000640,PR-10270,RULE-007,Competitive bid evidence,Competitive Bid Confirmed,High,Missing required step,Competitive Bid Confirmed was required but not observed,29173.85
VIO-000641,PR-10645,RULE-010,Vendor validation,Vendor Validation,High,Missing required step,Vendor Validation was required but not observed,1143.46
VIO-000642,PR-13508,RULE-010,Vendor validation,Vendor Validation,High,Missing required step,Vendor Validation was required but not observed,4441.56
VIO-000643,PR-13008,RULE-018,Equipment dual control,DUAL_CONTROL,High,Dual control incomplete,Both Finance and Procurement review were required,38252.93
VIO-000644,PR-12984,RULE-001,Manager approval,Manager Approval,Low,Missing required step,Manager Approval was required but not observed,9866.54
VIO-000645,PR-10870,RULE-008,Approval authorization,AUTHORIZED_APPROVER,Critical,Authorization limit exceeded,"EMP-0526 approved $2,866 with a $0 limit",2865.97
VIO-000646,PR-10870,RULE-009,Segregation of duties,NO_SELF_APPROVAL,Critical,Self-approval,Requester appears as an approver,2865.97
VIO-000647,PR-10461,RULE-006,Unapproved vendor review,Procurement Review,High,Missing required step,Procurement Review was required but not observed,3151.27
VIO-000648,PR-17273,RULE-015,Contractor procurement review,Procurement Review,High,Missing required step,Procurement Review was required but not observed,6455.73
VIO-000649,PR-10169,RULE-001,Manager approval,Manager Approval,Low,Missing required step,Manager Approval was required but not observed,6367.35
VIO-000650,PR-12870,RULE-001,Manager approval,Manager Approval,Low,Missing required step,Manager Approval was required but not observed,3325.62
VIO-000651,PR-12870,RULE-004,Software security review,Security Review,Critical,Missing required step,Security Review was required but not observed,3325.62
VIO-000652,PR-15623,RULE-010,Vendor validation,Vendor Validation,High,Missing required step,Vendor Validation was required but not observed,2640.88
VIO-000653,PR-12965,RULE-004,Software security review,Security Review,Critical,Missing required step,Security Review was required but not observed,4309.44
VIO-000654,PR-12965,RULE-010,Vendor validation,Vendor Validation,High,Missing required step,Vendor Validation was required but not observed,4309.44
VIO-000655,PR-12965,RULE-014,High-risk security review,Security Review,Critical,Missing required step,Security Review was required but not observed,4309.44
VIO-000656,PR-17723,RULE-015,Contractor procurement review,Procurement Review,High,Missing required step,Procurement Review was required but not observed,2420.46
VIO-000657,PR-14738,RULE-002,Finance approval,Finance Approval,High,Missing required step,Finance Approval was required but not observed,24300.27
VIO-000658,PR-11209,RULE-006,Unapproved vendor review,Procurement Review,High,Missing required step,Procurement Review was required but not observed,4505.78
VIO-000659,PR-11209,RULE-015,Contractor procurement review,Procurement Review,High,Missing required step,Procurement Review was required but not observed,4505.78
VIO-000660,PR-18337,RULE-017,Urgent purchase rationale,DOCUMENTED_URGENCY,Medium,Undocumented urgency,Urgent routing was used without rationale,36807.59
VIO-000661,PR-11391,RULE-001,Manager approval,Manager Approval,Low,Missing required step,Manager Approval was required but not observed,4883.82
VIO-000662,PR-11391,RULE-006,Unapproved vendor review,Procurement Review,High,Missing required step,Procurement Review was required but not observed,4883.82
VIO-000663,PR-11391,RULE-010,Vendor validation,Vendor Validation,High,Missing required step,Vendor Validation was required but not observed,4883.82
VIO-000664,PR-12852,RULE-004,Software security review,Security Review,Critical,Missing required step,Security Review was required but not observed,1280.72
VIO-000665,PR-10244,RULE-010,Vendor validation,Vendor Validation,High,Missing required step,Vendor Validation was required but not observed,2930.81
VIO-000666,PR-10495,RULE-008,Approval authorization,AUTHORIZED_APPROVER,Critical,Authorization limit exceeded,"EMP-0441 approved $3,416 with a $0 limit",3415.5
VIO-000667,PR-10495,RULE-009,Segregation of duties,NO_SELF_APPROVAL,Critical,Self-approval,Requester appears as an approver,3415.5
VIO-000668,PR-14466,RULE-010,Vendor validation,Vendor Validation,High,Missing required step,Vendor Validation was required but not observed,3865.15
VIO-000669,PR-14285,RULE-008,Approval authorization,AUTHORIZED_APPROVER,Critical,Authorization limit exceeded,"EMP-0816 approved $2,453 with a $0 limit",2453.17
VIO-000670,PR-14285,RULE-009,Segregation of duties,NO_SELF_APPROVAL,Critical,Self-approval,Requester appears as an approver,2453.17
VIO-000671,PR-14794,RULE-004,Software security review,Security Review,Critical,Missing required step,Security Review was required but not observed,21736.94
VIO-000672,PR-16700,RULE-001,Manager approval,Manager Approval,Low,Missing required step,Manager Approval was required but not observed,8104.92
VIO-000673,PR-16700,RULE-004,Software security review,Security Review,Critical,Missing required step,Security Review was required but not observed,8104.92
VIO-000674,PR-16515,RULE-009,Segregation of duties,NO_SELF_APPROVAL,Critical,Self-approval,Requester appears as an approver,3920.98
VIO-000675,PR-14288,RULE-007,Competitive bid evidence,Competitive Bid Confirmed,High,Missing required step,Competitive Bid Confirmed was required but not observed,29582.06
VIO-000676,PR-15312,RULE-010,Vendor validation,Vendor Validation,High,Missing required step,Vendor Validation was required but not observed,454.22
VIO-000677,PR-13010,RULE-015,Contractor procurement review,Procurement Review,High,Missing required step,Procurement Review was required but not observed,4237.26
VIO-000678,PR-16231,RULE-002,Finance approval,Finance Approval,High,Missing required step,Finance Approval was required but not observed,14937.18
VIO-000679,PR-15254,RULE-002,Finance approval,Finance Approval,High,Missing required step,Finance Approval was required but not observed,27528.1
VIO-000680,PR-12420,RULE-008,Approval authorization,AUTHORIZED_APPROVER,Critical,Authorization limit exceeded,"EMP-0417 approved $8,320 with a $0 limit",8319.83
VIO-000681,PR-12420,RULE-009,Segregation of duties,NO_SELF_APPROVAL,Critical,Self-approval,Requester appears as an approver,8319.83
VIO-000682,PR-11936,RULE-004,Software security review,Security Review,Critical,Missing required step,Security Review was required but not observed,1117.1
VIO-000683,PR-12221,RULE-009,Segregation of duties,NO_SELF_APPROVAL,Critical,Self-approval,Requester appears as an approver,2130.19
VIO-000684,PR-11153,RULE-004,Software security review,Security Review,Critical,Missing required step,Security Review was required but not observed,3635.59
VIO-000685,PR-11153,RULE-014,High-risk security review,Security Review,Critical,Missing required step,Security Review was required but not observed,3635.59
VIO-000686,PR-12770,RULE-004,Software security review,Security Review,Critical,Missing required step,Security Review was required but not observed,2607.7
VIO-000687,PR-14542,RULE-001,Manager approval,Manager Approval,Low,Missing required step,Manager Approval was required but not observed,22861.84
VIO-000688,PR-14542,RULE-002,Finance approval,Finance Approval,High,Missing required step,Finance Approval was required but not observed,22861.84
VIO-000689,PR-14542,RULE-004,Software security review,Security Review,Critical,Missing required step,Security Review was required but not observed,22861.84
VIO-000690,PR-14542,RULE-007,Competitive bid evidence,Competitive Bid Confirmed,High,Missing required step,Competitive Bid Confirmed was required but not observed,22861.84
VIO-000691,PR-14640,RULE-012,PO before payment,PO_BEFORE_PAYMENT,Critical,Incorrect sequence,Payment was authorized before a purchase order was created,3288.14
VIO-000692,PR-11708,RULE-008,Approval authorization,AUTHORIZED_APPROVER,Critical,Authorization limit exceeded,"EMP-1256 approved $5,051 with a $0 limit",5050.63
VIO-000693,PR-11708,RULE-009,Segregation of duties,NO_SELF_APPROVAL,Critical,Self-approval,Requester appears as an approver,5050.63
VIO-000694,PR-14555,RULE-018,Equipment dual control,DUAL_CONTROL,High,Dual control incomplete,Both Finance and Procurement review were required,41728.75
VIO-000695,PR-13736,RULE-008,Approval authorization,AUTHORIZED_APPROVER,Critical,Authorization limit exceeded,"EMP-0140 approved $10,388 with a $0 limit",10388.11
VIO-000696,PR-13736,RULE-009,Segregation of duties,NO_SELF_APPROVAL,Critical,Self-approval,Requester appears as an approver,10388.11
VIO-000697,PR-11344,RULE-001,Manager approval,Manager Approval,Low,Missing required step,Manager Approval was required but not observed,1628.01
VIO-000698,PR-11344,RULE-004,Software security review,Security Review,Critical,Missing required step,Security Review was required but not observed,1628.01
VIO-000699,PR-11344,RULE-006,Unapproved vendor review,Procurement Review,High,Missing required step,Procurement Review was required but not observed,1628.01
VIO-000700,PR-11344,RULE-010,Vendor validation,Vendor Validation,High,Missing required step,Vendor Validation was required but not observed,1628.01
VIO-000701,PR-11344,RULE-014,High-risk security review,Security Review,Critical,Missing required step,Security Review was required but not observed,1628.01
VIO-000702,PR-13088,RULE-010,Vendor validation,Vendor Validation,High,Missing required step,Vendor Validation was required but not observed,3433.34
VIO-000703,PR-13028,RULE-006,Unapproved vendor review,Procurement Review,High,Missing required step,Procurement Review was required but not observed,9494.2
VIO-000704,PR-13028,RULE-010,Vendor validation,Vendor Validation,High,Missing required step,Vendor Validation was required but not observed,9494.2
VIO-000705,PR-18132,RULE-010,Vendor validation,Vendor Validation,High,Missing required step,Vendor Validation was required but not observed,9731.59
VIO-000706,PR-18115,RULE-010,Vendor validation,Vendor Validation,High,Missing required step,Vendor Validation was required but not observed,4587.72
VIO-000707,PR-17491,RULE-004,Software security review,Security Review,Critical,Missing required step,Security Review was required but not observed,3092.16
VIO-000708,PR-11841,RULE-010,Vendor validation,Vendor Validation,High,Missing required step,Vendor Validation was required but not observed,1649.25
VIO-000709,PR-10474,RULE-004,Software security review,Security Review,Critical,Missing required step,Security Review was required but not observed,2767.05
VIO-000710,PR-10474,RULE-013,International vendor legal review,Legal Review,High,Missing required step,Legal Review was required but not observed,2767.05
VIO-000711,PR-10474,RULE-014,High-risk security review,Security Review,Critical,Missing required step,Security Review was required but not observed,2767.05
VIO-000712,PR-18127,RULE-001,Manager approval,Manager Approval,Low,Missing required step,Manager Approval was required but not observed,6232.11
VIO-000713,PR-18127,RULE-004,Software security review,Security Review,Critical,Missing required step,Security Review was required but not observed,6232.11
VIO-000714,PR-15496,RULE-013,International vendor legal review,Legal Review,High,Missing required step,Legal Review was required but not observed,5174.66
VIO-000715,PR-11386,RULE-001,Manager approval,Manager Approval,Low,Missing required step,Manager Approval was required but not observed,5317.08
VIO-000716,PR-11386,RULE-006,Unapproved vendor review,Procurement Review,High,Missing required step,Procurement Review was required but not observed,5317.08
VIO-000717,PR-11386,RULE-010,Vendor validation,Vendor Validation,High,Missing required step,Vendor Validation was required but not observed,5317.08
VIO-000718,PR-15779,RULE-010,Vendor validation,Vendor Validation,High,Missing required step,Vendor Validation was required but not observed,3409.06
VIO-000719,PR-11301,RULE-008,Approval authorization,AUTHORIZED_APPROVER,Critical,Authorization limit exceeded,"EMP-0503 approved $4,679 with a $0 limit",4679.14
VIO-000720,PR-11301,RULE-009,Segregation of duties,NO_SELF_APPROVAL,Critical,Self-approval,Requester appears as an approver,4679.14
VIO-000721,PR-12004,RULE-010,Vendor validation,Vendor Validation,High,Missing required step,Vendor Validation was required but not observed,1097.76
VIO-000722,PR-14121,RULE-018,Equipment dual control,DUAL_CONTROL,High,Dual control incomplete,Both Finance and Procurement review were required,34919.56
VIO-000723,PR-14598,RULE-010,Vendor validation,Vendor Validation,High,Missing required step,Vendor Validation was required but not observed,9866.94
VIO-000724,PR-12399,RULE-012,PO before payment,PO_BEFORE_PAYMENT,Critical,Incorrect sequence,Payment was authorized before a purchase order was created,3148.68
VIO-000725,PR-13850,RULE-004,Software security review,Security Review,Critical,Missing required step,Security Review was required but not observed,15755.39
VIO-000726,PR-13850,RULE-014,High-risk security review,Security Review,Critical,Missing required step,Security Review was required but not observed,15755.39
VIO-000727,PR-17643,RULE-004,Software security review,Security Review,Critical,Missing required step,Security Review was required but not observed,5885.8
VIO-000728,PR-15478,RULE-009,Segregation of duties,NO_SELF_APPROVAL,Critical,Self-approval,Requester appears as an approver,5311.34
VIO-000729,PR-17102,RULE-008,Approval authorization,AUTHORIZED_APPROVER,Critical,Authorization limit exceeded,"EMP-0679 approved $8,945 with a $0 limit",8944.73
VIO-000730,PR-17102,RULE-009,Segregation of duties,NO_SELF_APPROVAL,Critical,Self-approval,Requester appears as an approver,8944.73
VIO-000731,PR-13129,RULE-001,Manager approval,Manager Approval,Low,Missing required step,Manager Approval was required but not observed,7864.96
VIO-000732,PR-13693,RULE-008,Approval authorization,AUTHORIZED_APPROVER,Critical,Authorization limit exceeded,"EMP-0498 approved $1,371 with a $0 limit",1370.89
VIO-000733,PR-13693,RULE-009,Segregation of duties,NO_SELF_APPROVAL,Critical,Self-approval,Requester appears as an approver,1370.89
VIO-000734,PR-16001,RULE-010,Vendor validation,Vendor Validation,High,Missing required step,Vendor Validation was required but not observed,3205.36
VIO-000735,PR-13481,RULE-012,PO before payment,PO_BEFORE_PAYMENT,Critical,Incorrect sequence,Payment was authorized before a purchase order was created,4199.67
VIO-000736,PR-11399,RULE-015,Contractor procurement review,Procurement Review,High,Missing required step,Procurement Review was required but not observed,15678.98
VIO-000737,PR-12088,RULE-008,Approval authorization,AUTHORIZED_APPROVER,Critical,Authorization limit exceeded,"EMP-0710 approved $5,314 with a $0 limit",5314.27
VIO-000738,PR-12088,RULE-009,Segregation of duties,NO_SELF_APPROVAL,Critical,Self-approval,Requester appears as an approver,5314.27
VIO-000739,PR-14242,RULE-004,Software security review,Security Review,Critical,Missing required step,Security Review was required but not observed,1989.42
VIO-000740,PR-16759,RULE-001,Manager approval,Manager Approval,Low,Missing required step,Manager Approval was required but not observed,5131.68
VIO-000741,PR-16759,RULE-004,Software security review,Security Review,Critical,Missing required step,Security Review was required but not observed,5131.68
VIO-000742,PR-12445,RULE-006,Unapproved vendor review,Procurement Review,High,Missing required step,Procurement Review was required but not observed,2958.74
VIO-000743,PR-12445,RULE-014,High-risk security review,Security Review,Critical,Missing required step,Security Review was required but not observed,2958.74
VIO-000744,PR-15282,RULE-010,Vendor validation,Vendor Validation,High,Missing required step,Vendor Validation was required but not observed,20041.0
VIO-000745,PR-14225,RULE-010,Vendor validation,Vendor Validation,High,Missing required step,Vendor Validation was required but not observed,4772.31
VIO-000746,PR-10186,RULE-004,Software security review,Security Review,Critical,Missing required step,Security Review was required but not observed,6783.74
VIO-000747,PR-14435,RULE-010,Vendor validation,Vendor Validation,High,Missing required step,Vendor Validation was required but not observed,24143.49
VIO-000748,PR-14939,RULE-010,Vendor validation,Vendor Validation,High,Missing required step,Vendor Validation was required but not observed,8951.22
VIO-000749,PR-11835,RULE-010,Vendor validation,Vendor Validation,High,Missing required step,Vendor Validation was required but not observed,1782.18
VIO-000750,PR-10380,RULE-017,Urgent purchase rationale,DOCUMENTED_URGENCY,Medium,Undocumented urgency,Urgent routing was used without rationale,5036.34
VIO-000751,PR-11346,RULE-010,Vendor validation,Vendor Validation,High,Missing required step,Vendor Validation was required but not observed,2637.27
VIO-000752,PR-12845,RULE-010,Vendor validation,Vendor Validation,High,Missing required step,Vendor Validation was required but not observed,7554.21
VIO-000753,PR-11155,RULE-010,Vendor validation,Vendor Validation,High,Missing required step,Vendor Validation was required but not observed,7312.45
VIO-000754,PR-14757,RULE-010,Vendor validation,Vendor Validation,High,Missing required step,Vendor Validation was required but not observed,18061.72
VIO-000755,PR-16581,RULE-008,Approval authorization,AUTHORIZED_APPROVER,Critical,Authorization limit exceeded,"EMP-0375 approved $5,322 with a $0 limit",5322.14
VIO-000756,PR-16581,RULE-009,Segregation of duties,NO_SELF_APPROVAL,Critical,Self-approval,Requester appears as an approver,5322.14
VIO-000757,PR-12369,RULE-004,Software security review,Security Review,Critical,Missing required step,Security Review was required but not observed,7277.92
VIO-000758,PR-14400,RULE-007,Competitive bid evidence,Competitive Bid Confirmed,High,Missing required step,Competitive Bid Confirmed was required but not observed,23025.27
VIO-000759,PR-14962,RULE-001,Manager approval,Manager Approval,Low,Missing required step,Manager Approval was required but not observed,8671.98
VIO-000760,PR-14962,RULE-004,Software security review,Security Review,Critical,Missing required step,Security Review was required but not observed,8671.98
VIO-000761,PR-16620,RULE-015,Contractor procurement review,Procurement Review,High,Missing required step,Procurement Review was required but not observed,29494.77
VIO-000762,PR-11393,RULE-009,Segregation of duties,NO_SELF_APPROVAL,Critical,Self-approval,Requester appears as an approver,4014.42
VIO-000763,PR-14186,RULE-001,Manager approval,Manager Approval,Low,Missing required step,Manager Approval was required but not observed,1967.99
VIO-000764,PR-14186,RULE-015,Contractor procurement review,Procurement Review,High,Missing required step,Procurement Review was required but not observed,1967.99
VIO-000765,PR-15748,RULE-010,Vendor validation,Vendor Validation,High,Missing required step,Vendor Validation was required but not observed,11608.69
VIO-000766,PR-11727,RULE-010,Vendor validation,Vendor Validation,High,Missing required step,Vendor Validation was required but not observed,3088.58
VIO-000767,PR-13416,RULE-004,Software security review,Security Review,Critical,Missing required step,Security Review was required but not observed,20095.57
VIO-000768,PR-16566,RULE-017,Urgent purchase rationale,DOCUMENTED_URGENCY,Medium,Undocumented urgency,Urgent routing was used without rationale,10485.76
VIO-000769,PR-12053,RULE-004,Software security review,Security Review,Critical,Missing required step,Security Review was required but not observed,1010.36
VIO-000770,PR-11369,RULE-010,Vendor validation,Vendor Validation,High,Missing required step,Vendor Validation was required but not observed,2222.09
VIO-000771,PR-12639,RULE-010,Vendor validation,Vendor Validation,High,Missing required step,Vendor Validation was required but not observed,16870.44
VIO-000772,PR-10497,RULE-001,Manager approval,Manager Approval,Low,Missing required step,Manager Approval was required but not observed,7182.91
VIO-000773,PR-10497,RULE-004,Software security review,Security Review,Critical,Missing required step,Security Review was required but not observed,7182.91
VIO-000774,PR-16254,RULE-008,Approval authorization,AUTHORIZED_APPROVER,Critical,Authorization limit exceeded,"EMP-0239 approved $7,413 with a $0 limit",7413.38
VIO-000775,PR-16254,RULE-009,Segregation of duties,NO_SELF_APPROVAL,Critical,Self-approval,Requester appears as an approver,7413.38
VIO-000776,PR-12591,RULE-010,Vendor validation,Vendor Validation,High,Missing required step,Vendor Validation was required but not observed,3259.33
VIO-000777,PR-12347,RULE-004,Software security review,Security Review,Critical,Missing required step,Security Review was required but not observed,1853.0
VIO-000778,PR-18210,RULE-001,Manager approval,Manager Approval,Low,Missing required step,Manager Approval was required but not observed,1285.1
VIO-000779,PR-18210,RULE-006,Unapproved vendor review,Procurement Review,High,Missing required step,Procurement Review was required but not observed,1285.1
VIO-000780,PR-18210,RULE-010,Vendor validation,Vendor Validation,High,Missing required step,Vendor Validation was required but not observed,1285.1
VIO-000781,PR-14829,RULE-002,Finance approval,Finance Approval,High,Missing required step,Finance Approval was required but not observed,19596.8
VIO-000782,PR-18063,RULE-008,Approval authorization,AUTHORIZED_APPROVER,Critical,Authorization limit exceeded,"EMP-0476 approved $17,522 with a $0 limit",17522.17
VIO-000783,PR-18063,RULE-009,Segregation of duties,NO_SELF_APPROVAL,Critical,Self-approval,Requester appears as an approver,17522.17
VIO-000784,PR-13085,RULE-008,Approval authorization,AUTHORIZED_APPROVER,Critical,Authorization limit exceeded,"EMP-0837 approved $6,101 with a $0 limit",6101.38
VIO-000785,PR-13085,RULE-009,Segregation of duties,NO_SELF_APPROVAL,Critical,Self-approval,Requester appears as an approver,6101.38
VIO-000786,PR-16982,RULE-007,Competitive bid evidence,Competitive Bid Confirmed,High,Missing required step,Competitive Bid Confirmed was required but not observed,30447.88
VIO-000787,PR-16982,RULE-018,Equipment dual control,DUAL_CONTROL,High,Dual control incomplete,Both Finance and Procurement review were required,30447.88
VIO-000788,PR-15295,RULE-001,Manager approval,Manager Approval,Low,Missing required step,Manager Approval was required but not observed,2610.19
VIO-000789,PR-15295,RULE-004,Software security review,Security Review,Critical,Missing required step,Security Review was required but not observed,2610.19
VIO-000790,PR-16740,RULE-008,Approval authorization,AUTHORIZED_APPROVER,Critical,Authorization limit exceeded,"EMP-1010 approved $54,518 with a $50,000 limit",54518.25
VIO-000791,PR-13862,RULE-001,Manager approval,Manager Approval,Low,Missing required step,Manager Approval was required but not observed,1205.87
VIO-000792,PR-13862,RULE-004,Software security review,Security Review,Critical,Missing required step,Security Review was required but not observed,1205.87
VIO-000793,PR-14683,RULE-010,Vendor validation,Vendor Validation,High,Missing required step,Vendor Validation was required but not observed,1178.92
VIO-000794,PR-17954,RULE-006,Unapproved vendor review,Procurement Review,High,Missing required step,Procurement Review was required but not observed,5432.78
VIO-000795,PR-17954,RULE-015,Contractor procurement review,Procurement Review,High,Missing required step,Procurement Review was required but not observed,5432.78
VIO-000796,PR-13757,RULE-001,Manager approval,Manager Approval,Low,Missing required step,Manager Approval was required but not observed,6986.38
VIO-000797,PR-13757,RULE-015,Contractor procurement review,Procurement Review,High,Missing required step,Procurement Review was required but not observed,6986.38
VIO-000798,PR-10974,RULE-008,Approval authorization,AUTHORIZED_APPROVER,Critical,Authorization limit exceeded,"EMP-0873 approved $6,430 with a $0 limit",6430.08
VIO-000799,PR-10974,RULE-009,Segregation of duties,NO_SELF_APPROVAL,Critical,Self-approval,Requester appears as an approver,6430.08
VIO-000800,PR-14231,RULE-007,Competitive bid evidence,Competitive Bid Confirmed,High,Missing required step,Competitive Bid Confirmed was required but not observed,21549.05
VIO-000801,PR-13274,RULE-006,Unapproved vendor review,Procurement Review,High,Missing required step,Procurement Review was required but not observed,2064.62
VIO-000802,PR-10034,RULE-004,Software security review,Security Review,Critical,Missing required step,Security Review was required but not observed,4358.01
VIO-000803,PR-10406,RULE-014,High-risk security review,Security Review,Critical,Missing required step,Security Review was required but not observed,9525.75
VIO-000804,PR-11950,RULE-015,Contractor procurement review,Procurement Review,High,Missing required step,Procurement Review was required but not observed,9931.01
VIO-000805,PR-18180,RULE-006,Unapproved vendor review,Procurement Review,High,Missing required step,Procurement Review was required but not observed,10577.11
VIO-000806,PR-14397,RULE-010,Vendor validation,Vendor Validation,High,Missing required step,Vendor Validation was required but not observed,29871.36
VIO-000807,PR-15241,RULE-001,Manager approval,Manager Approval,Low,Missing required step,Manager Approval was required but not observed,5642.29
VIO-000808,PR-15241,RULE-010,Vendor validation,Vendor Validation,High,Missing required step,Vendor Validation was required but not observed,5642.29
VIO-000809,PR-15241,RULE-013,International vendor legal review,Legal Review,High,Missing required step,Legal Review was required but not observed,5642.29
VIO-000810,PR-13155,RULE-008,Approval authorization,AUTHORIZED_APPROVER,Critical,Authorization limit exceeded,"EMP-1913 approved $37,588 with a $0 limit",37588.37
VIO-000811,PR-13155,RULE-009,Segregation of duties,NO_SELF_APPROVAL,Critical,Self-approval,Requester appears as an approver,37588.37
VIO-000812,PR-12865,RULE-001,Manager approval,Manager Approval,Low,Missing required step,Manager Approval was required but not observed,3014.21
VIO-000813,PR-14097,RULE-007,Competitive bid evidence,Competitive Bid Confirmed,High,Missing required step,Competitive Bid Confirmed was required but not observed,27610.04
VIO-000814,PR-14097,RULE-010,Vendor validation,Vendor Validation,High,Missing required step,Vendor Validation was required but not observed,27610.04
VIO-000815,PR-17008,RULE-006,Unapproved vendor review,Procurement Review,High,Missing required step,Procurement Review was required but not observed,3007.21
VIO-000816,PR-17602,RULE-008,Approval authorization,AUTHORIZED_APPROVER,Critical,Authorization limit exceeded,"EMP-0151 approved $4,355 with a $0 limit",4354.66
VIO-000817,PR-17602,RULE-009,Segregation of duties,NO_SELF_APPROVAL,Critical,Self-approval,Requester appears as an approver,4354.66
VIO-000818,PR-11619,RULE-001,Manager approval,Manager Approval,Low,Missing required step,Manager Approval was required but not observed,4569.19
VIO-000819,PR-11619,RULE-004,Software security review,Security Review,Critical,Missing required step,Security Review was required but not observed,4569.19
VIO-000820,PR-17668,RULE-010,Vendor validation,Vendor Validation,High,Missing required step,Vendor Validation was required but not observed,2619.35
VIO-000821,PR-11684,RULE-010,Vendor validation,Vendor Validation,High,Missing required step,Vendor Validation was required but not observed,9284.65
VIO-000822,PR-10442,RULE-001,Manager approval,Manager Approval,Low,Missing required step,Manager Approval was required but not observed,5464.41
VIO-000823,PR-10442,RULE-004,Software security review,Security Review,Critical,Missing required step,Security Review was required but not observed,5464.41
VIO-000824,PR-15189,RULE-001,Manager approval,Manager Approval,Low,Missing required step,Manager Approval was required but not observed,4764.56
VIO-000825,PR-13325,RULE-001,Manager approval,Manager Approval,Low,Missing required step,Manager Approval was required but not observed,8648.97
VIO-000826,PR-13325,RULE-004,Software security review,Security Review,Critical,Missing required step,Security Review was required but not observed,8648.97
VIO-000827,PR-17070,RULE-004,Software security review,Security Review,Critical,Missing required step,Security Review was required but not observed,8253.8
VIO-000828,PR-17070,RULE-012,PO before payment,PO_BEFORE_PAYMENT,Critical,Incorrect sequence,Payment was authorized before a purchase order was created,8253.8
VIO-000829,PR-11394,RULE-015,Contractor procurement review,Procurement Review,High,Missing required step,Procurement Review was required but not observed,13206.22
VIO-000830,PR-13190,RULE-007,Competitive bid evidence,Competitive Bid Confirmed,High,Missing required step,Competitive Bid Confirmed was required but not observed,26739.45
VIO-000831,PR-11053,RULE-010,Vendor validation,Vendor Validation,High,Missing required step,Vendor Validation was required but not observed,1773.9
VIO-000832,PR-16438,RULE-017,Urgent purchase rationale,DOCUMENTED_URGENCY,Medium,Undocumented urgency,Urgent routing was used without rationale,29818.79
VIO-000833,PR-13345,RULE-001,Manager approval,Manager Approval,Low,Missing required step,Manager Approval was required but not observed,6523.01
VIO-000834,PR-13345,RULE-004,Software security review,Security Review,Critical,Missing required step,Security Review was required but not observed,6523.01
VIO-000835,PR-13345,RULE-006,Unapproved vendor review,Procurement Review,High,Missing required step,Procurement Review was required but not observed,6523.01
VIO-000836,PR-13345,RULE-010,Vendor validation,Vendor Validation,High,Missing required step,Vendor Validation was required but not observed,6523.01
VIO-000837,PR-13192,RULE-006,Unapproved vendor review,Procurement Review,High,Missing required step,Procurement Review was required but not observed,6994.31
VIO-000838,PR-18011,RULE-015,Contractor procurement review,Procurement Review,High,Missing required step,Procurement Review was required but not observed,13716.69
VIO-000839,PR-17632,RULE-004,Software security review,Security Review,Critical,Missing required step,Security Review was required but not observed,2978.83
VIO-000840,PR-18040,RULE-001,Manager approval,Manager Approval,Low,Missing required step,Manager Approval was required but not observed,1154.82
VIO-000841,PR-10047,RULE-010,Vendor validation,Vendor Validation,High,Missing required step,Vendor Validation was required but not observed,849.99
VIO-000842,PR-14166,RULE-010,Vendor validation,Vendor Validation,High,Missing required step,Vendor Validation was required but not observed,5105.54
VIO-000843,PR-15926,RULE-018,Equipment dual control,DUAL_CONTROL,High,Dual control incomplete,Both Finance and Procurement review were required,37360.93
VIO-000844,PR-14341,RULE-010,Vendor validation,Vendor Validation,High,Missing required step,Vendor Validation was required but not observed,2492.34
VIO-000845,PR-16335,RULE-010,Vendor validation,Vendor Validation,High,Missing required step,Vendor Validation was required but not observed,6428.84
VIO-000846,PR-11630,RULE-001,Manager approval,Manager Approval,Low,Missing required step,Manager Approval was required but not observed,11957.88
VIO-000847,PR-11630,RULE-002,Finance approval,Finance Approval,High,Missing required step,Finance Approval was required but not observed,11957.88
VIO-000848,PR-11630,RULE-006,Unapproved vendor review,Procurement Review,High,Missing required step,Procurement Review was required but not observed,11957.88
VIO-000849,PR-11630,RULE-010,Vendor validation,Vendor Validation,High,Missing required step,Vendor Validation was required but not observed,11957.88
VIO-000850,PR-11630,RULE-015,Contractor procurement review,Procurement Review,High,Missing required step,Procurement Review was required but not observed,11957.88
VIO-000851,PR-10922,RULE-007,Competitive bid evidence,Competitive Bid Confirmed,High,Missing required step,Competitive Bid Confirmed was required but not observed,26119.68
VIO-000852,PR-10922,RULE-008,Approval authorization,AUTHORIZED_APPROVER,Critical,Authorization limit exceeded,"EMP-0514 approved $26,120 with a $0 limit",26119.68
VIO-000853,PR-10922,RULE-009,Segregation of duties,NO_SELF_APPROVAL,Critical,Self-approval,Requester appears as an approver,26119.68
VIO-000854,PR-17259,RULE-015,Contractor procurement review,Procurement Review,High,Missing required step,Procurement Review was required but not observed,4812.2
VIO-000855,PR-16507,RULE-002,Finance approval,Finance Approval,High,Missing required step,Finance Approval was required but not observed,17516.03
VIO-000856,PR-10568,RULE-010,Vendor validation,Vendor Validation,High,Missing required step,Vendor Validation was required but not observed,949.32
VIO-000857,PR-11440,RULE-009,Segregation of duties,NO_SELF_APPROVAL,Critical,Self-approval,Requester appears as an approver,13023.16
VIO-000858,PR-11859,RULE-010,Vendor validation,Vendor Validation,High,Missing required step,Vendor Validation was required but not observed,4608.24
VIO-000859,PR-11832,RULE-010,Vendor validation,Vendor Validation,High,Missing required step,Vendor Validation was required but not observed,18129.76
VIO-000860,PR-17536,RULE-006,Unapproved vendor review,Procurement Review,High,Missing required step,Procurement Review was required but not observed,1193.96
VIO-000861,PR-11380,RULE-008,Approval authorization,AUTHORIZED_APPROVER,Critical,Authorization limit exceeded,"EMP-0964 approved $9,558 with a $0 limit",9557.54
VIO-000862,PR-11380,RULE-009,Segregation of duties,NO_SELF_APPROVAL,Critical,Self-approval,Requester appears as an approver,9557.54
VIO-000863,PR-13402,RULE-004,Software security review,Security Review,Critical,Missing required step,Security Review was required but not observed,2123.61
VIO-000864,PR-10012,RULE-010,Vendor validation,Vendor Validation,High,Missing required step,Vendor Validation was required but not observed,1046.15
VIO-000865,PR-12134,RULE-015,Contractor procurement review,Procurement Review,High,Missing required step,Procurement Review was required but not observed,3966.91
VIO-000866,PR-10176,RULE-006,Unapproved vendor review,Procurement Review,High,Missing required step,Procurement Review was required but not observed,9474.48
VIO-000867,PR-11962,RULE-004,Software security review,Security Review,Critical,Missing required step,Security Review was required but not observed,6091.96
VIO-000868,PR-10037,RULE-010,Vendor validation,Vendor Validation,High,Missing required step,Vendor Validation was required but not observed,4482.68
VIO-000869,PR-18474,RULE-006,Unapproved vendor review,Procurement Review,High,Missing required step,Procurement Review was required but not observed,3546.03
VIO-000870,PR-10333,RULE-018,Equipment dual control,DUAL_CONTROL,High,Dual control incomplete,Both Finance and Procurement review were required,45149.38
VIO-000871,PR-13091,RULE-012,PO before payment,PO_BEFORE_PAYMENT,Critical,Incorrect sequence,Payment was authorized before a purchase order was created,2926.74
VIO-000872,PR-10266,RULE-008,Approval authorization,AUTHORIZED_APPROVER,Critical,Authorization limit exceeded,"EMP-1190 approved $1,150 with a $0 limit",1149.66
VIO-000873,PR-10266,RULE-009,Segregation of duties,NO_SELF_APPROVAL,Critical,Self-approval,Requester appears as an approver,1149.66
VIO-000874,PR-18454,RULE-002,Finance approval,Finance Approval,High,Missing required step,Finance Approval was required but not observed,32850.6
VIO-000875,PR-12206,RULE-015,Contractor procurement review,Procurement Review,High,Missing required step,Procurement Review was required but not observed,10031.06
VIO-000876,PR-10811,RULE-002,Finance approval,Finance Approval,High,Missing required step,Finance Approval was required but not observed,13226.02
VIO-000877,PR-14442,RULE-004,Software security review,Security Review,Critical,Missing required step,Security Review was required but not observed,1567.01
VIO-000878,PR-14606,RULE-015,Contractor procurement review,Procurement Review,High,Missing required step,Procurement Review was required but not observed,26241.31
VIO-000879,PR-12517,RULE-017,Urgent purchase rationale,DOCUMENTED_URGENCY,Medium,Undocumented urgency,Urgent routing was used without rationale,2798.23
VIO-000880,PR-15851,RULE-010,Vendor validation,Vendor Validation,High,Missing required step,Vendor Validation was required but not observed,489.38
VIO-000881,PR-16883,RULE-017,Urgent purchase rationale,DOCUMENTED_URGENCY,Medium,Undocumented urgency,Urgent routing was used without rationale,1926.63
VIO-000882,PR-13437,RULE-012,PO before payment,PO_BEFORE_PAYMENT,Critical,Incorrect sequence,Payment was authorized before a purchase order was created,3570.05
VIO-000883,PR-17282,RULE-004,Software security review,Security Review,Critical,Missing required step,Security Review was required but not observed,10343.72
VIO-000884,PR-17282,RULE-014,High-risk security review,Security Review,Critical,Missing required step,Security Review was required but not observed,10343.72
VIO-000885,PR-16919,RULE-010,Vendor validation,Vendor Validation,High,Missing required step,Vendor Validation was required but not observed,1710.06
VIO-000886,PR-12812,RULE-001,Manager approval,Manager Approval,Low,Missing required step,Manager Approval was required but not observed,10493.12
VIO-000887,PR-16891,RULE-007,Competitive bid evidence,Competitive Bid Confirmed,High,Missing required step,Competitive Bid Confirmed was required but not observed,23294.81
VIO-000888,PR-18275,RULE-010,Vendor validation,Vendor Validation,High,Missing required step,Vendor Validation was required but not observed,2747.33
VIO-000889,PR-15043,RULE-004,Software security review,Security Review,Critical,Missing required step,Security Review was required but not observed,8366.37
VIO-000890,PR-10180,RULE-004,Software security review,Security Review,Critical,Missing required step,Security Review was required but not observed,2359.0
VIO-000891,PR-10180,RULE-014,High-risk security review,Security Review,Critical,Missing required step,Security Review was required but not observed,2359.0
VIO-000892,PR-11971,RULE-010,Vendor validation,Vendor Validation,High,Missing required step,Vendor Validation was required but not observed,16710.65
VIO-000893,PR-13479,RULE-006,Unapproved vendor review,Procurement Review,High,Missing required step,Procurement Review was required but not observed,1397.26
VIO-000894,PR-17915,RULE-010,Vendor validation,Vendor Validation,High,Missing required step,Vendor Validation was required but not observed,53971.62
VIO-000895,PR-14492,RULE-001,Manager approval,Manager Approval,Low,Missing required step,Manager Approval was required but not observed,26077.17
VIO-000896,PR-14492,RULE-002,Finance approval,Finance Approval,High,Missing required step,Finance Approval was required but not observed,26077.17
VIO-000897,PR-14492,RULE-003,Director approval,Director Approval,High,Missing required step,Director Approval was required but not observed,26077.17
VIO-000898,PR-14492,RULE-004,Software security review,Security Review,Critical,Missing required step,Security Review was required but not observed,26077.17
VIO-000899,PR-14492,RULE-007,Competitive bid evidence,Competitive Bid Confirmed,High,Missing required step,Competitive Bid Confirmed was required but not observed,26077.17
VIO-000900,PR-17214,RULE-002,Finance approval,Finance Approval,High,Missing required step,Finance Approval was required but not observed,14796.3
VIO-000901,PR-15144,RULE-001,Manager approval,Manager Approval,Low,Missing required step,Manager Approval was required but not observed,1794.56
VIO-000902,PR-13517,RULE-018,Equipment dual control,DUAL_CONTROL,High,Dual control incomplete,Both Finance and Procurement review were required,41644.03
VIO-000903,PR-16794,RULE-001,Manager approval,Manager Approval,Low,Missing required step,Manager Approval was required but not observed,30923.08
VIO-000904,PR-16794,RULE-002,Finance approval,Finance Approval,High,Missing required step,Finance Approval was required but not observed,30923.08
VIO-000905,PR-16794,RULE-003,Director approval,Director Approval,High,Missing required step,Director Approval was required but not observed,30923.08
VIO-000906,PR-16794,RULE-007,Competitive bid evidence,Competitive Bid Confirmed,High,Missing required step,Competitive Bid Confirmed was required but not observed,30923.08
VIO-000907,PR-16794,RULE-015,Contractor procurement review,Procurement Review,High,Missing required step,Procurement Review was required but not observed,30923.08
VIO-000908,PR-18008,RULE-006,Unapproved vendor review,Procurement Review,High,Missing required step,Procurement Review was required but not observed,1030.71
VIO-000909,PR-15550,RULE-008,Approval authorization,AUTHORIZED_APPROVER,Critical,Authorization limit exceeded,"EMP-1517 approved $5,122 with a $0 limit",5121.59
VIO-000910,PR-15550,RULE-009,Segregation of duties,NO_SELF_APPROVAL,Critical,Self-approval,Requester appears as an approver,5121.59
VIO-000911,PR-12084,RULE-010,Vendor validation,Vendor Validation,High,Missing required step,Vendor Validation was required but not observed,4826.05
VIO-000912,PR-18079,RULE-017,Urgent purchase rationale,DOCUMENTED_URGENCY,Medium,Undocumented urgency,Urgent routing was used without rationale,15857.2
VIO-000913,PR-11446,RULE-004,Software security review,Security Review,Critical,Missing required step,Security Review was required but not observed,17372.16
VIO-000914,PR-17198,RULE-010,Vendor validation,Vendor Validation,High,Missing required step,Vendor Validation was required but not observed,17811.34
VIO-000915,PR-12760,RULE-004,Software security review,Security Review,Critical,Missing required step,Security Review was required but not observed,37106.82
VIO-000916,PR-17829,RULE-008,Approval authorization,AUTHORIZED_APPROVER,Critical,Authorization limit exceeded,"EMP-0572 approved $8,763 with a $0 limit",8763.42
VIO-000917,PR-17829,RULE-009,Segregation of duties,NO_SELF_APPROVAL,Critical,Self-approval,Requester appears as an approver,8763.42
VIO-000918,PR-10077,RULE-001,Manager approval,Manager Approval,Low,Missing required step,Manager Approval was required but not observed,7191.12
VIO-000919,PR-10077,RULE-004,Software security review,Security Review,Critical,Missing required step,Security Review was required but not observed,7191.12
VIO-000920,PR-10077,RULE-006,Unapproved vendor review,Procurement Review,High,Missing required step,Procurement Review was required but not observed,7191.12
VIO-000921,PR-10077,RULE-010,Vendor validation,Vendor Validation,High,Missing required step,Vendor Validation was required but not observed,7191.12
VIO-000922,PR-10077,RULE-014,High-risk security review,Security Review,Critical,Missing required step,Security Review was required but not observed,7191.12
VIO-000923,PR-16608,RULE-010,Vendor validation,Vendor Validation,High,Missing required step,Vendor Validation was required but not observed,10702.42
VIO-000924,PR-12140,RULE-001,Manager approval,Manager Approval,Low,Missing required step,Manager Approval was required but not observed,6112.86
VIO-000925,PR-12140,RULE-004,Software security review,Security Review,Critical,Missing required step,Security Review was required but not observed,6112.86
VIO-000926,PR-16072,RULE-006,Unapproved vendor review,Procurement Review,High,Missing required step,Procurement Review was required but not observed,214.03
VIO-000927,PR-17625,RULE-010,Vendor validation,Vendor Validation,High,Missing required step,Vendor Validation was required but not observed,7522.43
VIO-000928,PR-16496,RULE-009,Segregation of duties,NO_SELF_APPROVAL,Critical,Self-approval,Requester appears as an approver,4629.11
VIO-000929,PR-12557,RULE-008,Approval authorization,AUTHORIZED_APPROVER,Critical,Authorization limit exceeded,"EMP-0907 approved $13,972 with a $0 limit",13972.17
VIO-000930,PR-12557,RULE-009,Segregation of duties,NO_SELF_APPROVAL,Critical,Self-approval,Requester appears as an approver,13972.17
VIO-000931,PR-17646,RULE-012,PO before payment,PO_BEFORE_PAYMENT,Critical,Incorrect sequence,Payment was authorized before a purchase order was created,5903.37
VIO-000932,PR-17613,RULE-007,Competitive bid evidence,Competitive Bid Confirmed,High,Missing required step,Competitive Bid Confirmed was required but not observed,20104.43
VIO-000933,PR-16396,RULE-010,Vendor validation,Vendor Validation,High,Missing required step,Vendor Validation was required but not observed,10505.17
VIO-000934,PR-14715,RULE-001,Manager approval,Manager Approval,Low,Missing required step,Manager Approval was required but not observed,14046.94
VIO-000935,PR-14715,RULE-002,Finance approval,Finance Approval,High,Missing required step,Finance Approval was required but not observed,14046.94
VIO-000936,PR-14715,RULE-004,Software security review,Security Review,Critical,Missing required step,Security Review was required but not observed,14046.94
VIO-000937,PR-17395,RULE-006,Unapproved vendor review,Procurement Review,High,Missing required step,Procurement Review was required but not observed,16429.58
VIO-000938,PR-17395,RULE-010,Vendor validation,Vendor Validation,High,Missing required step,Vendor Validation was required but not observed,16429.58
VIO-000939,PR-14432,RULE-010,Vendor validation,Vendor Validation,High,Missing required step,Vendor Validation was required but not observed,1914.11
VIO-000940,PR-16036,RULE-010,Vendor validation,Vendor Validation,High,Missing required step,Vendor Validation was required but not observed,5738.63
VIO-000941,PR-11901,RULE-010,Vendor validation,Vendor Validation,High,Missing required step,Vendor Validation was required but not observed,7508.93
VIO-000942,PR-12592,RULE-003,Director approval,Director Approval,High,Missing required step,Director Approval was required but not observed,77753.03
VIO-000943,PR-10427,RULE-004,Software security review,Security Review,Critical,Missing required step,Security Review was required but not observed,12046.82
VIO-000944,PR-10427,RULE-008,Approval authorization,AUTHORIZED_APPROVER,Critical,Authorization limit exceeded,"EMP-0131 approved $12,047 with a $0 limit",12046.82
VIO-000945,PR-10427,RULE-009,Segregation of duties,NO_SELF_APPROVAL,Critical,Self-approval,Requester appears as an approver,12046.82
VIO-000946,PR-15506,RULE-008,Approval authorization,AUTHORIZED_APPROVER,Critical,Authorization limit exceeded,"EMP-0441 approved $2,514 with a $0 limit",2514.44
VIO-000947,PR-15506,RULE-009,Segregation of duties,NO_SELF_APPROVAL,Critical,Self-approval,Requester appears as an approver,2514.44
VIO-000948,PR-17243,RULE-001,Manager approval,Manager Approval,Low,Missing required step,Manager Approval was required but not observed,12336.46
VIO-000949,PR-17243,RULE-002,Finance approval,Finance Approval,High,Missing required step,Finance Approval was required but not observed,12336.46
VIO-000950,PR-10523,RULE-010,Vendor validation,Vendor Validation,High,Missing required step,Vendor Validation was required but not observed,38017.71
VIO-000951,PR-11812,RULE-004,Software security review,Security Review,Critical,Missing required step,Security Review was required but not observed,5892.59
VIO-000952,PR-16767,RULE-018,Equipment dual control,DUAL_CONTROL,High,Dual control incomplete,Both Finance and Procurement review were required,38037.72
VIO-000953,PR-13093,RULE-001,Manager approval,Manager Approval,Low,Missing required step,Manager Approval was required but not observed,1699.89
VIO-000954,PR-13093,RULE-004,Software security review,Security Review,Critical,Missing required step,Security Review was required but not observed,1699.89
VIO-000955,PR-13093,RULE-010,Vendor validation,Vendor Validation,High,Missing required step,Vendor Validation was required but not observed,1699.89
VIO-000956,PR-13093,RULE-014,High-risk security review,Security Review,Critical,Missing required step,Security Review was required but not observed,1699.89
VIO-000957,PR-12056,RULE-004,Software security review,Security Review,Critical,Missing required step,Security Review was required but not observed,4591.89
VIO-000958,PR-10548,RULE-008,Approval authorization,AUTHORIZED_APPROVER,Critical,Authorization limit exceeded,"EMP-0873 approved $9,183 with a $0 limit",9182.52
VIO-000959,PR-10548,RULE-009,Segregation of duties,NO_SELF_APPROVAL,Critical,Self-approval,Requester appears as an approver,9182.52
VIO-000960,PR-14109,RULE-010,Vendor validation,Vendor Validation,High,Missing required step,Vendor Validation was required but not observed,1954.22
VIO-000961,PR-16528,RULE-006,Unapproved vendor review,Procurement Review,High,Missing required step,Procurement Review was required but not observed,464.66
VIO-000962,PR-16528,RULE-010,Vendor validation,Vendor Validation,High,Missing required step,Vendor Validation was required but not observed,464.66
VIO-000963,PR-16906,RULE-006,Unapproved vendor review,Procurement Review,High,Missing required step,Procurement Review was required but not observed,4996.82
VIO-000964,PR-17405,RULE-001,Manager approval,Manager Approval,Low,Missing required step,Manager Approval was required but not observed,91759.92
VIO-000965,PR-17405,RULE-018,Equipment dual control,DUAL_CONTROL,High,Dual control incomplete,Both Finance and Procurement review were required,91759.92
VIO-000966,PR-11224,RULE-010,Vendor validation,Vendor Validation,High,Missing required step,Vendor Validation was required but not observed,1374.35
VIO-000967,PR-13540,RULE-002,Finance approval,Finance Approval,High,Missing required step,Finance Approval was required but not observed,68913.27
VIO-000968,PR-12909,RULE-001,Manager approval,Manager Approval,Low,Missing required step,Manager Approval was required but not observed,3522.53
VIO-000969,PR-14756,RULE-001,Manager approval,Manager Approval,Low,Missing required step,Manager Approval was required but not observed,12876.77
VIO-000970,PR-14756,RULE-002,Finance approval,Finance Approval,High,Missing required step,Finance Approval was required but not observed,12876.77
VIO-000971,PR-14756,RULE-006,Unapproved vendor review,Procurement Review,High,Missing required step,Procurement Review was required but not observed,12876.77
VIO-000972,PR-14756,RULE-010,Vendor validation,Vendor Validation,High,Missing required step,Vendor Validation was required but not observed,12876.77
VIO-000973,PR-17344,RULE-018,Equipment dual control,DUAL_CONTROL,High,Dual control incomplete,Both Finance and Procurement review were required,42658.89
VIO-000974,PR-13550,RULE-010,Vendor validation,Vendor Validation,High,Missing required step,Vendor Validation was required but not observed,2549.37
VIO-000975,PR-15387,RULE-004,Software security review,Security Review,Critical,Missing required step,Security Review was required but not observed,18581.21
VIO-000976,PR-10048,RULE-010,Vendor validation,Vendor Validation,High,Missing required step,Vendor Validation was required but not observed,1205.53
VIO-000977,PR-11201,RULE-008,Approval authorization,AUTHORIZED_APPROVER,Critical,Authorization limit exceeded,"EMP-1086 approved $1,443 with a $0 limit",1443.3
VIO-000978,PR-11201,RULE-009,Segregation of duties,NO_SELF_APPROVAL,Critical,Self-approval,Requester appears as an approver,1443.3
VIO-000979,PR-14295,RULE-001,Manager approval,Manager Approval,Low,Missing required step,Manager Approval was required but not observed,12355.9
VIO-000980,PR-16360,RULE-001,Manager approval,Manager Approval,Low,Missing required step,Manager Approval was required but not observed,5328.59
VIO-000981,PR-11681,RULE-010,Vendor validation,Vendor Validation,High,Missing required step,Vendor Validation was required but not observed,14720.48
VIO-000982,PR-18029,RULE-004,Software security review,Security Review,Critical,Missing required step,Security Review was required but not observed,1212.67
VIO-000983,PR-16437,RULE-010,Vendor validation,Vendor Validation,High,Missing required step,Vendor Validation was required but not observed,3868.6
VIO-000984,PR-17745,RULE-015,Contractor procurement review,Procurement Review,High,Missing required step,Procurement Review was required but not observed,7276.33
VIO-000985,PR-14208,RULE-009,Segregation of duties,NO_SELF_APPROVAL,Critical,Self-approval,Requester appears as an approver,11293.7
VIO-000986,PR-10890,RULE-010,Vendor validation,Vendor Validation,High,Missing required step,Vendor Validation was required but not observed,3214.36
VIO-000987,PR-17695,RULE-004,Software security review,Security Review,Critical,Missing required step,Security Review was required but not observed,5471.67
VIO-000988,PR-17695,RULE-008,Approval authorization,AUTHORIZED_APPROVER,Critical,Authorization limit exceeded,"EMP-0952 approved $5,472 with a $0 limit",5471.67
VIO-000989,PR-17695,RULE-009,Segregation of duties,NO_SELF_APPROVAL,Critical,Self-approval,Requester appears as an approver,5471.67
VIO-000990,PR-17304,RULE-004,Software security review,Security Review,Critical,Missing required step,Security Review was required but not observed,7183.32
VIO-000991,PR-14865,RULE-010,Vendor validation,Vendor Validation,High,Missing required step,Vendor Validation was required but not observed,29641.26
VIO-000992,PR-10875,RULE-004,Software security review,Security Review,Critical,Missing required step,Security Review was required but not observed,2032.51
VIO-000993,PR-10211,RULE-006,Unapproved vendor review,Procurement Review,High,Missing required step,Procurement Review was required but not observed,4056.08
VIO-000994,PR-15414,RULE-004,Software security review,Security Review,Critical,Missing required step,Security Review was required but not observed,1656.33
VIO-000995,PR-13638,RULE-004,Software security review,Security Review,Critical,Missing required step,Security Review was required but not observed,13450.31
VIO-000996,PR-17459,RULE-002,Finance approval,Finance Approval,High,Missing required step,Finance Approval was required but not observed,22331.42
VIO-000997,PR-10324,RULE-002,Finance approval,Finance Approval,High,Missing required step,Finance Approval was required but not observed,19662.91
VIO-000998,PR-12295,RULE-006,Unapproved vendor review,Procurement Review,High,Missing required step,Procurement Review was required but not observed,10404.25
VIO-000999,PR-12295,RULE-010,Vendor validation,Vendor Validation,High,Missing required step,Vendor Validation was required but not observed,10404.25
VIO-001000,PR-14647,RULE-001,Manager approval,Manager Approval,Low,Missing required step,Manager Approval was required but not observed,1758.18
VIO-001001,PR-18061,RULE-010,Vendor validation,Vendor Validation,High,Missing required step,Vendor Validation was required but not observed,4433.54
VIO-001002,PR-13582,RULE-001,Manager approval,Manager Approval,Low,Missing required step,Manager Approval was required but not observed,2050.86
VIO-001003,PR-13582,RULE-004,Software security review,Security Review,Critical,Missing required step,Security Review was required but not observed,2050.86
VIO-001004,PR-13582,RULE-006,Unapproved vendor review,Procurement Review,High,Missing required step,Procurement Review was required but not observed,2050.86
VIO-001005,PR-13582,RULE-010,Vendor validation,Vendor Validation,High,Missing required step,Vendor Validation was required but not observed,2050.86
VIO-001006,PR-17128,RULE-001,Manager approval,Manager Approval,Low,Missing required step,Manager Approval was required but not observed,4583.65
VIO-001007,PR-17128,RULE-004,Software security review,Security Review,Critical,Missing required step,Security Review was required but not observed,4583.65
VIO-001008,PR-12283,RULE-010,Vendor validation,Vendor Validation,High,Missing required step,Vendor Validation was required but not observed,17586.2
VIO-001009,PR-16844,RULE-015,Contractor procurement review,Procurement Review,High,Missing required step,Procurement Review was required but not observed,16393.38
VIO-001010,PR-13483,RULE-015,Contractor procurement review,Procurement Review,High,Missing required step,Procurement Review was required but not observed,2062.68
VIO-001011,PR-12979,RULE-006,Unapproved vendor review,Procurement Review,High,Missing required step,Procurement Review was required but not observed,10669.43
VIO-001012,PR-10903,RULE-001,Manager approval,Manager Approval,Low,Missing required step,Manager Approval was required but not observed,1270.19
VIO-001013,PR-10903,RULE-006,Unapproved vendor review,Procurement Review,High,Missing required step,Procurement Review was required but not observed,1270.19
VIO-001014,PR-10903,RULE-010,Vendor validation,Vendor Validation,High,Missing required step,Vendor Validation was required but not observed,1270.19
VIO-001015,PR-17820,RULE-010,Vendor validation,Vendor Validation,High,Missing required step,Vendor Validation was required but not observed,1715.24
VIO-001016,PR-16987,RULE-010,Vendor validation,Vendor Validation,High,Missing required step,Vendor Validation was required but not observed,201.34
VIO-001017,PR-13962,RULE-010,Vendor validation,Vendor Validation,High,Missing required step,Vendor Validation was required but not observed,1831.44
VIO-001018,PR-10137,RULE-004,Software security review,Security Review,Critical,Missing required step,Security Review was required but not observed,9199.35
VIO-001019,PR-16788,RULE-001,Manager approval,Manager Approval,Low,Missing required step,Manager Approval was required but not observed,11848.12
VIO-001020,PR-16788,RULE-002,Finance approval,Finance Approval,High,Missing required step,Finance Approval was required but not observed,11848.12
VIO-001021,PR-16788,RULE-015,Contractor procurement review,Procurement Review,High,Missing required step,Procurement Review was required but not observed,11848.12
VIO-001022,PR-10572,RULE-010,Vendor validation,Vendor Validation,High,Missing required step,Vendor Validation was required but not observed,2847.12
VIO-001023,PR-15180,RULE-001,Manager approval,Manager Approval,Low,Missing required step,Manager Approval was required but not observed,2724.08
VIO-001024,PR-15180,RULE-006,Unapproved vendor review,Procurement Review,High,Missing required step,Procurement Review was required but not observed,2724.08
VIO-001025,PR-15180,RULE-010,Vendor validation,Vendor Validation,High,Missing required step,Vendor Validation was required but not observed,2724.08
VIO-001026,PR-13729,RULE-002,Finance approval,Finance Approval,High,Missing required step,Finance Approval was required but not observed,13197.15
VIO-001027,PR-13729,RULE-010,Vendor validation,Vendor Validation,High,Missing required step,Vendor Validation was required but not observed,13197.15
VIO-001028,PR-16201,RULE-010,Vendor validation,Vendor Validation,High,Missing required step,Vendor Validation was required but not observed,12133.02
VIO-001029,PR-13571,RULE-001,Manager approval,Manager Approval,Low,Missing required step,Manager Approval was required but not observed,5024.19
VIO-001030,PR-13571,RULE-006,Unapproved vendor review,Procurement Review,High,Missing required step,Procurement Review was required but not observed,5024.19
VIO-001031,PR-13571,RULE-010,Vendor validation,Vendor Validation,High,Missing required step,Vendor Validation was required but not observed,5024.19
VIO-001032,PR-16083,RULE-017,Urgent purchase rationale,DOCUMENTED_URGENCY,Medium,Undocumented urgency,Urgent routing was used without rationale,2755.19
VIO-001033,PR-15341,RULE-004,Software security review,Security Review,Critical,Missing required step,Security Review was required but not observed,11363.0
VIO-001034,PR-16248,RULE-001,Manager approval,Manager Approval,Low,Missing required step,Manager Approval was required but not observed,6973.86
VIO-001035,PR-16248,RULE-004,Software security review,Security Review,Critical,Missing required step,Security Review was required but not observed,6973.86
VIO-001036,PR-16257,RULE-001,Manager approval,Manager Approval,Low,Missing required step,Manager Approval was required but not observed,2484.04
VIO-001037,PR-16257,RULE-004,Software security review,Security Review,Critical,Missing required step,Security Review was required but not observed,2484.04
VIO-001038,PR-14473,RULE-014,High-risk security review,Security Review,Critical,Missing required step,Security Review was required but not observed,4483.4
VIO-001039,PR-15916,RULE-008,Approval authorization,AUTHORIZED_APPROVER,Critical,Authorization limit exceeded,"EMP-0426 approved $4,745 with a $0 limit",4745.39
VIO-001040,PR-15916,RULE-009,Segregation of duties,NO_SELF_APPROVAL,Critical,Self-approval,Requester appears as an approver,4745.39
VIO-001041,PR-13261,RULE-010,Vendor validation,Vendor Validation,High,Missing required step,Vendor Validation was required but not observed,19927.27
VIO-001042,PR-17814,RULE-010,Vendor validation,Vendor Validation,High,Missing required step,Vendor Validation was required but not observed,5560.16
VIO-001043,PR-12467,RULE-001,Manager approval,Manager Approval,Low,Missing required step,Manager Approval was required but not observed,3705.99
VIO-001044,PR-11378,RULE-010,Vendor validation,Vendor Validation,High,Missing required step,Vendor Validation was required but not observed,4397.12
VIO-001045,PR-13422,RULE-015,Contractor procurement review,Procurement Review,High,Missing required step,Procurement Review was required but not observed,11311.04
VIO-001046,PR-13138,RULE-008,Approval authorization,AUTHORIZED_APPROVER,Critical,Authorization limit exceeded,"EMP-1197 approved $10,349 with a $0 limit",10349.26
VIO-001047,PR-13138,RULE-009,Segregation of duties,NO_SELF_APPROVAL,Critical,Self-approval,Requester appears as an approver,10349.26
VIO-001048,PR-15305,RULE-007,Competitive bid evidence,Competitive Bid Confirmed,High,Missing required step,Competitive Bid Confirmed was required but not observed,20010.24
VIO-001049,PR-17439,RULE-008,Approval authorization,AUTHORIZED_APPROVER,Critical,Authorization limit exceeded,"EMP-0731 approved $3,960 with a $0 limit",3959.88
VIO-001050,PR-17439,RULE-009,Segregation of duties,NO_SELF_APPROVAL,Critical,Self-approval,Requester appears as an approver,3959.88
VIO-001051,PR-11204,RULE-004,Software security review,Security Review,Critical,Missing required step,Security Review was required but not observed,7782.83
VIO-001052,PR-17966,RULE-012,PO before payment,PO_BEFORE_PAYMENT,Critical,Incorrect sequence,Payment was authorized before a purchase order was created,7276.45
VIO-001053,PR-10252,RULE-002,Finance approval,Finance Approval,High,Missing required step,Finance Approval was required but not observed,15271.96
VIO-001054,PR-17179,RULE-010,Vendor validation,Vendor Validation,High,Missing required step,Vendor Validation was required but not observed,5664.79
VIO-001055,PR-12435,RULE-017,Urgent purchase rationale,DOCUMENTED_URGENCY,Medium,Undocumented urgency,Urgent routing was used without rationale,19590.06
VIO-001056,PR-17544,RULE-001,Manager approval,Manager Approval,Low,Missing required step,Manager Approval was required but not observed,11351.94
VIO-001057,PR-17544,RULE-002,Finance approval,Finance Approval,High,Missing required step,Finance Approval was required but not observed,11351.94
VIO-001058,PR-17544,RULE-004,Software security review,Security Review,Critical,Missing required step,Security Review was required but not observed,11351.94
VIO-001059,PR-13494,RULE-006,Unapproved vendor review,Procurement Review,High,Missing required step,Procurement Review was required but not observed,17022.99
VIO-001060,PR-13494,RULE-010,Vendor validation,Vendor Validation,High,Missing required step,Vendor Validation was required but not observed,17022.99
VIO-001061,PR-14164,RULE-009,Segregation of duties,NO_SELF_APPROVAL,Critical,Self-approval,Requester appears as an approver,12714.48
VIO-001062,PR-14164,RULE-017,Urgent purchase rationale,DOCUMENTED_URGENCY,Medium,Undocumented urgency,Urgent routing was used without rationale,12714.48
VIO-001063,PR-13785,RULE-006,Unapproved vendor review,Procurement Review,High,Missing required step,Procurement Review was required but not observed,4405.25
VIO-001064,PR-14165,RULE-004,Software security review,Security Review,Critical,Missing required step,Security Review was required but not observed,22512.43
VIO-001065,PR-14165,RULE-007,Competitive bid evidence,Competitive Bid Confirmed,High,Missing required step,Competitive Bid Confirmed was required but not observed,22512.43
VIO-001066,PR-17262,RULE-009,Segregation of duties,NO_SELF_APPROVAL,Critical,Self-approval,Requester appears as an approver,36728.81
VIO-001067,PR-16216,RULE-001,Manager approval,Manager Approval,Low,Missing required step,Manager Approval was required but not observed,1724.16
VIO-001068,PR-16216,RULE-010,Vendor validation,Vendor Validation,High,Missing required step,Vendor Validation was required but not observed,1724.16
VIO-001069,PR-16216,RULE-013,International vendor legal review,Legal Review,High,Missing required step,Legal Review was required but not observed,1724.16
VIO-001070,PR-10666,RULE-003,Director approval,Director Approval,High,Missing required step,Director Approval was required but not observed,35029.44
VIO-001071,PR-15637,RULE-001,Manager approval,Manager Approval,Low,Missing required step,Manager Approval was required but not observed,8274.34
VIO-001072,PR-15637,RULE-004,Software security review,Security Review,Critical,Missing required step,Security Review was required but not observed,8274.34
VIO-001073,PR-11411,RULE-017,Urgent purchase rationale,DOCUMENTED_URGENCY,Medium,Undocumented urgency,Urgent routing was used without rationale,9262.44
VIO-001074,PR-16866,RULE-010,Vendor validation,Vendor Validation,High,Missing required step,Vendor Validation was required but not observed,9954.77
VIO-001075,PR-13329,RULE-004,Software security review,Security Review,Critical,Missing required step,Security Review was required but not observed,3445.88
VIO-001076,PR-15848,RULE-008,Approval authorization,AUTHORIZED_APPROVER,Critical,Authorization limit exceeded,"EMP-1607 approved $17,436 with a $15,000 limit",17435.87
VIO-001077,PR-15848,RULE-010,Vendor validation,Vendor Validation,High,Missing required step,Vendor Validation was required but not observed,17435.87
VIO-001078,PR-17631,RULE-002,Finance approval,Finance Approval,High,Missing required step,Finance Approval was required but not observed,11359.08
VIO-001079,PR-17061,RULE-008,Approval authorization,AUTHORIZED_APPROVER,Critical,Authorization limit exceeded,"EMP-0316 approved $6,143 with a $0 limit",6143.45
VIO-001080,PR-17061,RULE-009,Segregation of duties,NO_SELF_APPROVAL,Critical,Self-approval,Requester appears as an approver,6143.45
VIO-001081,PR-17153,RULE-004,Software security review,Security Review,Critical,Missing required step,Security Review was required but not observed,14256.39
VIO-001082,PR-16224,RULE-001,Manager approval,Manager Approval,Low,Missing required step,Manager Approval was required but not observed,11325.52
VIO-001083,PR-16224,RULE-002,Finance approval,Finance Approval,High,Missing required step,Finance Approval was required but not observed,11325.52
VIO-001084,PR-16224,RULE-006,Unapproved vendor review,Procurement Review,High,Missing required step,Procurement Review was required but not observed,11325.52
VIO-001085,PR-16224,RULE-010,Vendor validation,Vendor Validation,High,Missing required step,Vendor Validation was required but not observed,11325.52
VIO-001086,PR-11530,RULE-004,Software security review,Security Review,Critical,Missing required step,Security Review was required but not observed,14356.95
VIO-001087,PR-10619,RULE-012,PO before payment,PO_BEFORE_PAYMENT,Critical,Incorrect sequence,Payment was authorized before a purchase order was created,13438.74
VIO-001088,PR-14393,RULE-008,Approval authorization,AUTHORIZED_APPROVER,Critical,Authorization limit exceeded,"EMP-0569 approved $2,098 with a $0 limit",2097.76
VIO-001089,PR-14393,RULE-009,Segregation of duties,NO_SELF_APPROVAL,Critical,Self-approval,Requester appears as an approver,2097.76
VIO-001090,PR-11515,RULE-001,Manager approval,Manager Approval,Low,Missing required step,Manager Approval was required but not observed,5627.87
VIO-001091,PR-11515,RULE-006,Unapproved vendor review,Procurement Review,High,Missing required step,Procurement Review was required but not observed,5627.87
VIO-001092,PR-11515,RULE-010,Vendor validation,Vendor Validation,High,Missing required step,Vendor Validation was required but not observed,5627.87
VIO-001093,PR-18352,RULE-010,Vendor validation,Vendor Validation,High,Missing required step,Vendor Validation was required but not observed,5040.81
VIO-001094,PR-12558,RULE-004,Software security review,Security Review,Critical,Missing required step,Security Review was required but not observed,449.56
VIO-001095,PR-15631,RULE-012,PO before payment,PO_BEFORE_PAYMENT,Critical,Incorrect sequence,Payment was authorized before a purchase order was created,802.77
VIO-001096,PR-18289,RULE-010,Vendor validation,Vendor Validation,High,Missing required step,Vendor Validation was required but not observed,13790.16
VIO-001097,PR-14075,RULE-006,Unapproved vendor review,Procurement Review,High,Missing required step,Procurement Review was required but not observed,18031.78
VIO-001098,PR-14075,RULE-010,Vendor validation,Vendor Validation,High,Missing required step,Vendor Validation was required but not observed,18031.78
VIO-001099,PR-15954,RULE-001,Manager approval,Manager Approval,Low,Missing required step,Manager Approval was required but not observed,3115.46
VIO-001100,PR-10834,RULE-006,Unapproved vendor review,Procurement Review,High,Missing required step,Procurement Review was required but not observed,3592.66
VIO-001101,PR-16709,RULE-010,Vendor validation,Vendor Validation,High,Missing required step,Vendor Validation was required but not observed,3376.2
VIO-001102,PR-12527,RULE-001,Manager approval,Manager Approval,Low,Missing required step,Manager Approval was required but not observed,3628.35
VIO-001103,PR-12527,RULE-010,Vendor validation,Vendor Validation,High,Missing required step,Vendor Validation was required but not observed,3628.35
VIO-001104,PR-12402,RULE-001,Manager approval,Manager Approval,Low,Missing required step,Manager Approval was required but not observed,3057.04
VIO-001105,PR-12402,RULE-004,Software security review,Security Review,Critical,Missing required step,Security Review was required but not observed,3057.04
VIO-001106,PR-14129,RULE-010,Vendor validation,Vendor Validation,High,Missing required step,Vendor Validation was required but not observed,6290.36
VIO-001107,PR-15057,RULE-013,International vendor legal review,Legal Review,High,Missing required step,Legal Review was required but not observed,11014.95
VIO-001108,PR-12496,RULE-010,Vendor validation,Vendor Validation,High,Missing required step,Vendor Validation was required but not observed,1343.84
VIO-001109,PR-11963,RULE-004,Software security review,Security Review,Critical,Missing required step,Security Review was required but not observed,3367.23
VIO-001110,PR-11838,RULE-001,Manager approval,Manager Approval,Low,Missing required step,Manager Approval was required but not observed,8067.5
VIO-001111,PR-10288,RULE-006,Unapproved vendor review,Procurement Review,High,Missing required step,Procurement Review was required but not observed,3165.51
VIO-001112,PR-12918,RULE-003,Director approval,Director Approval,High,Missing required step,Director Approval was required but not observed,38463.7
VIO-001113,PR-12918,RULE-007,Competitive bid evidence,Competitive Bid Confirmed,High,Missing required step,Competitive Bid Confirmed was required but not observed,38463.7
VIO-001114,PR-13661,RULE-010,Vendor validation,Vendor Validation,High,Missing required step,Vendor Validation was required but not observed,1923.3
VIO-001115,PR-14233,RULE-010,Vendor validation,Vendor Validation,High,Missing required step,Vendor Validation was required but not observed,17557.49
VIO-001116,PR-13755,RULE-008,Approval authorization,AUTHORIZED_APPROVER,Critical,Authorization limit exceeded,"EMP-0575 approved $5,939 with a $0 limit",5938.98
VIO-001117,PR-13755,RULE-009,Segregation of duties,NO_SELF_APPROVAL,Critical,Self-approval,Requester appears as an approver,5938.98
VIO-001118,PR-18379,RULE-008,Approval authorization,AUTHORIZED_APPROVER,Critical,Authorization limit exceeded,"EMP-0508 approved $5,035 with a $0 limit",5035.19
VIO-001119,PR-18379,RULE-009,Segregation of duties,NO_SELF_APPROVAL,Critical,Self-approval,Requester appears as an approver,5035.19
VIO-001120,PR-17086,RULE-004,Software security review,Security Review,Critical,Missing required step,Security Review was required but not observed,5401.01
VIO-001121,PR-17086,RULE-014,High-risk security review,Security Review,Critical,Missing required step,Security Review was required but not observed,5401.01
VIO-001122,PR-16158,RULE-009,Segregation of duties,NO_SELF_APPROVAL,Critical,Self-approval,Requester appears as an approver,1803.85
VIO-001123,PR-12935,RULE-010,Vendor validation,Vendor Validation,High,Missing required step,Vendor Validation was required but not observed,19674.17
VIO-001124,PR-12935,RULE-017,Urgent purchase rationale,DOCUMENTED_URGENCY,Medium,Undocumented urgency,Urgent routing was used without rationale,19674.17
VIO-001125,PR-11240,RULE-017,Urgent purchase rationale,DOCUMENTED_URGENCY,Medium,Undocumented urgency,Urgent routing was used without rationale,10148.82
VIO-001126,PR-10112,RULE-017,Urgent purchase rationale,DOCUMENTED_URGENCY,Medium,Undocumented urgency,Urgent routing was used without rationale,2003.41
VIO-001127,PR-17921,RULE-004,Software security review,Security Review,Critical,Missing required step,Security Review was required but not observed,10232.76
VIO-001128,PR-15458,RULE-017,Urgent purchase rationale,DOCUMENTED_URGENCY,Medium,Undocumented urgency,Urgent routing was used without rationale,631.47
VIO-001129,PR-14122,RULE-012,PO before payment,PO_BEFORE_PAYMENT,Critical,Incorrect sequence,Payment was authorized before a purchase order was created,4111.53
VIO-001130,PR-17206,RULE-008,Approval authorization,AUTHORIZED_APPROVER,Critical,Authorization limit exceeded,"EMP-0530 approved $9,420 with a $0 limit",9420.16
VIO-001131,PR-17206,RULE-009,Segregation of duties,NO_SELF_APPROVAL,Critical,Self-approval,Requester appears as an approver,9420.16
VIO-001132,PR-15708,RULE-001,Manager approval,Manager Approval,Low,Missing required step,Manager Approval was required but not observed,50006.48
VIO-001133,PR-15708,RULE-002,Finance approval,Finance Approval,High,Missing required step,Finance Approval was required but not observed,50006.48
VIO-001134,PR-15708,RULE-003,Director approval,Director Approval,High,Missing required step,Director Approval was required but not observed,50006.48
VIO-001135,PR-15708,RULE-005,High-value contract review,Legal Review,Critical,Missing required step,Legal Review was required but not observed,50006.48
VIO-001136,PR-15708,RULE-006,Unapproved vendor review,Procurement Review,High,Missing required step,Procurement Review was required but not observed,50006.48
VIO-001137,PR-15708,RULE-007,Competitive bid evidence,Competitive Bid Confirmed,High,Missing required step,Competitive Bid Confirmed was required but not observed,50006.48
VIO-001138,PR-15708,RULE-010,Vendor validation,Vendor Validation,High,Missing required step,Vendor Validation was required but not observed,50006.48
VIO-001139,PR-15708,RULE-014,High-risk security review,Security Review,Critical,Missing required step,Security Review was required but not observed,50006.48
VIO-001140,PR-15708,RULE-018,Equipment dual control,DUAL_CONTROL,High,Dual control incomplete,Both Finance and Procurement review were required,50006.48
VIO-001141,PR-12666,RULE-004,Software security review,Security Review,Critical,Missing required step,Security Review was required but not observed,16224.62
VIO-001142,PR-12559,RULE-002,Finance approval,Finance Approval,High,Missing required step,Finance Approval was required but not observed,30921.29
VIO-001143,PR-12559,RULE-018,Equipment dual control,DUAL_CONTROL,High,Dual control incomplete,Both Finance and Procurement review were required,30921.29
VIO-001144,PR-14974,RULE-010,Vendor validation,Vendor Validation,High,Missing required step,Vendor Validation was required but not observed,1724.4
VIO-001145,PR-12338,RULE-017,Urgent purchase rationale,DOCUMENTED_URGENCY,Medium,Undocumented urgency,Urgent routing was used without rationale,3016.89
VIO-001146,PR-12915,RULE-004,Software security review,Security Review,Critical,Missing required step,Security Review was required but not observed,6688.35
VIO-001147,PR-11547,RULE-002,Finance approval,Finance Approval,High,Missing required step,Finance Approval was required but not observed,24852.75
VIO-001148,PR-16673,RULE-001,Manager approval,Manager Approval,Low,Missing required step,Manager Approval was required but not observed,1858.5
VIO-001149,PR-15003,RULE-008,Approval authorization,AUTHORIZED_APPROVER,Critical,Authorization limit exceeded,"EMP-0577 approved $11,699 with a $0 limit",11699.42
VIO-001150,PR-15003,RULE-009,Segregation of duties,NO_SELF_APPROVAL,Critical,Self-approval,Requester appears as an approver,11699.42
VIO-001151,PR-11526,RULE-018,Equipment dual control,DUAL_CONTROL,High,Dual control incomplete,Both Finance and Procurement review were required,141694.26
VIO-001152,PR-10772,RULE-010,Vendor validation,Vendor Validation,High,Missing required step,Vendor Validation was required but not observed,9957.64
VIO-001153,PR-18249,RULE-017,Urgent purchase rationale,DOCUMENTED_URGENCY,Medium,Undocumented urgency,Urgent routing was used without rationale,2724.97
VIO-001154,PR-14241,RULE-013,International vendor legal review,Legal Review,High,Missing required step,Legal Review was required but not observed,2149.66
VIO-001155,PR-18306,RULE-003,Director approval,Director Approval,High,Missing required step,Director Approval was required but not observed,51542.31
VIO-001156,PR-18306,RULE-005,High-value contract review,Legal Review,Critical,Missing required step,Legal Review was required but not observed,51542.31
VIO-001157,PR-16487,RULE-008,Approval authorization,AUTHORIZED_APPROVER,Critical,Authorization limit exceeded,"EMP-1999 approved $1,412 with a $0 limit",1412.35
VIO-001158,PR-16487,RULE-009,Segregation of duties,NO_SELF_APPROVAL,Critical,Self-approval,Requester appears as an approver,1412.35
VIO-001159,PR-16056,RULE-015,Contractor procurement review,Procurement Review,High,Missing required step,Procurement Review was required but not observed,1386.69
VIO-001160,PR-11872,RULE-004,Software security review,Security Review,Critical,Missing required step,Security Review was required but not observed,1729.22
VIO-001161,PR-13734,RULE-012,PO before payment,PO_BEFORE_PAYMENT,Critical,Incorrect sequence,Payment was authorized before a purchase order was created,4300.85
VIO-001162,PR-14701,RULE-008,Approval authorization,AUTHORIZED_APPROVER,Critical,Authorization limit exceeded,"EMP-0586 approved $2,978 with a $0 limit",2977.6
VIO-001163,PR-14701,RULE-009,Segregation of duties,NO_SELF_APPROVAL,Critical,Self-approval,Requester appears as an approver,2977.6
VIO-001164,PR-17911,RULE-008,Approval authorization,AUTHORIZED_APPROVER,Critical,Authorization limit exceeded,"EMP-0690 approved $4,741 with a $0 limit",4741.39
VIO-001165,PR-17911,RULE-009,Segregation of duties,NO_SELF_APPROVAL,Critical,Self-approval,Requester appears as an approver,4741.39
VIO-001166,PR-12669,RULE-012,PO before payment,PO_BEFORE_PAYMENT,Critical,Incorrect sequence,Payment was authorized before a purchase order was created,11915.47
VIO-001167,PR-10187,RULE-006,Unapproved vendor review,Procurement Review,High,Missing required step,Procurement Review was required but not observed,5873.79
VIO-001168,PR-13835,RULE-008,Approval authorization,AUTHORIZED_APPROVER,Critical,Authorization limit exceeded,"EMP-0911 approved $1,596 with a $0 limit",1596.15
VIO-001169,PR-13835,RULE-009,Segregation of duties,NO_SELF_APPROVAL,Critical,Self-approval,Requester appears as an approver,1596.15
VIO-001170,PR-13378,RULE-001,Manager approval,Manager Approval,Low,Missing required step,Manager Approval was required but not observed,3974.56
VIO-001171,PR-17037,RULE-005,High-value contract review,Legal Review,Critical,Missing required step,Legal Review was required but not observed,54898.72
VIO-001172,PR-17349,RULE-012,PO before payment,PO_BEFORE_PAYMENT,Critical,Incorrect sequence,Payment was authorized before a purchase order was created,21245.97
VIO-001173,PR-17349,RULE-015,Contractor procurement review,Procurement Review,High,Missing required step,Procurement Review was required but not observed,21245.97
VIO-001174,PR-16588,RULE-004,Software security review,Security Review,Critical,Missing required step,Security Review was required but not observed,1443.36
VIO-001175,PR-11096,RULE-001,Manager approval,Manager Approval,Low,Missing required step,Manager Approval was required but not observed,2265.92
VIO-001176,PR-11096,RULE-004,Software security review,Security Review,Critical,Missing required step,Security Review was required but not observed,2265.92
VIO-001177,PR-18014,RULE-008,Approval authorization,AUTHORIZED_APPROVER,Critical,Authorization limit exceeded,"EMP-1640 approved $17,773 with a $0 limit",17772.99
VIO-001178,PR-18014,RULE-009,Segregation of duties,NO_SELF_APPROVAL,Critical,Self-approval,Requester appears as an approver,17772.99
VIO-001179,PR-15013,RULE-004,Software security review,Security Review,Critical,Missing required step,Security Review was required but not observed,16192.1
VIO-001180,PR-16466,RULE-006,Unapproved vendor review,Procurement Review,High,Missing required step,Procurement Review was required but not observed,3178.29
VIO-001181,PR-10015,RULE-006,Unapproved vendor review,Procurement Review,High,Missing required step,Procurement Review was required but not observed,2390.52
VIO-001182,PR-11192,RULE-017,Urgent purchase rationale,DOCUMENTED_URGENCY,Medium,Undocumented urgency,Urgent routing was used without rationale,836.41
VIO-001183,PR-16836,RULE-004,Software security review,Security Review,Critical,Missing required step,Security Review was required but not observed,1063.41
VIO-001184,PR-16836,RULE-014,High-risk security review,Security Review,Critical,Missing required step,Security Review was required but not observed,1063.41
VIO-001185,PR-16293,RULE-017,Urgent purchase rationale,DOCUMENTED_URGENCY,Medium,Undocumented urgency,Urgent routing was used without rationale,6547.94
VIO-001186,PR-15923,RULE-008,Approval authorization,AUTHORIZED_APPROVER,Critical,Authorization limit exceeded,"EMP-0923 approved $7,672 with a $0 limit",7671.75
VIO-001187,PR-15923,RULE-009,Segregation of duties,NO_SELF_APPROVAL,Critical,Self-approval,Requester appears as an approver,7671.75
VIO-001188,PR-18495,RULE-002,Finance approval,Finance Approval,High,Missing required step,Finance Approval was required but not observed,22149.0
VIO-001189,PR-18495,RULE-004,Software security review,Security Review,Critical,Missing required step,Security Review was required but not observed,22149.0
VIO-001190,PR-11632,RULE-004,Software security review,Security Review,Critical,Missing required step,Security Review was required but not observed,28146.93
VIO-001191,PR-11632,RULE-008,Approval authorization,AUTHORIZED_APPROVER,Critical,Authorization limit exceeded,"EMP-0003 approved $28,147 with a $25,000 limit",28146.93
VIO-001192,PR-17421,RULE-007,Competitive bid evidence,Competitive Bid Confirmed,High,Missing required step,Competitive Bid Confirmed was required but not observed,21269.94
VIO-001193,PR-12735,RULE-012,PO before payment,PO_BEFORE_PAYMENT,Critical,Incorrect sequence,Payment was authorized before a purchase order was created,8130.51
VIO-001194,PR-12086,RULE-002,Finance approval,Finance Approval,High,Missing required step,Finance Approval was required but not observed,16235.11
VIO-001195,PR-12086,RULE-016,Travel finance threshold,Finance Approval,Medium,Missing required step,Finance Approval was required but not observed,16235.11
VIO-001196,PR-16827,RULE-003,Director approval,Director Approval,High,Missing required step,Director Approval was required but not observed,48930.61
VIO-001197,PR-16518,RULE-008,Approval authorization,AUTHORIZED_APPROVER,Critical,Authorization limit exceeded,"EMP-0758 approved $4,350 with a $0 limit",4350.02
VIO-001198,PR-16518,RULE-009,Segregation of duties,NO_SELF_APPROVAL,Critical,Self-approval,Requester appears as an approver,4350.02
VIO-001199,PR-10136,RULE-008,Approval authorization,AUTHORIZED_APPROVER,Critical,Authorization limit exceeded,"EMP-0711 approved $1,872 with a $0 limit",1872.36
VIO-001200,PR-10136,RULE-009,Segregation of duties,NO_SELF_APPROVAL,Critical,Self-approval,Requester appears as an approver,1872.36
VIO-001201,PR-12678,RULE-008,Approval authorization,AUTHORIZED_APPROVER,Critical,Authorization limit exceeded,"EMP-0517 approved $6,558 with a $0 limit",6558.25
VIO-001202,PR-12678,RULE-009,Segregation of duties,NO_SELF_APPROVAL,Critical,Self-approval,Requester appears as an approver,6558.25
VIO-001203,PR-15983,RULE-012,PO before payment,PO_BEFORE_PAYMENT,Critical,Incorrect sequence,Payment was authorized before a purchase order was created,14735.43
VIO-001204,PR-17592,RULE-017,Urgent purchase rationale,DOCUMENTED_URGENCY,Medium,Undocumented urgency,Urgent routing was used without rationale,3863.82
VIO-001205,PR-12049,RULE-001,Manager approval,Manager Approval,Low,Missing required step,Manager Approval was required but not observed,2360.23
VIO-001206,PR-12049,RULE-015,Contractor procurement review,Procurement Review,High,Missing required step,Procurement Review was required but not observed,2360.23
VIO-001207,PR-12605,RULE-013,International vendor legal review,Legal Review,High,Missing required step,Legal Review was required but not observed,9957.91
VIO-001208,PR-13627,RULE-013,International vendor legal review,Legal Review,High,Missing required step,Legal Review was required but not observed,2715.22
VIO-001209,PR-15568,RULE-001,Manager approval,Manager Approval,Low,Missing required step,Manager Approval was required but not observed,1564.47
VIO-001210,PR-11165,RULE-015,Contractor procurement review,Procurement Review,High,Missing required step,Procurement Review was required but not observed,4799.93
VIO-001211,PR-11102,RULE-018,Equipment dual control,DUAL_CONTROL,High,Dual control incomplete,Both Finance and Procurement review were required,46367.19
VIO-001212,PR-10763,RULE-006,Unapproved vendor review,Procurement Review,High,Missing required step,Procurement Review was required but not observed,17405.24
VIO-001213,PR-12674,RULE-001,Manager approval,Manager Approval,Low,Missing required step,Manager Approval was required but not observed,2659.68
VIO-001214,PR-12264,RULE-012,PO before payment,PO_BEFORE_PAYMENT,Critical,Incorrect sequence,Payment was authorized before a purchase order was created,23587.75
VIO-001215,PR-12436,RULE-001,Manager approval,Manager Approval,Low,Missing required step,Manager Approval was required but not observed,5648.31
VIO-001216,PR-12436,RULE-004,Software security review,Security Review,Critical,Missing required step,Security Review was required but not observed,5648.31
VIO-001217,PR-11009,RULE-013,International vendor legal review,Legal Review,High,Missing required step,Legal Review was required but not observed,4652.1
VIO-001218,PR-17184,RULE-006,Unapproved vendor review,Procurement Review,High,Missing required step,Procurement Review was required but not observed,7873.93
VIO-001219,PR-17184,RULE-015,Contractor procurement review,Procurement Review,High,Missing required step,Procurement Review was required but not observed,7873.93
VIO-001220,PR-17184,RULE-017,Urgent purchase rationale,DOCUMENTED_URGENCY,Medium,Undocumented urgency,Urgent routing was used without rationale,7873.93
VIO-001221,PR-13302,RULE-006,Unapproved vendor review,Procurement Review,High,Missing required step,Procurement Review was required but not observed,7214.71
VIO-001222,PR-13302,RULE-015,Contractor procurement review,Procurement Review,High,Missing required step,Procurement Review was required but not observed,7214.71
VIO-001223,PR-13302,RULE-017,Urgent purchase rationale,DOCUMENTED_URGENCY,Medium,Undocumented urgency,Urgent routing was used without rationale,7214.71
VIO-001224,PR-18071,RULE-004,Software security review,Security Review,Critical,Missing required step,Security Review was required but not observed,10334.61
VIO-001225,PR-10268,RULE-001,Manager approval,Manager Approval,Low,Missing required step,Manager Approval was required but not observed,2069.62
VIO-001226,PR-10268,RULE-004,Software security review,Security Review,Critical,Missing required step,Security Review was required but not observed,2069.62
VIO-001227,PR-16833,RULE-006,Unapproved vendor review,Procurement Review,High,Missing required step,Procurement Review was required but not observed,1612.16
VIO-001228,PR-16833,RULE-009,Segregation of duties,NO_SELF_APPROVAL,Critical,Self-approval,Requester appears as an approver,1612.16
VIO-001229,PR-18176,RULE-017,Urgent purchase rationale,DOCUMENTED_URGENCY,Medium,Undocumented urgency,Urgent routing was used without rationale,3671.99
VIO-001230,PR-15770,RULE-001,Manager approval,Manager Approval,Low,Missing required step,Manager Approval was required but not observed,19845.81
VIO-001231,PR-15770,RULE-002,Finance approval,Finance Approval,High,Missing required step,Finance Approval was required but not observed,19845.81
VIO-001232,PR-15770,RULE-015,Contractor procurement review,Procurement Review,High,Missing required step,Procurement Review was required but not observed,19845.81
VIO-001233,PR-18364,RULE-001,Manager approval,Manager Approval,Low,Missing required step,Manager Approval was required but not observed,2094.4
VIO-001234,PR-14749,RULE-008,Approval authorization,AUTHORIZED_APPROVER,Critical,Authorization limit exceeded,"EMP-0538 approved $11,335 with a $0 limit",11334.6
VIO-001235,PR-14749,RULE-009,Segregation of duties,NO_SELF_APPROVAL,Critical,Self-approval,Requester appears as an approver,11334.6
VIO-001236,PR-17962,RULE-006,Unapproved vendor review,Procurement Review,High,Missing required step,Procurement Review was required but not observed,4619.73
VIO-001237,PR-16576,RULE-018,Equipment dual control,DUAL_CONTROL,High,Dual control incomplete,Both Finance and Procurement review were required,39610.63
VIO-001238,PR-17247,RULE-006,Unapproved vendor review,Procurement Review,High,Missing required step,Procurement Review was required but not observed,3550.51
VIO-001239,PR-13193,RULE-006,Unapproved vendor review,Procurement Review,High,Missing required step,Procurement Review was required but not observed,10082.28
VIO-001240,PR-13193,RULE-017,Urgent purchase rationale,DOCUMENTED_URGENCY,Medium,Undocumented urgency,Urgent routing was used without rationale,10082.28
VIO-001241,PR-11939,RULE-018,Equipment dual control,DUAL_CONTROL,High,Dual control incomplete,Both Finance and Procurement review were required,37555.17
VIO-001242,PR-16950,RULE-001,Manager approval,Manager Approval,Low,Missing required step,Manager Approval was required but not observed,4845.89
VIO-001243,PR-16950,RULE-004,Software security review,Security Review,Critical,Missing required step,Security Review was required but not observed,4845.89
VIO-001244,PR-10106,RULE-004,Software security review,Security Review,Critical,Missing required step,Security Review was required but not observed,569.84
VIO-001245,PR-15479,RULE-006,Unapproved vendor review,Procurement Review,High,Missing required step,Procurement Review was required but not observed,28833.33
VIO-001246,PR-14664,RULE-010,Vendor validation,Vendor Validation,High,Missing required step,Vendor Validation was required but not observed,7294.73
VIO-001247,PR-12442,RULE-004,Software security review,Security Review,Critical,Missing required step,Security Review was required but not observed,8418.71
VIO-001248,PR-14767,RULE-006,Unapproved vendor review,Procurement Review,High,Missing required step,Procurement Review was required but not observed,465.73
VIO-001249,PR-14767,RULE-012,PO before payment,PO_BEFORE_PAYMENT,Critical,Incorrect sequence,Payment was authorized before a purchase order was created,465.73
VIO-001250,PR-10470,RULE-008,Approval authorization,AUTHORIZED_APPROVER,Critical,Authorization limit exceeded,"EMP-1001 approved $160,000 with a $150,000 limit",160000.0
VIO-001251,PR-16526,RULE-018,Equipment dual control,DUAL_CONTROL,High,Dual control incomplete,Both Finance and Procurement review were required,41443.66
VIO-001252,PR-12800,RULE-008,Approval authorization,AUTHORIZED_APPROVER,Critical,Authorization limit exceeded,"EMP-0649 approved $128,590 with a $0 limit",128589.9
VIO-001253,PR-12800,RULE-009,Segregation of duties,NO_SELF_APPROVAL,Critical,Self-approval,Requester appears as an approver,128589.9
VIO-001254,PR-13630,RULE-004,Software security review,Security Review,Critical,Missing required step,Security Review was required but not observed,7640.4
VIO-001255,PR-15334,RULE-002,Finance approval,Finance Approval,High,Missing required step,Finance Approval was required but not observed,38465.58
VIO-001256,PR-12887,RULE-004,Software security review,Security Review,Critical,Missing required step,Security Review was required but not observed,46640.79
VIO-001257,PR-11918,RULE-006,Unapproved vendor review,Procurement Review,High,Missing required step,Procurement Review was required but not observed,3074.62
VIO-001258,PR-10161,RULE-013,International vendor legal review,Legal Review,High,Missing required step,Legal Review was required but not observed,1736.73
VIO-001259,PR-15752,RULE-010,Vendor validation,Vendor Validation,High,Missing required step,Vendor Validation was required but not observed,14957.91
VIO-001260,PR-17052,RULE-006,Unapproved vendor review,Procurement Review,High,Missing required step,Procurement Review was required but not observed,5870.95
VIO-001261,PR-11036,RULE-001,Manager approval,Manager Approval,Low,Missing required step,Manager Approval was required but not observed,3808.6
VIO-001262,PR-11036,RULE-004,Software security review,Security Review,Critical,Missing required step,Security Review was required but not observed,3808.6
VIO-001263,PR-15104,RULE-004,Software security review,Security Review,Critical,Missing required step,Security Review was required but not observed,885.13
VIO-001264,PR-15104,RULE-006,Unapproved vendor review,Procurement Review,High,Missing required step,Procurement Review was required but not observed,885.13
VIO-001265,PR-15104,RULE-010,Vendor validation,Vendor Validation,High,Missing required step,Vendor Validation was required but not observed,885.13
VIO-001266,PR-15104,RULE-013,International vendor legal review,Legal Review,High,Missing required step,Legal Review was required but not observed,885.13
VIO-001267,PR-15104,RULE-014,High-risk security review,Security Review,Critical,Missing required step,Security Review was required but not observed,885.13
VIO-001268,PR-11433,RULE-018,Equipment dual control,DUAL_CONTROL,High,Dual control incomplete,Both Finance and Procurement review were required,34356.37
VIO-001269,PR-18107,RULE-006,Unapproved vendor review,Procurement Review,High,Missing required step,Procurement Review was required but not observed,338.67
VIO-001270,PR-15372,RULE-010,Vendor validation,Vendor Validation,High,Missing required step,Vendor Validation was required but not observed,6769.1
VIO-001271,PR-10205,RULE-001,Manager approval,Manager Approval,Low,Missing required step,Manager Approval was required but not observed,1165.52
VIO-001272,PR-16203,RULE-001,Manager approval,Manager Approval,Low,Missing required step,Manager Approval was required but not observed,1184.06
VIO-001273,PR-14360,RULE-016,Travel finance threshold,Finance Approval,Medium,Missing required step,Finance Approval was required but not observed,5497.77
VIO-001274,PR-18338,RULE-004,Software security review,Security Review,Critical,Missing required step,Security Review was required but not observed,4045.38
VIO-001275,PR-18338,RULE-014,High-risk security review,Security Review,Critical,Missing required step,Security Review was required but not observed,4045.38
VIO-001276,PR-12218,RULE-006,Unapproved vendor review,Procurement Review,High,Missing required step,Procurement Review was required but not observed,2464.98
VIO-001277,PR-12218,RULE-017,Urgent purchase rationale,DOCUMENTED_URGENCY,Medium,Undocumented urgency,Urgent routing was used without rationale,2464.98
VIO-001278,PR-14576,RULE-018,Equipment dual control,DUAL_CONTROL,High,Dual control incomplete,Both Finance and Procurement review were required,69709.62
VIO-001279,PR-10129,RULE-009,Segregation of duties,NO_SELF_APPROVAL,Critical,Self-approval,Requester appears as an approver,1802.79
VIO-001280,PR-17180,RULE-012,PO before payment,PO_BEFORE_PAYMENT,Critical,Incorrect sequence,Payment was authorized before a purchase order was created,1585.67
VIO-001281,PR-16769,RULE-002,Finance approval,Finance Approval,High,Missing required step,Finance Approval was required but not observed,12440.71
VIO-001282,PR-12593,RULE-005,High-value contract review,Legal Review,Critical,Missing required step,Legal Review was required but not observed,50402.75
VIO-001283,PR-12593,RULE-018,Equipment dual control,DUAL_CONTROL,High,Dual control incomplete,Both Finance and Procurement review were required,50402.75
VIO-001284,PR-12038,RULE-004,Software security review,Security Review,Critical,Missing required step,Security Review was required but not observed,4015.28
VIO-001285,PR-18031,RULE-017,Urgent purchase rationale,DOCUMENTED_URGENCY,Medium,Undocumented urgency,Urgent routing was used without rationale,4913.73
VIO-001286,PR-16781,RULE-006,Unapproved vendor review,Procurement Review,High,Missing required step,Procurement Review was required but not observed,2675.93
VIO-001287,PR-11923,RULE-001,Manager approval,Manager Approval,Low,Missing required step,Manager Approval was required but not observed,6368.26
VIO-001288,PR-11923,RULE-006,Unapproved vendor review,Procurement Review,High,Missing required step,Procurement Review was required but not observed,6368.26
VIO-001289,PR-11923,RULE-010,Vendor validation,Vendor Validation,High,Missing required step,Vendor Validation was required but not observed,6368.26
VIO-001290,PR-11923,RULE-016,Travel finance threshold,Finance Approval,Medium,Missing required step,Finance Approval was required but not observed,6368.26
VIO-001291,PR-18170,RULE-004,Software security review,Security Review,Critical,Missing required step,Security Review was required but not observed,1707.84
VIO-001292,PR-16577,RULE-001,Manager approval,Manager Approval,Low,Missing required step,Manager Approval was required but not observed,9348.91
VIO-001293,PR-16560,RULE-008,Approval authorization,AUTHORIZED_APPROVER,Critical,Authorization limit exceeded,"EMP-0846 approved $1,802 with a $0 limit",1801.74
VIO-001294,PR-16560,RULE-009,Segregation of duties,NO_SELF_APPROVAL,Critical,Self-approval,Requester appears as an approver,1801.74
VIO-001295,PR-16719,RULE-007,Competitive bid evidence,Competitive Bid Confirmed,High,Missing required step,Competitive Bid Confirmed was required but not observed,20297.41
VIO-001296,PR-17355,RULE-004,Software security review,Security Review,Critical,Missing required step,Security Review was required but not observed,6041.71
VIO-001297,PR-13471,RULE-009,Segregation of duties,NO_SELF_APPROVAL,Critical,Self-approval,Requester appears as an approver,13044.97
VIO-001298,PR-12728,RULE-010,Vendor validation,Vendor Validation,High,Missing required step,Vendor Validation was required but not observed,16437.0
VIO-001299,PR-15891,RULE-006,Unapproved vendor review,Procurement Review,High,Missing required step,Procurement Review was required but not observed,743.43
VIO-001300,PR-16499,RULE-001,Manager approval,Manager Approval,Low,Missing required step,Manager Approval was required but not observed,2594.59
VIO-001301,PR-14114,RULE-008,Approval authorization,AUTHORIZED_APPROVER,Critical,Authorization limit exceeded,"EMP-0897 approved $4,949 with a $0 limit",4948.94
VIO-001302,PR-14114,RULE-009,Segregation of duties,NO_SELF_APPROVAL,Critical,Self-approval,Requester appears as an approver,4948.94
VIO-001303,PR-13967,RULE-001,Manager approval,Manager Approval,Low,Missing required step,Manager Approval was required but not observed,14938.86
VIO-001304,PR-13967,RULE-002,Finance approval,Finance Approval,High,Missing required step,Finance Approval was required but not observed,14938.86
VIO-001305,PR-13967,RULE-004,Software security review,Security Review,Critical,Missing required step,Security Review was required but not observed,14938.86
VIO-001306,PR-17610,RULE-004,Software security review,Security Review,Critical,Missing required step,Security Review was required but not observed,892.39
VIO-001307,PR-13727,RULE-016,Travel finance threshold,Finance Approval,Medium,Missing required step,Finance Approval was required but not observed,7423.0
VIO-001308,PR-14340,RULE-010,Vendor validation,Vendor Validation,High,Missing required step,Vendor Validation was required but not observed,4525.3
VIO-001309,PR-15445,RULE-010,Vendor validation,Vendor Validation,High,Missing required step,Vendor Validation was required but not observed,2433.43
VIO-001310,PR-16404,RULE-006,Unapproved vendor review,Procurement Review,High,Missing required step,Procurement Review was required but not observed,3330.58
VIO-001311,PR-11925,RULE-007,Competitive bid evidence,Competitive Bid Confirmed,High,Missing required step,Competitive Bid Confirmed was required but not observed,35593.03
VIO-001312,PR-13241,RULE-012,PO before payment,PO_BEFORE_PAYMENT,Critical,Incorrect sequence,Payment was authorized before a purchase order was created,14968.02
VIO-001313,PR-15361,RULE-006,Unapproved vendor review,Procurement Review,High,Missing required step,Procurement Review was required but not observed,892.65
VIO-001314,PR-10746,RULE-001,Manager approval,Manager Approval,Low,Missing required step,Manager Approval was required but not observed,2733.95
VIO-001315,PR-17013,RULE-004,Software security review,Security Review,Critical,Missing required step,Security Review was required but not observed,3853.44
VIO-001316,PR-13629,RULE-001,Manager approval,Manager Approval,Low,Missing required step,Manager Approval was required but not observed,2449.31
VIO-001317,PR-11951,RULE-004,Software security review,Security Review,Critical,Missing required step,Security Review was required but not observed,1344.22
VIO-001318,PR-12654,RULE-005,High-value contract review,Legal Review,Critical,Missing required step,Legal Review was required but not observed,64849.03
VIO-001319,PR-12654,RULE-007,Competitive bid evidence,Competitive Bid Confirmed,High,Missing required step,Competitive Bid Confirmed was required but not observed,64849.03
VIO-001320,PR-18461,RULE-001,Manager approval,Manager Approval,Low,Missing required step,Manager Approval was required but not observed,1364.24
VIO-001321,PR-18461,RULE-004,Software security review,Security Review,Critical,Missing required step,Security Review was required but not observed,1364.24
VIO-001322,PR-11903,RULE-012,PO before payment,PO_BEFORE_PAYMENT,Critical,Incorrect sequence,Payment was authorized before a purchase order was created,2630.9
VIO-001323,PR-11338,RULE-008,Approval authorization,AUTHORIZED_APPROVER,Critical,Authorization limit exceeded,"EMP-1867 approved $21,146 with a $0 limit",21146.45
VIO-001324,PR-11338,RULE-009,Segregation of duties,NO_SELF_APPROVAL,Critical,Self-approval,Requester appears as an approver,21146.45
VIO-001325,PR-10002,RULE-006,Unapproved vendor review,Procurement Review,High,Missing required step,Procurement Review was required but not observed,1786.91
VIO-001326,PR-16527,RULE-018,Equipment dual control,DUAL_CONTROL,High,Dual control incomplete,Both Finance and Procurement review were required,40316.08
VIO-001327,PR-17880,RULE-004,Software security review,Security Review,Critical,Missing required step,Security Review was required but not observed,21592.74
VIO-001328,PR-17880,RULE-007,Competitive bid evidence,Competitive Bid Confirmed,High,Missing required step,Competitive Bid Confirmed was required but not observed,21592.74
VIO-001329,PR-13656,RULE-008,Approval authorization,AUTHORIZED_APPROVER,Critical,Authorization limit exceeded,"EMP-0410 approved $159,600 with a $25,000 limit",159599.69
VIO-001330,PR-13656,RULE-018,Equipment dual control,DUAL_CONTROL,High,Dual control incomplete,Both Finance and Procurement review were required,159599.69
VIO-001331,PR-13175,RULE-001,Manager approval,Manager Approval,Low,Missing required step,Manager Approval was required but not observed,6696.92
VIO-001332,PR-12608,RULE-004,Software security review,Security Review,Critical,Missing required step,Security Review was required but not observed,8941.47
VIO-001333,PR-12608,RULE-006,Unapproved vendor review,Procurement Review,High,Missing required step,Procurement Review was required but not observed,8941.47
VIO-001334,PR-10816,RULE-001,Manager approval,Manager Approval,Low,Missing required step,Manager Approval was required but not observed,5944.0
VIO-001335,PR-15572,RULE-004,Software security review,Security Review,Critical,Missing required step,Security Review was required but not observed,2708.96
VIO-001336,PR-15764,RULE-001,Manager approval,Manager Approval,Low,Missing required step,Manager Approval was required but not observed,7053.22
VIO-001337,PR-15764,RULE-015,Contractor procurement review,Procurement Review,High,Missing required step,Procurement Review was required but not observed,7053.22
VIO-001338,PR-16660,RULE-004,Software security review,Security Review,Critical,Missing required step,Security Review was required but not observed,10902.43
VIO-001339,PR-16660,RULE-014,High-risk security review,Security Review,Critical,Missing required step,Security Review was required but not observed,10902.43
VIO-001340,PR-18375,RULE-004,Software security review,Security Review,Critical,Missing required step,Security Review was required but not observed,2782.39
VIO-001341,PR-16550,RULE-006,Unapproved vendor review,Procurement Review,High,Missing required step,Procurement Review was required but not observed,6536.96
VIO-001342,PR-11390,RULE-004,Software security review,Security Review,Critical,Missing required step,Security Review was required but not observed,27981.42
VIO-001343,PR-11390,RULE-014,High-risk security review,Security Review,Critical,Missing required step,Security Review was required but not observed,27981.42
VIO-001344,PR-18339,RULE-004,Software security review,Security Review,Critical,Missing required step,Security Review was required but not observed,10427.4
VIO-001345,PR-13073,RULE-008,Approval authorization,AUTHORIZED_APPROVER,Critical,Authorization limit exceeded,"EMP-0427 approved $9,149 with a $0 limit",9149.44
VIO-001346,PR-13073,RULE-009,Segregation of duties,NO_SELF_APPROVAL,Critical,Self-approval,Requester appears as an approver,9149.44
VIO-001347,PR-12040,RULE-002,Finance approval,Finance Approval,High,Missing required step,Finance Approval was required but not observed,74559.67
VIO-001348,PR-10404,RULE-006,Unapproved vendor review,Procurement Review,High,Missing required step,Procurement Review was required but not observed,537.06
VIO-001349,PR-10404,RULE-010,Vendor validation,Vendor Validation,High,Missing required step,Vendor Validation was required but not observed,537.06
VIO-001350,PR-10404,RULE-013,International vendor legal review,Legal Review,High,Missing required step,Legal Review was required but not observed,537.06
VIO-001351,PR-17978,RULE-006,Unapproved vendor review,Procurement Review,High,Missing required step,Procurement Review was required but not observed,2244.92
VIO-001352,PR-12186,RULE-006,Unapproved vendor review,Procurement Review,High,Missing required step,Procurement Review was required but not observed,4631.71
VIO-001353,PR-12186,RULE-010,Vendor validation,Vendor Validation,High,Missing required step,Vendor Validation was required but not observed,4631.71
VIO-001354,PR-14026,RULE-008,Approval authorization,AUTHORIZED_APPROVER,Critical,Authorization limit exceeded,"EMP-0947 approved $9,007 with a $0 limit",9007.47
VIO-001355,PR-14026,RULE-009,Segregation of duties,NO_SELF_APPROVAL,Critical,Self-approval,Requester appears as an approver,9007.47
VIO-001356,PR-16375,RULE-006,Unapproved vendor review,Procurement Review,High,Missing required step,Procurement Review was required but not observed,17288.79
VIO-001357,PR-12576,RULE-001,Manager approval,Manager Approval,Low,Missing required step,Manager Approval was required but not observed,5273.52
VIO-001358,PR-12576,RULE-016,Travel finance threshold,Finance Approval,Medium,Missing required step,Finance Approval was required but not observed,5273.52
VIO-001359,PR-14175,RULE-004,Software security review,Security Review,Critical,Missing required step,Security Review was required but not observed,7144.56
VIO-001360,PR-16619,RULE-010,Vendor validation,Vendor Validation,High,Missing required step,Vendor Validation was required but not observed,12384.84
VIO-001361,PR-10883,RULE-010,Vendor validation,Vendor Validation,High,Missing required step,Vendor Validation was required but not observed,4899.67
VIO-001362,PR-12507,RULE-008,Approval authorization,AUTHORIZED_APPROVER,Critical,Authorization limit exceeded,"EMP-0658 approved $8,619 with a $0 limit",8619.04
VIO-001363,PR-12507,RULE-009,Segregation of duties,NO_SELF_APPROVAL,Critical,Self-approval,Requester appears as an approver,8619.04
VIO-001364,PR-14043,RULE-014,High-risk security review,Security Review,Critical,Missing required step,Security Review was required but not observed,2155.65
VIO-001365,PR-10517,RULE-001,Manager approval,Manager Approval,Low,Missing required step,Manager Approval was required but not observed,21237.14
VIO-001366,PR-10517,RULE-002,Finance approval,Finance Approval,High,Missing required step,Finance Approval was required but not observed,21237.14
VIO-001367,PR-10517,RULE-007,Competitive bid evidence,Competitive Bid Confirmed,High,Missing required step,Competitive Bid Confirmed was required but not observed,21237.14
VIO-001368,PR-17957,RULE-002,Finance approval,Finance Approval,High,Missing required step,Finance Approval was required but not observed,24863.36
VIO-001369,PR-14236,RULE-004,Software security review,Security Review,Critical,Missing required step,Security Review was required but not observed,1249.62
VIO-001370,PR-16229,RULE-010,Vendor validation,Vendor Validation,High,Missing required step,Vendor Validation was required but not observed,6567.66
VIO-001371,PR-13482,RULE-004,Software security review,Security Review,Critical,Missing required step,Security Review was required but not observed,3936.53
VIO-001372,PR-13482,RULE-014,High-risk security review,Security Review,Critical,Missing required step,Security Review was required but not observed,3936.53
VIO-001373,PR-14574,RULE-004,Software security review,Security Review,Critical,Missing required step,Security Review was required but not observed,4329.23
VIO-001374,PR-12797,RULE-001,Manager approval,Manager Approval,Low,Missing required step,Manager Approval was required but not observed,11024.43
VIO-001375,PR-14235,RULE-001,Manager approval,Manager Approval,Low,Missing required step,Manager Approval was required but not observed,1457.36
VIO-001376,PR-14235,RULE-010,Vendor validation,Vendor Validation,High,Missing required step,Vendor Validation was required but not observed,1457.36
VIO-001377,PR-12501,RULE-007,Competitive bid evidence,Competitive Bid Confirmed,High,Missing required step,Competitive Bid Confirmed was required but not observed,40909.87
VIO-001378,PR-17516,RULE-001,Manager approval,Manager Approval,Low,Missing required step,Manager Approval was required but not observed,1910.13
VIO-001379,PR-17516,RULE-004,Software security review,Security Review,Critical,Missing required step,Security Review was required but not observed,1910.13
VIO-001380,PR-12309,RULE-001,Manager approval,Manager Approval,Low,Missing required step,Manager Approval was required but not observed,3264.38
VIO-001381,PR-18361,RULE-014,High-risk security review,Security Review,Critical,Missing required step,Security Review was required but not observed,2048.56
VIO-001382,PR-14211,RULE-006,Unapproved vendor review,Procurement Review,High,Missing required step,Procurement Review was required but not observed,8639.31
VIO-001383,PR-11220,RULE-001,Manager approval,Manager Approval,Low,Missing required step,Manager Approval was required but not observed,1534.94
VIO-001384,PR-13680,RULE-001,Manager approval,Manager Approval,Low,Missing required step,Manager Approval was required but not observed,7327.9
VIO-001385,PR-13680,RULE-004,Software security review,Security Review,Critical,Missing required step,Security Review was required but not observed,7327.9
VIO-001386,PR-14915,RULE-002,Finance approval,Finance Approval,High,Missing required step,Finance Approval was required but not observed,12276.47
VIO-001387,PR-10778,RULE-012,PO before payment,PO_BEFORE_PAYMENT,Critical,Incorrect sequence,Payment was authorized before a purchase order was created,4607.01
VIO-001388,PR-10306,RULE-015,Contractor procurement review,Procurement Review,High,Missing required step,Procurement Review was required but not observed,19428.68
VIO-001389,PR-10306,RULE-017,Urgent purchase rationale,DOCUMENTED_URGENCY,Medium,Undocumented urgency,Urgent routing was used without rationale,19428.68
VIO-001390,PR-10079,RULE-010,Vendor validation,Vendor Validation,High,Missing required step,Vendor Validation was required but not observed,9695.95
VIO-001391,PR-14430,RULE-018,Equipment dual control,DUAL_CONTROL,High,Dual control incomplete,Both Finance and Procurement review were required,35454.35
VIO-001392,PR-16087,RULE-008,Approval authorization,AUTHORIZED_APPROVER,Critical,Authorization limit exceeded,"EMP-0531 approved $14,831 with a $0 limit",14830.57
VIO-001393,PR-16087,RULE-009,Segregation of duties,NO_SELF_APPROVAL,Critical,Self-approval,Requester appears as an approver,14830.57
VIO-001394,PR-11770,RULE-001,Manager approval,Manager Approval,Low,Missing required step,Manager Approval was required but not observed,17137.6
VIO-001395,PR-15364,RULE-008,Approval authorization,AUTHORIZED_APPROVER,Critical,Authorization limit exceeded,"EMP-0433 approved $7,842 with a $0 limit",7842.31
VIO-001396,PR-15364,RULE-009,Segregation of duties,NO_SELF_APPROVAL,Critical,Self-approval,Requester appears as an approver,7842.31
VIO-001397,PR-14700,RULE-001,Manager approval,Manager Approval,Low,Missing required step,Manager Approval was required but not observed,14430.95
VIO-001398,PR-14700,RULE-002,Finance approval,Finance Approval,High,Missing required step,Finance Approval was required but not observed,14430.95
VIO-001399,PR-14700,RULE-006,Unapproved vendor review,Procurement Review,High,Missing required step,Procurement Review was required but not observed,14430.95
VIO-001400,PR-14700,RULE-010,Vendor validation,Vendor Validation,High,Missing required step,Vendor Validation was required but not observed,14430.95
VIO-001401,PR-10564,RULE-002,Finance approval,Finance Approval,High,Missing required step,Finance Approval was required but not observed,12197.25
VIO-001402,PR-18009,RULE-018,Equipment dual control,DUAL_CONTROL,High,Dual control incomplete,Both Finance and Procurement review were required,35559.61
VIO-001403,PR-15117,RULE-003,Director approval,Director Approval,High,Missing required step,Director Approval was required but not observed,36385.35
VIO-001404,PR-15117,RULE-008,Approval authorization,AUTHORIZED_APPROVER,Critical,Authorization limit exceeded,"EMP-0050 approved $36,385 with a $0 limit",36385.35
VIO-001405,PR-15117,RULE-009,Segregation of duties,NO_SELF_APPROVAL,Critical,Self-approval,Requester appears as an approver,36385.35
VIO-001406,PR-15117,RULE-017,Urgent purchase rationale,DOCUMENTED_URGENCY,Medium,Undocumented urgency,Urgent routing was used without rationale,36385.35
VIO-001407,PR-12804,RULE-007,Competitive bid evidence,Competitive Bid Confirmed,High,Missing required step,Competitive Bid Confirmed was required but not observed,22684.23
VIO-001408,PR-12748,RULE-004,Software security review,Security Review,Critical,Missing required step,Security Review was required but not observed,13924.54
VIO-001409,PR-12748,RULE-014,High-risk security review,Security Review,Critical,Missing required step,Security Review was required but not observed,13924.54
VIO-001410,PR-15255,RULE-006,Unapproved vendor review,Procurement Review,High,Missing required step,Procurement Review was required but not observed,2642.39
VIO-001411,PR-13744,RULE-003,Director approval,Director Approval,High,Missing required step,Director Approval was required but not observed,45693.23
VIO-001412,PR-13744,RULE-010,Vendor validation,Vendor Validation,High,Missing required step,Vendor Validation was required but not observed,45693.23
VIO-001413,PR-13688,RULE-002,Finance approval,Finance Approval,High,Missing required step,Finance Approval was required but not observed,17940.22
VIO-001414,PR-17587,RULE-012,PO before payment,PO_BEFORE_PAYMENT,Critical,Incorrect sequence,Payment was authorized before a purchase order was created,11877.99
VIO-001415,PR-14577,RULE-010,Vendor validation,Vendor Validation,High,Missing required step,Vendor Validation was required but not observed,6125.67
VIO-001416,PR-12745,RULE-012,PO before payment,PO_BEFORE_PAYMENT,Critical,Incorrect sequence,Payment was authorized before a purchase order was created,2201.35
VIO-001417,PR-17054,RULE-001,Manager approval,Manager Approval,Low,Missing required step,Manager Approval was required but not observed,8659.64
VIO-001418,PR-18168,RULE-008,Approval authorization,AUTHORIZED_APPROVER,Critical,Authorization limit exceeded,"EMP-0939 approved $6,575 with a $0 limit",6575.02
VIO-001419,PR-18168,RULE-009,Segregation of duties,NO_SELF_APPROVAL,Critical,Self-approval,Requester appears as an approver,6575.02
VIO-001420,PR-11683,RULE-010,Vendor validation,Vendor Validation,High,Missing required step,Vendor Validation was required but not observed,567.33
VIO-001421,PR-15733,RULE-004,Software security review,Security Review,Critical,Missing required step,Security Review was required but not observed,1389.5
VIO-001422,PR-12093,RULE-004,Software security review,Security Review,Critical,Missing required step,Security Review was required but not observed,5454.28
VIO-001423,PR-12449,RULE-001,Manager approval,Manager Approval,Low,Missing required step,Manager Approval was required but not observed,9544.94
VIO-001424,PR-11922,RULE-001,Manager approval,Manager Approval,Low,Missing required step,Manager Approval was required but not observed,50758.35
VIO-001425,PR-11922,RULE-002,Finance approval,Finance Approval,High,Missing required step,Finance Approval was required but not observed,50758.35
VIO-001426,PR-11922,RULE-003,Director approval,Director Approval,High,Missing required step,Director Approval was required but not observed,50758.35
VIO-001427,PR-11922,RULE-005,High-value contract review,Legal Review,Critical,Missing required step,Legal Review was required but not observed,50758.35
VIO-001428,PR-11922,RULE-006,Unapproved vendor review,Procurement Review,High,Missing required step,Procurement Review was required but not observed,50758.35
VIO-001429,PR-11922,RULE-007,Competitive bid evidence,Competitive Bid Confirmed,High,Missing required step,Competitive Bid Confirmed was required but not observed,50758.35
VIO-001430,PR-11922,RULE-010,Vendor validation,Vendor Validation,High,Missing required step,Vendor Validation was required but not observed,50758.35
VIO-001431,PR-11922,RULE-014,High-risk security review,Security Review,Critical,Missing required step,Security Review was required but not observed,50758.35
VIO-001432,PR-11922,RULE-018,Equipment dual control,DUAL_CONTROL,High,Dual control incomplete,Both Finance and Procurement review were required,50758.35
VIO-001433,PR-11626,RULE-004,Software security review,Security Review,Critical,Missing required step,Security Review was required but not observed,511.49
VIO-001434,PR-11626,RULE-014,High-risk security review,Security Review,Critical,Missing required step,Security Review was required but not observed,511.49
VIO-001435,PR-17798,RULE-001,Manager approval,Manager Approval,Low,Missing required step,Manager Approval was required but not observed,20898.79
VIO-001436,PR-13185,RULE-008,Approval authorization,AUTHORIZED_APPROVER,Critical,Authorization limit exceeded,"EMP-0203 approved $66,283 with a $50,000 limit",66282.66
VIO-001437,PR-12568,RULE-012,PO before payment,PO_BEFORE_PAYMENT,Critical,Incorrect sequence,Payment was authorized before a purchase order was created,3500.96
VIO-001438,PR-13989,RULE-008,Approval authorization,AUTHORIZED_APPROVER,Critical,Authorization limit exceeded,"EMP-0106 approved $17,850 with a $0 limit",17850.33
VIO-001439,PR-13989,RULE-009,Segregation of duties,NO_SELF_APPROVAL,Critical,Self-approval,Requester appears as an approver,17850.33
VIO-001440,PR-13597,RULE-006,Unapproved vendor review,Procurement Review,High,Missing required step,Procurement Review was required but not observed,1665.78
VIO-001441,PR-17563,RULE-015,Contractor procurement review,Procurement Review,High,Missing required step,Procurement Review was required but not observed,2174.61
VIO-001442,PR-11921,RULE-001,Manager approval,Manager Approval,Low,Missing required step,Manager Approval was required but not observed,28966.56
VIO-001443,PR-11921,RULE-002,Finance approval,Finance Approval,High,Missing required step,Finance Approval was required but not observed,28966.56
VIO-001444,PR-11921,RULE-003,Director approval,Director Approval,High,Missing required step,Director Approval was required but not observed,28966.56
VIO-001445,PR-11921,RULE-004,Software security review,Security Review,Critical,Missing required step,Security Review was required but not observed,28966.56
VIO-001446,PR-11921,RULE-006,Unapproved vendor review,Procurement Review,High,Missing required step,Procurement Review was required but not observed,28966.56
VIO-001447,PR-11921,RULE-007,Competitive bid evidence,Competitive Bid Confirmed,High,Missing required step,Competitive Bid Confirmed was required but not observed,28966.56
VIO-001448,PR-11921,RULE-010,Vendor validation,Vendor Validation,High,Missing required step,Vendor Validation was required but not observed,28966.56
VIO-001449,PR-12761,RULE-007,Competitive bid evidence,Competitive Bid Confirmed,High,Missing required step,Competitive Bid Confirmed was required but not observed,20610.28
VIO-001450,PR-13443,RULE-015,Contractor procurement review,Procurement Review,High,Missing required step,Procurement Review was required but not observed,9383.68
VIO-001451,PR-10824,RULE-001,Manager approval,Manager Approval,Low,Missing required step,Manager Approval was required but not observed,3155.93
VIO-001452,PR-10824,RULE-004,Software security review,Security Review,Critical,Missing required step,Security Review was required but not observed,3155.93
VIO-001453,PR-15654,RULE-008,Approval authorization,AUTHORIZED_APPROVER,Critical,Authorization limit exceeded,"EMP-1537 approved $42,531 with a $0 limit",42531.1
VIO-001454,PR-15654,RULE-009,Segregation of duties,NO_SELF_APPROVAL,Critical,Self-approval,Requester appears as an approver,42531.1
VIO-001455,PR-17108,RULE-004,Software security review,Security Review,Critical,Missing required step,Security Review was required but not observed,12640.56
VIO-001456,PR-13586,RULE-001,Manager approval,Manager Approval,Low,Missing required step,Manager Approval was required but not observed,3215.35
VIO-001457,PR-13586,RULE-004,Software security review,Security Review,Critical,Missing required step,Security Review was required but not observed,3215.35
VIO-001458,PR-15683,RULE-004,Software security review,Security Review,Critical,Missing required step,Security Review was required but not observed,1797.22
VIO-001459,PR-17287,RULE-001,Manager approval,Manager Approval,Low,Missing required step,Manager Approval was required but not observed,4317.01
VIO-001460,PR-17287,RULE-004,Software security review,Security Review,Critical,Missing required step,Security Review was required but not observed,4317.01
VIO-001461,PR-14751,RULE-004,Software security review,Security Review,Critical,Missing required step,Security Review was required but not observed,10929.36
VIO-001462,PR-10117,RULE-004,Software security review,Security Review,Critical,Missing required step,Security Review was required but not observed,3409.51
VIO-001463,PR-12354,RULE-017,Urgent purchase rationale,DOCUMENTED_URGENCY,Medium,Undocumented urgency,Urgent routing was used without rationale,15446.98
VIO-001464,PR-11986,RULE-008,Approval authorization,AUTHORIZED_APPROVER,Critical,Authorization limit exceeded,"EMP-0812 approved $160,000 with a $25,000 limit",160000.0
VIO-001465,PR-14789,RULE-001,Manager approval,Manager Approval,Low,Missing required step,Manager Approval was required but not observed,1226.25
VIO-001466,PR-14789,RULE-006,Unapproved vendor review,Procurement Review,High,Missing required step,Procurement Review was required but not observed,1226.25
VIO-001467,PR-14789,RULE-010,Vendor validation,Vendor Validation,High,Missing required step,Vendor Validation was required but not observed,1226.25
VIO-001468,PR-14361,RULE-008,Approval authorization,AUTHORIZED_APPROVER,Critical,Authorization limit exceeded,"EMP-0998 approved $1,644 with a $0 limit",1643.73
VIO-001469,PR-14361,RULE-009,Segregation of duties,NO_SELF_APPROVAL,Critical,Self-approval,Requester appears as an approver,1643.73
VIO-001470,PR-18088,RULE-008,Approval authorization,AUTHORIZED_APPROVER,Critical,Authorization limit exceeded,"EMP-0674 approved $53,081 with a $0 limit",53081.27
VIO-001471,PR-18088,RULE-009,Segregation of duties,NO_SELF_APPROVAL,Critical,Self-approval,Requester appears as an approver,53081.27
VIO-001472,PR-16372,RULE-006,Unapproved vendor review,Procurement Review,High,Missing required step,Procurement Review was required but not observed,8652.01
VIO-001473,PR-16372,RULE-015,Contractor procurement review,Procurement Review,High,Missing required step,Procurement Review was required but not observed,8652.01
VIO-001474,PR-17440,RULE-007,Competitive bid evidence,Competitive Bid Confirmed,High,Missing required step,Competitive Bid Confirmed was required but not observed,31558.07
VIO-001475,PR-16801,RULE-004,Software security review,Security Review,Critical,Missing required step,Security Review was required but not observed,2568.88
VIO-001476,PR-10095,RULE-001,Manager approval,Manager Approval,Low,Missing required step,Manager Approval was required but not observed,9785.08
VIO-001477,PR-10095,RULE-004,Software security review,Security Review,Critical,Missing required step,Security Review was required but not observed,9785.08
VIO-001478,PR-10095,RULE-010,Vendor validation,Vendor Validation,High,Missing required step,Vendor Validation was required but not observed,9785.08
VIO-001479,PR-10095,RULE-014,High-risk security review,Security Review,Critical,Missing required step,Security Review was required but not observed,9785.08
VIO-001480,PR-18369,RULE-004,Software security review,Security Review,Critical,Missing required step,Security Review was required but not observed,6200.86
VIO-001481,PR-13152,RULE-001,Manager approval,Manager Approval,Low,Missing required step,Manager Approval was required but not observed,2382.06
VIO-001482,PR-13152,RULE-004,Software security review,Security Review,Critical,Missing required step,Security Review was required but not observed,2382.06
VIO-001483,PR-13810,RULE-006,Unapproved vendor review,Procurement Review,High,Missing required step,Procurement Review was required but not observed,4726.23
VIO-001484,PR-11687,RULE-008,Approval authorization,AUTHORIZED_APPROVER,Critical,Authorization limit exceeded,"EMP-0915 approved $5,632 with a $0 limit",5631.73
VIO-001485,PR-11687,RULE-009,Segregation of duties,NO_SELF_APPROVAL,Critical,Self-approval,Requester appears as an approver,5631.73
VIO-001486,PR-16544,RULE-001,Manager approval,Manager Approval,Low,Missing required step,Manager Approval was required but not observed,6831.72
VIO-001487,PR-15335,RULE-004,Software security review,Security Review,Critical,Missing required step,Security Review was required but not observed,5125.88
VIO-001488,PR-15390,RULE-006,Unapproved vendor review,Procurement Review,High,Missing required step,Procurement Review was required but not observed,1834.39
VIO-001489,PR-12998,RULE-010,Vendor validation,Vendor Validation,High,Missing required step,Vendor Validation was required but not observed,6061.93
VIO-001490,PR-10935,RULE-004,Software security review,Security Review,Critical,Missing required step,Security Review was required but not observed,2013.17
VIO-001491,PR-10440,RULE-004,Software security review,Security Review,Critical,Missing required step,Security Review was required but not observed,7773.9
VIO-001492,PR-10951,RULE-017,Urgent purchase rationale,DOCUMENTED_URGENCY,Medium,Undocumented urgency,Urgent routing was used without rationale,3785.6
VIO-001493,PR-14661,RULE-008,Approval authorization,AUTHORIZED_APPROVER,Critical,Authorization limit exceeded,"EMP-0573 approved $7,713 with a $0 limit",7713.39
VIO-001494,PR-14661,RULE-009,Segregation of duties,NO_SELF_APPROVAL,Critical,Self-approval,Requester appears as an approver,7713.39
VIO-001495,PR-13522,RULE-001,Manager approval,Manager Approval,Low,Missing required step,Manager Approval was required but not observed,1167.6
VIO-001496,PR-13522,RULE-010,Vendor validation,Vendor Validation,High,Missing required step,Vendor Validation was required but not observed,1167.6
VIO-001497,PR-13522,RULE-014,High-risk security review,Security Review,Critical,Missing required step,Security Review was required but not observed,1167.6
VIO-001498,PR-17158,RULE-010,Vendor validation,Vendor Validation,High,Missing required step,Vendor Validation was required but not observed,3446.56
VIO-001499,PR-12497,RULE-001,Manager approval,Manager Approval,Low,Missing required step,Manager Approval was required but not observed,8654.33
VIO-001500,PR-12497,RULE-004,Software security review,Security Review,Critical,Missing required step,Security Review was required but not observed,8654.33
VIO-001501,PR-18415,RULE-006,Unapproved vendor review,Procurement Review,High,Missing required step,Procurement Review was required but not observed,1059.26
VIO-001502,PR-15903,RULE-015,Contractor procurement review,Procurement Review,High,Missing required step,Procurement Review was required but not observed,4356.98
VIO-001503,PR-15936,RULE-001,Manager approval,Manager Approval,Low,Missing required step,Manager Approval was required but not observed,13023.08
VIO-001504,PR-15936,RULE-002,Finance approval,Finance Approval,High,Missing required step,Finance Approval was required but not observed,13023.08
VIO-001505,PR-15936,RULE-006,Unapproved vendor review,Procurement Review,High,Missing required step,Procurement Review was required but not observed,13023.08
VIO-001506,PR-15936,RULE-010,Vendor validation,Vendor Validation,High,Missing required step,Vendor Validation was required but not observed,13023.08
VIO-001507,PR-15936,RULE-014,High-risk security review,Security Review,Critical,Missing required step,Security Review was required but not observed,13023.08
VIO-001508,PR-10220,RULE-002,Finance approval,Finance Approval,High,Missing required step,Finance Approval was required but not observed,14813.13
VIO-001509,PR-16383,RULE-004,Software security review,Security Review,Critical,Missing required step,Security Review was required but not observed,1086.82
VIO-001510,PR-12577,RULE-002,Finance approval,Finance Approval,High,Missing required step,Finance Approval was required but not observed,27455.49
VIO-001511,PR-18473,RULE-012,PO before payment,PO_BEFORE_PAYMENT,Critical,Incorrect sequence,Payment was authorized before a purchase order was created,5828.22
VIO-001512,PR-16654,RULE-003,Director approval,Director Approval,High,Missing required step,Director Approval was required but not observed,51676.78
VIO-001513,PR-16654,RULE-018,Equipment dual control,DUAL_CONTROL,High,Dual control incomplete,Both Finance and Procurement review were required,51676.78
VIO-001514,PR-15065,RULE-006,Unapproved vendor review,Procurement Review,High,Missing required step,Procurement Review was required but not observed,2147.98
VIO-001515,PR-12869,RULE-004,Software security review,Security Review,Critical,Missing required step,Security Review was required but not observed,10875.47
VIO-001516,PR-16019,RULE-002,Finance approval,Finance Approval,High,Missing required step,Finance Approval was required but not observed,28185.89
VIO-001517,PR-10805,RULE-004,Software security review,Security Review,Critical,Missing required step,Security Review was required but not observed,23521.43
VIO-001518,PR-10805,RULE-014,High-risk security review,Security Review,Critical,Missing required step,Security Review was required but not observed,23521.43
VIO-001519,PR-18365,RULE-002,Finance approval,Finance Approval,High,Missing required step,Finance Approval was required but not observed,11697.83
VIO-001520,PR-16896,RULE-016,Travel finance threshold,Finance Approval,Medium,Missing required step,Finance Approval was required but not observed,5714.34
VIO-001521,PR-13400,RULE-015,Contractor procurement review,Procurement Review,High,Missing required step,Procurement Review was required but not observed,27392.01
VIO-001522,PR-13134,RULE-017,Urgent purchase rationale,DOCUMENTED_URGENCY,Medium,Undocumented urgency,Urgent routing was used without rationale,1612.43
VIO-001523,PR-17244,RULE-010,Vendor validation,Vendor Validation,High,Missing required step,Vendor Validation was required but not observed,619.19
VIO-001524,PR-18257,RULE-008,Approval authorization,AUTHORIZED_APPROVER,Critical,Authorization limit exceeded,"EMP-0404 approved $60,129 with a $25,000 limit",60128.89
VIO-001525,PR-17370,RULE-001,Manager approval,Manager Approval,Low,Missing required step,Manager Approval was required but not observed,1301.97
VIO-001526,PR-14846,RULE-004,Software security review,Security Review,Critical,Missing required step,Security Review was required but not observed,1716.03
VIO-001527,PR-11456,RULE-003,Director approval,Director Approval,High,Missing required step,Director Approval was required but not observed,56178.33
VIO-001528,PR-11456,RULE-018,Equipment dual control,DUAL_CONTROL,High,Dual control incomplete,Both Finance and Procurement review were required,56178.33
VIO-001529,PR-18370,RULE-001,Manager approval,Manager Approval,Low,Missing required step,Manager Approval was required but not observed,1803.95
VIO-001530,PR-10966,RULE-001,Manager approval,Manager Approval,Low,Missing required step,Manager Approval was required but not observed,1542.38
VIO-001531,PR-10966,RULE-006,Unapproved vendor review,Procurement Review,High,Missing required step,Procurement Review was required but not observed,1542.38
VIO-001532,PR-10966,RULE-010,Vendor validation,Vendor Validation,High,Missing required step,Vendor Validation was required but not observed,1542.38
VIO-001533,PR-14551,RULE-006,Unapproved vendor review,Procurement Review,High,Missing required step,Procurement Review was required but not observed,17104.57
VIO-001534,PR-13438,RULE-004,Software security review,Security Review,Critical,Missing required step,Security Review was required but not observed,1790.85
VIO-001535,PR-11969,RULE-007,Competitive bid evidence,Competitive Bid Confirmed,High,Missing required step,Competitive Bid Confirmed was required but not observed,46879.62
VIO-001536,PR-11969,RULE-008,Approval authorization,AUTHORIZED_APPROVER,Critical,Authorization limit exceeded,"EMP-0210 approved $46,880 with a $25,000 limit",46879.62
VIO-001537,PR-11969,RULE-015,Contractor procurement review,Procurement Review,High,Missing required step,Procurement Review was required but not observed,46879.62
VIO-001538,PR-11737,RULE-004,Software security review,Security Review,Critical,Missing required step,Security Review was required but not observed,5975.4
VIO-001539,PR-16354,RULE-015,Contractor procurement review,Procurement Review,High,Missing required step,Procurement Review was required but not observed,30761.46
VIO-001540,PR-16563,RULE-006,Unapproved vendor review,Procurement Review,High,Missing required step,Procurement Review was required but not observed,5457.25
VIO-001541,PR-11279,RULE-016,Travel finance threshold,Finance Approval,Medium,Missing required step,Finance Approval was required but not observed,6850.66
VIO-001542,PR-14367,RULE-001,Manager approval,Manager Approval,Low,Missing required step,Manager Approval was required but not observed,16172.95
VIO-001543,PR-14367,RULE-002,Finance approval,Finance Approval,High,Missing required step,Finance Approval was required but not observed,16172.95
VIO-001544,PR-14367,RULE-004,Software security review,Security Review,Critical,Missing required step,Security Review was required but not observed,16172.95
VIO-001545,PR-11046,RULE-008,Approval authorization,AUTHORIZED_APPROVER,Critical,Authorization limit exceeded,"EMP-0465 approved $3,478 with a $0 limit",3477.66
VIO-001546,PR-11046,RULE-009,Segregation of duties,NO_SELF_APPROVAL,Critical,Self-approval,Requester appears as an approver,3477.66
VIO-001547,PR-18003,RULE-004,Software security review,Security Review,Critical,Missing required step,Security Review was required but not observed,34344.09
VIO-001548,PR-18003,RULE-017,Urgent purchase rationale,DOCUMENTED_URGENCY,Medium,Undocumented urgency,Urgent routing was used without rationale,34344.09
VIO-001549,PR-12389,RULE-004,Software security review,Security Review,Critical,Missing required step,Security Review was required but not observed,5489.9
VIO-001550,PR-14142,RULE-001,Manager approval,Manager Approval,Low,Missing required step,Manager Approval was required but not observed,9263.8
VIO-001551,PR-13509,RULE-001,Manager approval,Manager Approval,Low,Missing required step,Manager Approval was required but not observed,7586.83
VIO-001552,PR-13509,RULE-004,Software security review,Security Review,Critical,Missing required step,Security Review was required but not observed,7586.83
VIO-001553,PR-17607,RULE-004,Software security review,Security Review,Critical,Missing required step,Security Review was required but not observed,9135.72
VIO-001554,PR-14167,RULE-001,Manager approval,Manager Approval,Low,Missing required step,Manager Approval was required but not observed,7494.3
VIO-001555,PR-14167,RULE-004,Software security review,Security Review,Critical,Missing required step,Security Review was required but not observed,7494.3
VIO-001556,PR-15027,RULE-008,Approval authorization,AUTHORIZED_APPROVER,Critical,Authorization limit exceeded,"EMP-0011 approved $56,807 with a $15,000 limit",56806.79
VIO-001557,PR-15740,RULE-001,Manager approval,Manager Approval,Low,Missing required step,Manager Approval was required but not observed,5042.59
VIO-001558,PR-15740,RULE-004,Software security review,Security Review,Critical,Missing required step,Security Review was required but not observed,5042.59
VIO-001559,PR-14663,RULE-010,Vendor validation,Vendor Validation,High,Missing required step,Vendor Validation was required but not observed,1413.52
VIO-001560,PR-12898,RULE-001,Manager approval,Manager Approval,Low,Missing required step,Manager Approval was required but not observed,15740.21
VIO-001561,PR-17334,RULE-015,Contractor procurement review,Procurement Review,High,Missing required step,Procurement Review was required but not observed,42008.52
VIO-001562,PR-11635,RULE-004,Software security review,Security Review,Critical,Missing required step,Security Review was required but not observed,1048.69
VIO-001563,PR-12457,RULE-006,Unapproved vendor review,Procurement Review,High,Missing required step,Procurement Review was required but not observed,5801.8
VIO-001564,PR-15038,RULE-015,Contractor procurement review,Procurement Review,High,Missing required step,Procurement Review was required but not observed,5144.25
VIO-001565,PR-12440,RULE-004,Software security review,Security Review,Critical,Missing required step,Security Review was required but not observed,9994.18
VIO-001566,PR-15884,RULE-008,Approval authorization,AUTHORIZED_APPROVER,Critical,Authorization limit exceeded,"EMP-0600 approved $1,657 with a $0 limit",1656.57
VIO-001567,PR-15884,RULE-009,Segregation of duties,NO_SELF_APPROVAL,Critical,Self-approval,Requester appears as an approver,1656.57
VIO-001568,PR-14490,RULE-002,Finance approval,Finance Approval,High,Missing required step,Finance Approval was required but not observed,10280.2
VIO-001569,PR-14490,RULE-004,Software security review,Security Review,Critical,Missing required step,Security Review was required but not observed,10280.2
VIO-001570,PR-14490,RULE-008,Approval authorization,AUTHORIZED_APPROVER,Critical,Authorization limit exceeded,"EMP-0151 approved $10,280 with a $0 limit",10280.2
VIO-001571,PR-14490,RULE-009,Segregation of duties,NO_SELF_APPROVAL,Critical,Self-approval,Requester appears as an approver,10280.2
VIO-001572,PR-13651,RULE-004,Software security review,Security Review,Critical,Missing required step,Security Review was required but not observed,21113.85
VIO-001573,PR-16501,RULE-008,Approval authorization,AUTHORIZED_APPROVER,Critical,Authorization limit exceeded,"EMP-0155 approved $8,967 with a $0 limit",8967.01
VIO-001574,PR-16501,RULE-009,Segregation of duties,NO_SELF_APPROVAL,Critical,Self-approval,Requester appears as an approver,8967.01
VIO-001575,PR-16186,RULE-008,Approval authorization,AUTHORIZED_APPROVER,Critical,Authorization limit exceeded,"EMP-0544 approved $5,190 with a $0 limit",5190.03
VIO-001576,PR-16186,RULE-009,Segregation of duties,NO_SELF_APPROVAL,Critical,Self-approval,Requester appears as an approver,5190.03
VIO-001577,PR-16186,RULE-016,Travel finance threshold,Finance Approval,Medium,Missing required step,Finance Approval was required but not observed,5190.03
VIO-001578,PR-15719,RULE-013,International vendor legal review,Legal Review,High,Missing required step,Legal Review was required but not observed,16988.18
VIO-001579,PR-11999,RULE-009,Segregation of duties,NO_SELF_APPROVAL,Critical,Self-approval,Requester appears as an approver,6206.96
VIO-001580,PR-10588,RULE-001,Manager approval,Manager Approval,Low,Missing required step,Manager Approval was required but not observed,18465.93
VIO-001581,PR-10588,RULE-002,Finance approval,Finance Approval,High,Missing required step,Finance Approval was required but not observed,18465.93
VIO-001582,PR-10588,RULE-010,Vendor validation,Vendor Validation,High,Missing required step,Vendor Validation was required but not observed,18465.93
VIO-001583,PR-10588,RULE-015,Contractor procurement review,Procurement Review,High,Missing required step,Procurement Review was required but not observed,18465.93
VIO-001584,PR-12973,RULE-018,Equipment dual control,DUAL_CONTROL,High,Dual control incomplete,Both Finance and Procurement review were required,42977.03
VIO-001585,PR-16564,RULE-006,Unapproved vendor review,Procurement Review,High,Missing required step,Procurement Review was required but not observed,6033.47
VIO-001586,PR-16749,RULE-003,Director approval,Director Approval,High,Missing required step,Director Approval was required but not observed,36181.97
VIO-001587,PR-11977,RULE-001,Manager approval,Manager Approval,Low,Missing required step,Manager Approval was required but not observed,24896.66
VIO-001588,PR-11977,RULE-002,Finance approval,Finance Approval,High,Missing required step,Finance Approval was required but not observed,24896.66
VIO-001589,PR-11977,RULE-004,Software security review,Security Review,Critical,Missing required step,Security Review was required but not observed,24896.66
VIO-001590,PR-11977,RULE-007,Competitive bid evidence,Competitive Bid Confirmed,High,Missing required step,Competitive Bid Confirmed was required but not observed,24896.66
VIO-001591,PR-11977,RULE-010,Vendor validation,Vendor Validation,High,Missing required step,Vendor Validation was required but not observed,24896.66
VIO-001592,PR-11977,RULE-014,High-risk security review,Security Review,Critical,Missing required step,Security Review was required but not observed,24896.66
VIO-001593,PR-13516,RULE-006,Unapproved vendor review,Procurement Review,High,Missing required step,Procurement Review was required but not observed,1872.0
VIO-001594,PR-17805,RULE-001,Manager approval,Manager Approval,Low,Missing required step,Manager Approval was required but not observed,1962.84
VIO-001595,PR-10930,RULE-001,Manager approval,Manager Approval,Low,Missing required step,Manager Approval was required but not observed,3745.29
VIO-001596,PR-13168,RULE-001,Manager approval,Manager Approval,Low,Missing required step,Manager Approval was required but not observed,12401.52
VIO-001597,PR-13168,RULE-002,Finance approval,Finance Approval,High,Missing required step,Finance Approval was required but not observed,12401.52
VIO-001598,PR-13168,RULE-015,Contractor procurement review,Procurement Review,High,Missing required step,Procurement Review was required but not observed,12401.52
VIO-001599,PR-16780,RULE-016,Travel finance threshold,Finance Approval,Medium,Missing required step,Finance Approval was required but not observed,7124.79
VIO-001600,PR-16679,RULE-008,Approval authorization,AUTHORIZED_APPROVER,Critical,Authorization limit exceeded,"EMP-0302 approved $17,135 with a $0 limit",17134.83
VIO-001601,PR-16679,RULE-009,Segregation of duties,NO_SELF_APPROVAL,Critical,Self-approval,Requester appears as an approver,17134.83
VIO-001602,PR-11877,RULE-007,Competitive bid evidence,Competitive Bid Confirmed,High,Missing required step,Competitive Bid Confirmed was required but not observed,50197.86
VIO-001603,PR-11877,RULE-008,Approval authorization,AUTHORIZED_APPROVER,Critical,Authorization limit exceeded,"EMP-0011 approved $50,198 with a $15,000 limit",50197.86
VIO-001604,PR-11327,RULE-001,Manager approval,Manager Approval,Low,Missing required step,Manager Approval was required but not observed,3747.68
VIO-001605,PR-13696,RULE-003,Director approval,Director Approval,High,Missing required step,Director Approval was required but not observed,27832.36
VIO-001606,PR-17374,RULE-018,Equipment dual control,DUAL_CONTROL,High,Dual control incomplete,Both Finance and Procurement review were required,38420.85
VIO-001607,PR-10438,RULE-006,Unapproved vendor review,Procurement Review,High,Missing required step,Procurement Review was required but not observed,2783.91
VIO-001608,PR-17524,RULE-006,Unapproved vendor review,Procurement Review,High,Missing required step,Procurement Review was required but not observed,1354.44
VIO-001609,PR-17524,RULE-015,Contractor procurement review,Procurement Review,High,Missing required step,Procurement Review was required but not observed,1354.44
VIO-001610,PR-12236,RULE-018,Equipment dual control,DUAL_CONTROL,High,Dual control incomplete,Both Finance and Procurement review were required,35740.82
VIO-001611,PR-16632,RULE-004,Software security review,Security Review,Critical,Missing required step,Security Review was required but not observed,727.82
VIO-001612,PR-17871,RULE-017,Urgent purchase rationale,DOCUMENTED_URGENCY,Medium,Undocumented urgency,Urgent routing was used without rationale,19700.49
VIO-001613,PR-10428,RULE-015,Contractor procurement review,Procurement Review,High,Missing required step,Procurement Review was required but not observed,6015.99
VIO-001614,PR-15293,RULE-010,Vendor validation,Vendor Validation,High,Missing required step,Vendor Validation was required but not observed,14924.32
VIO-001615,PR-11588,RULE-008,Approval authorization,AUTHORIZED_APPROVER,Critical,Authorization limit exceeded,"EMP-0792 approved $6,194 with a $0 limit",6193.86
VIO-001616,PR-11588,RULE-009,Segregation of duties,NO_SELF_APPROVAL,Critical,Self-approval,Requester appears as an approver,6193.86
VIO-001617,PR-14805,RULE-001,Manager approval,Manager Approval,Low,Missing required step,Manager Approval was required but not observed,4457.33
VIO-001618,PR-14805,RULE-010,Vendor validation,Vendor Validation,High,Missing required step,Vendor Validation was required but not observed,4457.33
VIO-001619,PR-14805,RULE-013,International vendor legal review,Legal Review,High,Missing required step,Legal Review was required but not observed,4457.33
VIO-001620,PR-17614,RULE-010,Vendor validation,Vendor Validation,High,Missing required step,Vendor Validation was required but not observed,4964.34
VIO-001621,PR-16048,RULE-002,Finance approval,Finance Approval,High,Missing required step,Finance Approval was required but not observed,26767.0
VIO-001622,PR-15854,RULE-004,Software security review,Security Review,Critical,Missing required step,Security Review was required but not observed,9732.56
VIO-001623,PR-15120,RULE-004,Software security review,Security Review,Critical,Missing required step,Security Review was required but not observed,2627.3
VIO-001624,PR-14421,RULE-010,Vendor validation,Vendor Validation,High,Missing required step,Vendor Validation was required but not observed,24517.27
VIO-001625,PR-15823,RULE-017,Urgent purchase rationale,DOCUMENTED_URGENCY,Medium,Undocumented urgency,Urgent routing was used without rationale,2122.5
VIO-001626,PR-16046,RULE-009,Segregation of duties,NO_SELF_APPROVAL,Critical,Self-approval,Requester appears as an approver,7311.37
VIO-001627,PR-14202,RULE-004,Software security review,Security Review,Critical,Missing required step,Security Review was required but not observed,3718.92
VIO-001628,PR-14202,RULE-014,High-risk security review,Security Review,Critical,Missing required step,Security Review was required but not observed,3718.92
VIO-001629,PR-12751,RULE-015,Contractor procurement review,Procurement Review,High,Missing required step,Procurement Review was required but not observed,10460.86
VIO-001630,PR-15746,RULE-009,Segregation of duties,NO_SELF_APPROVAL,Critical,Self-approval,Requester appears as an approver,2528.06
VIO-001631,PR-17078,RULE-004,Software security review,Security Review,Critical,Missing required step,Security Review was required but not observed,3591.53
VIO-001632,PR-17078,RULE-014,High-risk security review,Security Review,Critical,Missing required step,Security Review was required but not observed,3591.53
VIO-001633,PR-13784,RULE-004,Software security review,Security Review,Critical,Missing required step,Security Review was required but not observed,9569.36
VIO-001634,PR-11003,RULE-004,Software security review,Security Review,Critical,Missing required step,Security Review was required but not observed,16850.09
VIO-001635,PR-18076,RULE-002,Finance approval,Finance Approval,High,Missing required step,Finance Approval was required but not observed,160000.0
VIO-001636,PR-18076,RULE-008,Approval authorization,AUTHORIZED_APPROVER,Critical,Authorization limit exceeded,"EMP-0012 approved $160,000 with a $50,000 limit",160000.0
VIO-001637,PR-15238,RULE-002,Finance approval,Finance Approval,High,Missing required step,Finance Approval was required but not observed,11413.75
VIO-001638,PR-12802,RULE-001,Manager approval,Manager Approval,Low,Missing required step,Manager Approval was required but not observed,19244.88
VIO-001639,PR-12802,RULE-002,Finance approval,Finance Approval,High,Missing required step,Finance Approval was required but not observed,19244.88
VIO-001640,PR-12802,RULE-015,Contractor procurement review,Procurement Review,High,Missing required step,Procurement Review was required but not observed,19244.88
VIO-001641,PR-10143,RULE-004,Software security review,Security Review,Critical,Missing required step,Security Review was required but not observed,4280.55
VIO-001642,PR-13294,RULE-006,Unapproved vendor review,Procurement Review,High,Missing required step,Procurement Review was required but not observed,9349.09
VIO-001643,PR-17023,RULE-003,Director approval,Director Approval,High,Missing required step,Director Approval was required but not observed,40436.49
VIO-001644,PR-16677,RULE-001,Manager approval,Manager Approval,Low,Missing required step,Manager Approval was required but not observed,16472.66
VIO-001645,PR-16677,RULE-002,Finance approval,Finance Approval,High,Missing required step,Finance Approval was required but not observed,16472.66
VIO-001646,PR-16677,RULE-004,Software security review,Security Review,Critical,Missing required step,Security Review was required but not observed,16472.66
VIO-001647,PR-11935,RULE-009,Segregation of duties,NO_SELF_APPROVAL,Critical,Self-approval,Requester appears as an approver,9194.06
VIO-001648,PR-17987,RULE-001,Manager approval,Manager Approval,Low,Missing required step,Manager Approval was required but not observed,4499.73
VIO-001649,PR-13239,RULE-010,Vendor validation,Vendor Validation,High,Missing required step,Vendor Validation was required but not observed,3753.73
VIO-001650,PR-14573,RULE-001,Manager approval,Manager Approval,Low,Missing required step,Manager Approval was required but not observed,4790.42
VIO-001651,PR-16488,RULE-001,Manager approval,Manager Approval,Low,Missing required step,Manager Approval was required but not observed,28820.03
VIO-001652,PR-16488,RULE-002,Finance approval,Finance Approval,High,Missing required step,Finance Approval was required but not observed,28820.03
VIO-001653,PR-16488,RULE-015,Contractor procurement review,Procurement Review,High,Missing required step,Procurement Review was required but not observed,28820.03
VIO-001654,PR-16889,RULE-002,Finance approval,Finance Approval,High,Missing required step,Finance Approval was required but not observed,12338.64
VIO-001655,PR-14618,RULE-002,Finance approval,Finance Approval,High,Missing required step,Finance Approval was required but not observed,10526.57
VIO-001656,PR-13393,RULE-004,Software security review,Security Review,Critical,Missing required step,Security Review was required but not observed,3676.54
VIO-001657,PR-16421,RULE-001,Manager approval,Manager Approval,Low,Missing required step,Manager Approval was required but not observed,5258.08
VIO-001658,PR-16421,RULE-015,Contractor procurement review,Procurement Review,High,Missing required step,Procurement Review was required but not observed,5258.08
VIO-001659,PR-14603,RULE-004,Software security review,Security Review,Critical,Missing required step,Security Review was required but not observed,17042.89
VIO-001660,PR-18221,RULE-004,Software security review,Security Review,Critical,Missing required step,Security Review was required but not observed,960.82
VIO-001661,PR-13717,RULE-006,Unapproved vendor review,Procurement Review,High,Missing required step,Procurement Review was required but not observed,13085.02
VIO-001662,PR-10842,RULE-001,Manager approval,Manager Approval,Low,Missing required step,Manager Approval was required but not observed,1887.04
VIO-001663,PR-10842,RULE-004,Software security review,Security Review,Critical,Missing required step,Security Review was required but not observed,1887.04
VIO-001664,PR-10842,RULE-006,Unapproved vendor review,Procurement Review,High,Missing required step,Procurement Review was required but not observed,1887.04
VIO-001665,PR-10842,RULE-010,Vendor validation,Vendor Validation,High,Missing required step,Vendor Validation was required but not observed,1887.04
VIO-001666,PR-10842,RULE-013,International vendor legal review,Legal Review,High,Missing required step,Legal Review was required but not observed,1887.04
VIO-001667,PR-10842,RULE-014,High-risk security review,Security Review,Critical,Missing required step,Security Review was required but not observed,1887.04
VIO-001668,PR-12614,RULE-015,Contractor procurement review,Procurement Review,High,Missing required step,Procurement Review was required but not observed,42133.36
VIO-001669,PR-12110,RULE-004,Software security review,Security Review,Critical,Missing required step,Security Review was required but not observed,4280.27
VIO-001670,PR-15968,RULE-001,Manager approval,Manager Approval,Low,Missing required step,Manager Approval was required but not observed,7520.82
VIO-001671,PR-15968,RULE-010,Vendor validation,Vendor Validation,High,Missing required step,Vendor Validation was required but not observed,7520.82
VIO-001672,PR-15968,RULE-013,International vendor legal review,Legal Review,High,Missing required step,Legal Review was required but not observed,7520.82
VIO-001673,PR-17832,RULE-006,Unapproved vendor review,Procurement Review,High,Missing required step,Procurement Review was required but not observed,14591.36
VIO-001674,PR-17832,RULE-010,Vendor validation,Vendor Validation,High,Missing required step,Vendor Validation was required but not observed,14591.36
VIO-001675,PR-10913,RULE-004,Software security review,Security Review,Critical,Missing required step,Security Review was required but not observed,7482.28
VIO-001676,PR-16691,RULE-006,Unapproved vendor review,Procurement Review,High,Missing required step,Procurement Review was required but not observed,2540.64
VIO-001677,PR-13280,RULE-001,Manager approval,Manager Approval,Low,Missing required step,Manager Approval was required but not observed,8221.42
VIO-001678,PR-12379,RULE-015,Contractor procurement review,Procurement Review,High,Missing required step,Procurement Review was required but not observed,2646.74
VIO-001679,PR-16433,RULE-004,Software security review,Security Review,Critical,Missing required step,Security Review was required but not observed,3426.32
VIO-001680,PR-13095,RULE-010,Vendor validation,Vendor Validation,High,Missing required step,Vendor Validation was required but not observed,3569.7
VIO-001681,PR-12381,RULE-008,Approval authorization,AUTHORIZED_APPROVER,Critical,Authorization limit exceeded,"EMP-0716 approved $16,879 with a $0 limit",16879.1
VIO-001682,PR-12381,RULE-009,Segregation of duties,NO_SELF_APPROVAL,Critical,Self-approval,Requester appears as an approver,16879.1
VIO-001683,PR-13169,RULE-003,Director approval,Director Approval,High,Missing required step,Director Approval was required but not observed,50181.26
VIO-001684,PR-11483,RULE-007,Competitive bid evidence,Competitive Bid Confirmed,High,Missing required step,Competitive Bid Confirmed was required but not observed,25118.99
VIO-001685,PR-16428,RULE-015,Contractor procurement review,Procurement Review,High,Missing required step,Procurement Review was required but not observed,8592.2
VIO-001686,PR-17172,RULE-004,Software security review,Security Review,Critical,Missing required step,Security Review was required but not observed,34326.99
VIO-001687,PR-17172,RULE-007,Competitive bid evidence,Competitive Bid Confirmed,High,Missing required step,Competitive Bid Confirmed was required but not observed,34326.99
VIO-001688,PR-15261,RULE-001,Manager approval,Manager Approval,Low,Missing required step,Manager Approval was required but not observed,2435.95
VIO-001689,PR-15261,RULE-004,Software security review,Security Review,Critical,Missing required step,Security Review was required but not observed,2435.95
VIO-001690,PR-11814,RULE-001,Manager approval,Manager Approval,Low,Missing required step,Manager Approval was required but not observed,6467.42
VIO-001691,PR-11814,RULE-004,Software security review,Security Review,Critical,Missing required step,Security Review was required but not observed,6467.42
VIO-001692,PR-13704,RULE-006,Unapproved vendor review,Procurement Review,High,Missing required step,Procurement Review was required but not observed,5046.93
VIO-001693,PR-17727,RULE-006,Unapproved vendor review,Procurement Review,High,Missing required step,Procurement Review was required but not observed,9404.46
VIO-001694,PR-13721,RULE-007,Competitive bid evidence,Competitive Bid Confirmed,High,Missing required step,Competitive Bid Confirmed was required but not observed,22022.01
VIO-001695,PR-13022,RULE-015,Contractor procurement review,Procurement Review,High,Missing required step,Procurement Review was required but not observed,1868.87
VIO-001696,PR-16966,RULE-004,Software security review,Security Review,Critical,Missing required step,Security Review was required but not observed,6150.56
VIO-001697,PR-13046,RULE-004,Software security review,Security Review,Critical,Missing required step,Security Review was required but not observed,2427.51
VIO-001698,PR-17217,RULE-015,Contractor procurement review,Procurement Review,High,Missing required step,Procurement Review was required but not observed,5337.41
VIO-001699,PR-10589,RULE-001,Manager approval,Manager Approval,Low,Missing required step,Manager Approval was required but not observed,1946.48
VIO-001700,PR-17506,RULE-010,Vendor validation,Vendor Validation,High,Missing required step,Vendor Validation was required but not observed,2903.94
VIO-001701,PR-10826,RULE-001,Manager approval,Manager Approval,Low,Missing required step,Manager Approval was required but not observed,17954.76
VIO-001702,PR-10826,RULE-002,Finance approval,Finance Approval,High,Missing required step,Finance Approval was required but not observed,17954.76
VIO-001703,PR-10826,RULE-015,Contractor procurement review,Procurement Review,High,Missing required step,Procurement Review was required but not observed,17954.76
VIO-001704,PR-16615,RULE-004,Software security review,Security Review,Critical,Missing required step,Security Review was required but not observed,1072.42
VIO-001705,PR-17825,RULE-004,Software security review,Security Review,Critical,Missing required step,Security Review was required but not observed,9410.39
VIO-001706,PR-14905,RULE-004,Software security review,Security Review,Critical,Missing required step,Security Review was required but not observed,13554.87
VIO-001707,PR-14905,RULE-014,High-risk security review,Security Review,Critical,Missing required step,Security Review was required but not observed,13554.87
VIO-001708,PR-14497,RULE-010,Vendor validation,Vendor Validation,High,Missing required step,Vendor Validation was required but not observed,11110.68
VIO-001709,PR-14497,RULE-017,Urgent purchase rationale,DOCUMENTED_URGENCY,Medium,Undocumented urgency,Urgent routing was used without rationale,11110.68
VIO-001710,PR-11800,RULE-004,Software security review,Security Review,Critical,Missing required step,Security Review was required but not observed,56654.93
VIO-001711,PR-16678,RULE-006,Unapproved vendor review,Procurement Review,High,Missing required step,Procurement Review was required but not observed,9971.06
VIO-001712,PR-16823,RULE-014,High-risk security review,Security Review,Critical,Missing required step,Security Review was required but not observed,877.44
VIO-001713,PR-10540,RULE-002,Finance approval,Finance Approval,High,Missing required step,Finance Approval was required but not observed,15926.38
VIO-001714,PR-10583,RULE-017,Urgent purchase rationale,DOCUMENTED_URGENCY,Medium,Undocumented urgency,Urgent routing was used without rationale,14140.54
VIO-001715,PR-14623,RULE-004,Software security review,Security Review,Critical,Missing required step,Security Review was required but not observed,628.45
VIO-001716,PR-14623,RULE-010,Vendor validation,Vendor Validation,High,Missing required step,Vendor Validation was required but not observed,628.45
VIO-001717,PR-14623,RULE-014,High-risk security review,Security Review,Critical,Missing required step,Security Review was required but not observed,628.45
VIO-001718,PR-10208,RULE-001,Manager approval,Manager Approval,Low,Missing required step,Manager Approval was required but not observed,18867.71
VIO-001719,PR-10208,RULE-002,Finance approval,Finance Approval,High,Missing required step,Finance Approval was required but not observed,18867.71
VIO-001720,PR-10208,RULE-004,Software security review,Security Review,Critical,Missing required step,Security Review was required but not observed,18867.71
VIO-001721,PR-13223,RULE-006,Unapproved vendor review,Procurement Review,High,Missing required step,Procurement Review was required but not observed,1875.83
VIO-001722,PR-15792,RULE-001,Manager approval,Manager Approval,Low,Missing required step,Manager Approval was required but not observed,1882.6
VIO-001723,PR-15792,RULE-015,Contractor procurement review,Procurement Review,High,Missing required step,Procurement Review was required but not observed,1882.6
VIO-001724,PR-16943,RULE-008,Approval authorization,AUTHORIZED_APPROVER,Critical,Authorization limit exceeded,"EMP-0987 approved $7,188 with a $0 limit",7188.06
VIO-001725,PR-16943,RULE-009,Segregation of duties,NO_SELF_APPROVAL,Critical,Self-approval,Requester appears as an approver,7188.06
VIO-001726,PR-11134,RULE-012,PO before payment,PO_BEFORE_PAYMENT,Critical,Incorrect sequence,Payment was authorized before a purchase order was created,4237.6
VIO-001727,PR-18356,RULE-012,PO before payment,PO_BEFORE_PAYMENT,Critical,Incorrect sequence,Payment was authorized before a purchase order was created,4851.15
VIO-001728,PR-18356,RULE-017,Urgent purchase rationale,DOCUMENTED_URGENCY,Medium,Undocumented urgency,Urgent routing was used without rationale,4851.15
VIO-001729,PR-17291,RULE-006,Unapproved vendor review,Procurement Review,High,Missing required step,Procurement Review was required but not observed,1435.79
VIO-001730,PR-12013,RULE-001,Manager approval,Manager Approval,Low,Missing required step,Manager Approval was required but not observed,7911.09
VIO-001731,PR-12013,RULE-004,Software security review,Security Review,Critical,Missing required step,Security Review was required but not observed,7911.09
VIO-001732,PR-17741,RULE-014,High-risk security review,Security Review,Critical,Missing required step,Security Review was required but not observed,7121.9
VIO-001733,PR-11478,RULE-006,Unapproved vendor review,Procurement Review,High,Missing required step,Procurement Review was required but not observed,12093.58
VIO-001734,PR-11478,RULE-015,Contractor procurement review,Procurement Review,High,Missing required step,Procurement Review was required but not observed,12093.58
VIO-001735,PR-15657,RULE-004,Software security review,Security Review,Critical,Missing required step,Security Review was required but not observed,800.39
VIO-001736,PR-16290,RULE-001,Manager approval,Manager Approval,Low,Missing required step,Manager Approval was required but not observed,3299.68
VIO-001737,PR-12950,RULE-006,Unapproved vendor review,Procurement Review,High,Missing required step,Procurement Review was required but not observed,7642.34
VIO-001738,PR-13538,RULE-006,Unapproved vendor review,Procurement Review,High,Missing required step,Procurement Review was required but not observed,2638.34
VIO-001739,PR-13538,RULE-010,Vendor validation,Vendor Validation,High,Missing required step,Vendor Validation was required but not observed,2638.34
VIO-001740,PR-14930,RULE-006,Unapproved vendor review,Procurement Review,High,Missing required step,Procurement Review was required but not observed,3017.94
VIO-001741,PR-12074,RULE-004,Software security review,Security Review,Critical,Missing required step,Security Review was required but not observed,1861.54
VIO-001742,PR-13986,RULE-017,Urgent purchase rationale,DOCUMENTED_URGENCY,Medium,Undocumented urgency,Urgent routing was used without rationale,7980.05
VIO-001743,PR-14784,RULE-004,Software security review,Security Review,Critical,Missing required step,Security Review was required but not observed,4076.45
VIO-001744,PR-16760,RULE-004,Software security review,Security Review,Critical,Missing required step,Security Review was required but not observed,3507.15
VIO-001745,PR-11316,RULE-004,Software security review,Security Review,Critical,Missing required step,Security Review was required but not observed,3864.87
VIO-001746,PR-11316,RULE-014,High-risk security review,Security Review,Critical,Missing required step,Security Review was required but not observed,3864.87
VIO-001747,PR-11246,RULE-001,Manager approval,Manager Approval,Low,Missing required step,Manager Approval was required but not observed,55812.12
VIO-001748,PR-11246,RULE-002,Finance approval,Finance Approval,High,Missing required step,Finance Approval was required but not observed,55812.12
VIO-001749,PR-11246,RULE-003,Director approval,Director Approval,High,Missing required step,Director Approval was required but not observed,55812.12
VIO-001750,PR-11246,RULE-005,High-value contract review,Legal Review,Critical,Missing required step,Legal Review was required but not observed,55812.12
VIO-001751,PR-11246,RULE-007,Competitive bid evidence,Competitive Bid Confirmed,High,Missing required step,Competitive Bid Confirmed was required but not observed,55812.12
VIO-001752,PR-15328,RULE-013,International vendor legal review,Legal Review,High,Missing required step,Legal Review was required but not observed,5488.19
VIO-001753,PR-18188,RULE-015,Contractor procurement review,Procurement Review,High,Missing required step,Procurement Review was required but not observed,7211.12
VIO-001754,PR-16002,RULE-005,High-value contract review,Legal Review,Critical,Missing required step,Legal Review was required but not observed,65805.15
VIO-001755,PR-18345,RULE-004,Software security review,Security Review,Critical,Missing required step,Security Review was required but not observed,1939.88
VIO-001756,PR-18406,RULE-002,Finance approval,Finance Approval,High,Missing required step,Finance Approval was required but not observed,23455.65
VIO-001757,PR-10463,RULE-004,Software security review,Security Review,Critical,Missing required step,Security Review was required but not observed,3814.36
VIO-001758,PR-18177,RULE-001,Manager approval,Manager Approval,Low,Missing required step,Manager Approval was required but not observed,2474.77
VIO-001759,PR-14871,RULE-001,Manager approval,Manager Approval,Low,Missing required step,Manager Approval was required but not observed,6813.41
VIO-001760,PR-14871,RULE-004,Software security review,Security Review,Critical,Missing required step,Security Review was required but not observed,6813.41
VIO-001761,PR-13852,RULE-004,Software security review,Security Review,Critical,Missing required step,Security Review was required but not observed,2347.82
VIO-001762,PR-11993,RULE-006,Unapproved vendor review,Procurement Review,High,Missing required step,Procurement Review was required but not observed,7219.48
VIO-001763,PR-12255,RULE-002,Finance approval,Finance Approval,High,Missing required step,Finance Approval was required but not observed,12359.61
VIO-001764,PR-16020,RULE-001,Manager approval,Manager Approval,Low,Missing required step,Manager Approval was required but not observed,23768.29
VIO-001765,PR-16020,RULE-002,Finance approval,Finance Approval,High,Missing required step,Finance Approval was required but not observed,23768.29
VIO-001766,PR-16020,RULE-007,Competitive bid evidence,Competitive Bid Confirmed,High,Missing required step,Competitive Bid Confirmed was required but not observed,23768.29
VIO-001767,PR-16020,RULE-010,Vendor validation,Vendor Validation,High,Missing required step,Vendor Validation was required but not observed,23768.29
VIO-001768,PR-16020,RULE-015,Contractor procurement review,Procurement Review,High,Missing required step,Procurement Review was required but not observed,23768.29
VIO-001769,PR-18085,RULE-012,PO before payment,PO_BEFORE_PAYMENT,Critical,Incorrect sequence,Payment was authorized before a purchase order was created,3620.68
VIO-001770,PR-16558,RULE-010,Vendor validation,Vendor Validation,High,Missing required step,Vendor Validation was required but not observed,1059.03
VIO-001771,PR-10735,RULE-017,Urgent purchase rationale,DOCUMENTED_URGENCY,Medium,Undocumented urgency,Urgent routing was used without rationale,1650.64
VIO-001772,PR-12694,RULE-007,Competitive bid evidence,Competitive Bid Confirmed,High,Missing required step,Competitive Bid Confirmed was required but not observed,32495.0
VIO-001773,PR-16798,RULE-001,Manager approval,Manager Approval,Low,Missing required step,Manager Approval was required but not observed,11830.1
VIO-001774,PR-16798,RULE-002,Finance approval,Finance Approval,High,Missing required step,Finance Approval was required but not observed,11830.1
VIO-001775,PR-16798,RULE-004,Software security review,Security Review,Critical,Missing required step,Security Review was required but not observed,11830.1
VIO-001776,PR-15379,RULE-004,Software security review,Security Review,Critical,Missing required step,Security Review was required but not observed,4701.41
VIO-001777,PR-11870,RULE-008,Approval authorization,AUTHORIZED_APPROVER,Critical,Authorization limit exceeded,"EMP-1920 approved $7,829 with a $0 limit",7829.0
VIO-001778,PR-11870,RULE-009,Segregation of duties,NO_SELF_APPROVAL,Critical,Self-approval,Requester appears as an approver,7829.0
VIO-001779,PR-15310,RULE-004,Software security review,Security Review,Critical,Missing required step,Security Review was required but not observed,925.37
VIO-001780,PR-10662,RULE-006,Unapproved vendor review,Procurement Review,High,Missing required step,Procurement Review was required but not observed,3018.39
VIO-001781,PR-17143,RULE-004,Software security review,Security Review,Critical,Missing required step,Security Review was required but not observed,1409.01
VIO-001782,PR-14189,RULE-012,PO before payment,PO_BEFORE_PAYMENT,Critical,Incorrect sequence,Payment was authorized before a purchase order was created,1420.68
VIO-001783,PR-12390,RULE-008,Approval authorization,AUTHORIZED_APPROVER,Critical,Authorization limit exceeded,"EMP-0670 approved $4,044 with a $0 limit",4044.3
VIO-001784,PR-12390,RULE-009,Segregation of duties,NO_SELF_APPROVAL,Critical,Self-approval,Requester appears as an approver,4044.3
VIO-001785,PR-14041,RULE-001,Manager approval,Manager Approval,Low,Missing required step,Manager Approval was required but not observed,1045.36
VIO-001786,PR-16388,RULE-004,Software security review,Security Review,Critical,Missing required step,Security Review was required but not observed,2012.73
VIO-001787,PR-10332,RULE-017,Urgent purchase rationale,DOCUMENTED_URGENCY,Medium,Undocumented urgency,Urgent routing was used without rationale,364.82
VIO-001788,PR-14788,RULE-001,Manager approval,Manager Approval,Low,Missing required step,Manager Approval was required but not observed,2141.6
VIO-001789,PR-14788,RULE-004,Software security review,Security Review,Critical,Missing required step,Security Review was required but not observed,2141.6
VIO-001790,PR-14788,RULE-010,Vendor validation,Vendor Validation,High,Missing required step,Vendor Validation was required but not observed,2141.6
VIO-001791,PR-14788,RULE-014,High-risk security review,Security Review,Critical,Missing required step,Security Review was required but not observed,2141.6
VIO-001792,PR-12671,RULE-006,Unapproved vendor review,Procurement Review,High,Missing required step,Procurement Review was required but not observed,8761.98
VIO-001793,PR-12671,RULE-012,PO before payment,PO_BEFORE_PAYMENT,Critical,Incorrect sequence,Payment was authorized before a purchase order was created,8761.98
VIO-001794,PR-12671,RULE-015,Contractor procurement review,Procurement Review,High,Missing required step,Procurement Review was required but not observed,8761.98
VIO-001795,PR-10197,RULE-004,Software security review,Security Review,Critical,Missing required step,Security Review was required but not observed,7551.42
VIO-001796,PR-12764,RULE-004,Software security review,Security Review,Critical,Missing required step,Security Review was required but not observed,11325.17
VIO-001797,PR-10867,RULE-004,Software security review,Security Review,Critical,Missing required step,Security Review was required but not observed,15629.28
VIO-001798,PR-18462,RULE-018,Equipment dual control,DUAL_CONTROL,High,Dual control incomplete,Both Finance and Procurement review were required,30707.81
VIO-001799,PR-15885,RULE-012,PO before payment,PO_BEFORE_PAYMENT,Critical,Incorrect sequence,Payment was authorized before a purchase order was created,22063.51
VIO-001800,PR-13549,RULE-009,Segregation of duties,NO_SELF_APPROVAL,Critical,Self-approval,Requester appears as an approver,12423.83
VIO-001801,PR-15196,RULE-007,Competitive bid evidence,Competitive Bid Confirmed,High,Missing required step,Competitive Bid Confirmed was required but not observed,52127.17
VIO-001802,PR-15980,RULE-013,International vendor legal review,Legal Review,High,Missing required step,Legal Review was required but not observed,3848.0
VIO-001803,PR-15897,RULE-001,Manager approval,Manager Approval,Low,Missing required step,Manager Approval was required but not observed,4591.13
VIO-001804,PR-10183,RULE-004,Software security review,Security Review,Critical,Missing required step,Security Review was required but not observed,21598.52
VIO-001805,PR-12164,RULE-018,Equipment dual control,DUAL_CONTROL,High,Dual control incomplete,Both Finance and Procurement review were required,104332.16
VIO-001806,PR-11145,RULE-006,Unapproved vendor review,Procurement Review,High,Missing required step,Procurement Review was required but not observed,2259.48
VIO-001807,PR-14906,RULE-004,Software security review,Security Review,Critical,Missing required step,Security Review was required but not observed,5731.0
VIO-001808,PR-14906,RULE-014,High-risk security review,Security Review,Critical,Missing required step,Security Review was required but not observed,5731.0
VIO-001809,PR-11503,RULE-017,Urgent purchase rationale,DOCUMENTED_URGENCY,Medium,Undocumented urgency,Urgent routing was used without rationale,3038.1
VIO-001810,PR-15754,RULE-007,Competitive bid evidence,Competitive Bid Confirmed,High,Missing required step,Competitive Bid Confirmed was required but not observed,23276.69
VIO-001811,PR-10369,RULE-001,Manager approval,Manager Approval,Low,Missing required step,Manager Approval was required but not observed,1937.01
VIO-001812,PR-18264,RULE-008,Approval authorization,AUTHORIZED_APPROVER,Critical,Authorization limit exceeded,"EMP-0895 approved $30,178 with a $0 limit",30177.52
VIO-001813,PR-18264,RULE-009,Segregation of duties,NO_SELF_APPROVAL,Critical,Self-approval,Requester appears as an approver,30177.52
VIO-001814,PR-18264,RULE-018,Equipment dual control,DUAL_CONTROL,High,Dual control incomplete,Both Finance and Procurement review were required,30177.52
VIO-001815,PR-18048,RULE-008,Approval authorization,AUTHORIZED_APPROVER,Critical,Authorization limit exceeded,"EMP-0414 approved $8,533 with a $0 limit",8532.65
VIO-001816,PR-18048,RULE-009,Segregation of duties,NO_SELF_APPROVAL,Critical,Self-approval,Requester appears as an approver,8532.65
VIO-001817,PR-18048,RULE-010,Vendor validation,Vendor Validation,High,Missing required step,Vendor Validation was required but not observed,8532.65
VIO-001818,PR-16806,RULE-004,Software security review,Security Review,Critical,Missing required step,Security Review was required but not observed,1296.59
VIO-001819,PR-16806,RULE-014,High-risk security review,Security Review,Critical,Missing required step,Security Review was required but not observed,1296.59
VIO-001820,PR-16733,RULE-001,Manager approval,Manager Approval,Low,Missing required step,Manager Approval was required but not observed,2046.61
VIO-001821,PR-16733,RULE-010,Vendor validation,Vendor Validation,High,Missing required step,Vendor Validation was required but not observed,2046.61
VIO-001822,PR-16733,RULE-013,International vendor legal review,Legal Review,High,Missing required step,Legal Review was required but not observed,2046.61
VIO-001823,PR-15531,RULE-012,PO before payment,PO_BEFORE_PAYMENT,Critical,Incorrect sequence,Payment was authorized before a purchase order was created,2755.8
VIO-001824,PR-12145,RULE-004,Software security review,Security Review,Critical,Missing required step,Security Review was required but not observed,3173.33
VIO-001825,PR-12145,RULE-006,Unapproved vendor review,Procurement Review,High,Missing required step,Procurement Review was required but not observed,3173.33
VIO-001826,PR-13286,RULE-001,Manager approval,Manager Approval,Low,Missing required step,Manager Approval was required but not observed,7608.48
VIO-001827,PR-16645,RULE-002,Finance approval,Finance Approval,High,Missing required step,Finance Approval was required but not observed,20046.92
VIO-001828,PR-10284,RULE-004,Software security review,Security Review,Critical,Missing required step,Security Review was required but not observed,5015.48
VIO-001829,PR-16977,RULE-001,Manager approval,Manager Approval,Low,Missing required step,Manager Approval was required but not observed,12749.53
VIO-001830,PR-16977,RULE-002,Finance approval,Finance Approval,High,Missing required step,Finance Approval was required but not observed,12749.53
VIO-001831,PR-13536,RULE-002,Finance approval,Finance Approval,High,Missing required step,Finance Approval was required but not observed,28115.46
VIO-001832,PR-13536,RULE-004,Software security review,Security Review,Critical,Missing required step,Security Review was required but not observed,28115.46
VIO-001833,PR-18012,RULE-004,Software security review,Security Review,Critical,Missing required step,Security Review was required but not observed,14217.74
VIO-001834,PR-18012,RULE-014,High-risk security review,Security Review,Critical,Missing required step,Security Review was required but not observed,14217.74
VIO-001835,PR-13910,RULE-001,Manager approval,Manager Approval,Low,Missing required step,Manager Approval was required but not observed,6988.76
VIO-001836,PR-13910,RULE-004,Software security review,Security Review,Critical,Missing required step,Security Review was required but not observed,6988.76
VIO-001837,PR-13910,RULE-006,Unapproved vendor review,Procurement Review,High,Missing required step,Procurement Review was required but not observed,6988.76
VIO-001838,PR-13910,RULE-010,Vendor validation,Vendor Validation,High,Missing required step,Vendor Validation was required but not observed,6988.76
VIO-001839,PR-13910,RULE-014,High-risk security review,Security Review,Critical,Missing required step,Security Review was required but not observed,6988.76
VIO-001840,PR-13141,RULE-004,Software security review,Security Review,Critical,Missing required step,Security Review was required but not observed,16401.07
VIO-001841,PR-17813,RULE-006,Unapproved vendor review,Procurement Review,High,Missing required step,Procurement Review was required but not observed,5581.56
VIO-001842,PR-16034,RULE-018,Equipment dual control,DUAL_CONTROL,High,Dual control incomplete,Both Finance and Procurement review were required,44613.07
VIO-001843,PR-14076,RULE-008,Approval authorization,AUTHORIZED_APPROVER,Critical,Authorization limit exceeded,"EMP-0959 approved $5,974 with a $0 limit",5973.57
VIO-001844,PR-14076,RULE-009,Segregation of duties,NO_SELF_APPROVAL,Critical,Self-approval,Requester appears as an approver,5973.57
VIO-001845,PR-10774,RULE-004,Software security review,Security Review,Critical,Missing required step,Security Review was required but not observed,314.01
VIO-001846,PR-10774,RULE-012,PO before payment,PO_BEFORE_PAYMENT,Critical,Incorrect sequence,Payment was authorized before a purchase order was created,314.01
VIO-001847,PR-14032,RULE-015,Contractor procurement review,Procurement Review,High,Missing required step,Procurement Review was required but not observed,24816.05
VIO-001848,PR-10643,RULE-008,Approval authorization,AUTHORIZED_APPROVER,Critical,Authorization limit exceeded,"EMP-0926 approved $1,504 with a $0 limit",1503.7
VIO-001849,PR-10643,RULE-009,Segregation of duties,NO_SELF_APPROVAL,Critical,Self-approval,Requester appears as an approver,1503.7
VIO-001850,PR-15541,RULE-006,Unapproved vendor review,Procurement Review,High,Missing required step,Procurement Review was required but not observed,7337.15
VIO-001851,PR-15541,RULE-015,Contractor procurement review,Procurement Review,High,Missing required step,Procurement Review was required but not observed,7337.15
VIO-001852,PR-12768,RULE-006,Unapproved vendor review,Procurement Review,High,Missing required step,Procurement Review was required but not observed,1974.37
VIO-001853,PR-12768,RULE-012,PO before payment,PO_BEFORE_PAYMENT,Critical,Incorrect sequence,Payment was authorized before a purchase order was created,1974.37
VIO-001854,PR-12768,RULE-017,Urgent purchase rationale,DOCUMENTED_URGENCY,Medium,Undocumented urgency,Urgent routing was used without rationale,1974.37
VIO-001855,PR-18094,RULE-004,Software security review,Security Review,Critical,Missing required step,Security Review was required but not observed,9454.0
VIO-001856,PR-16898,RULE-001,Manager approval,Manager Approval,Low,Missing required step,Manager Approval was required but not observed,7102.26
VIO-001857,PR-16898,RULE-004,Software security review,Security Review,Critical,Missing required step,Security Review was required but not observed,7102.26
VIO-001858,PR-12646,RULE-008,Approval authorization,AUTHORIZED_APPROVER,Critical,Authorization limit exceeded,"EMP-0925 approved $1,836 with a $0 limit",1836.07
VIO-001859,PR-12646,RULE-009,Segregation of duties,NO_SELF_APPROVAL,Critical,Self-approval,Requester appears as an approver,1836.07
VIO-001860,PR-14219,RULE-008,Approval authorization,AUTHORIZED_APPROVER,Critical,Authorization limit exceeded,"EMP-0667 approved $6,085 with a $0 limit",6085.09
VIO-001861,PR-14219,RULE-009,Segregation of duties,NO_SELF_APPROVAL,Critical,Self-approval,Requester appears as an approver,6085.09
VIO-001862,PR-13388,RULE-001,Manager approval,Manager Approval,Low,Missing required step,Manager Approval was required but not observed,11346.46
VIO-001863,PR-10874,RULE-001,Manager approval,Manager Approval,Low,Missing required step,Manager Approval was required but not observed,3805.11
VIO-001864,PR-10967,RULE-010,Vendor validation,Vendor Validation,High,Missing required step,Vendor Validation was required but not observed,9115.76
VIO-001865,PR-10967,RULE-012,PO before payment,PO_BEFORE_PAYMENT,Critical,Incorrect sequence,Payment was authorized before a purchase order was created,9115.76
VIO-001866,PR-11467,RULE-004,Software security review,Security Review,Critical,Missing required step,Security Review was required but not observed,5977.84
VIO-001867,PR-14478,RULE-010,Vendor validation,Vendor Validation,High,Missing required step,Vendor Validation was required but not observed,2480.46
VIO-001868,PR-16606,RULE-012,PO before payment,PO_BEFORE_PAYMENT,Critical,Incorrect sequence,Payment was authorized before a purchase order was created,1346.41
VIO-001869,PR-12024,RULE-006,Unapproved vendor review,Procurement Review,High,Missing required step,Procurement Review was required but not observed,2055.01
VIO-001870,PR-17116,RULE-008,Approval authorization,AUTHORIZED_APPROVER,Critical,Authorization limit exceeded,"EMP-0773 approved $1,853 with a $0 limit",1853.17
VIO-001871,PR-17116,RULE-009,Segregation of duties,NO_SELF_APPROVAL,Critical,Self-approval,Requester appears as an approver,1853.17
VIO-001872,PR-11452,RULE-010,Vendor validation,Vendor Validation,High,Missing required step,Vendor Validation was required but not observed,9085.89
VIO-001873,PR-10888,RULE-004,Software security review,Security Review,Critical,Missing required step,Security Review was required but not observed,5071.44
VIO-001874,PR-15925,RULE-006,Unapproved vendor review,Procurement Review,High,Missing required step,Procurement Review was required but not observed,15616.17
VIO-001875,PR-14513,RULE-008,Approval authorization,AUTHORIZED_APPROVER,Critical,Authorization limit exceeded,"EMP-0976 approved $4,535 with a $0 limit",4534.91
VIO-001876,PR-14513,RULE-009,Segregation of duties,NO_SELF_APPROVAL,Critical,Self-approval,Requester appears as an approver,4534.91
VIO-001877,PR-14138,RULE-009,Segregation of duties,NO_SELF_APPROVAL,Critical,Self-approval,Requester appears as an approver,4089.45
VIO-001878,PR-14771,RULE-001,Manager approval,Manager Approval,Low,Missing required step,Manager Approval was required but not observed,3862.79
VIO-001879,PR-14771,RULE-004,Software security review,Security Review,Critical,Missing required step,Security Review was required but not observed,3862.79
VIO-001880,PR-13705,RULE-017,Urgent purchase rationale,DOCUMENTED_URGENCY,Medium,Undocumented urgency,Urgent routing was used without rationale,6440.62
VIO-001881,PR-14238,RULE-006,Unapproved vendor review,Procurement Review,High,Missing required step,Procurement Review was required but not observed,13408.99
VIO-001882,PR-13237,RULE-008,Approval authorization,AUTHORIZED_APPROVER,Critical,Authorization limit exceeded,"EMP-0930 approved $17,202 with a $0 limit",17201.61
VIO-001883,PR-13237,RULE-009,Segregation of duties,NO_SELF_APPROVAL,Critical,Self-approval,Requester appears as an approver,17201.61
VIO-001884,PR-13237,RULE-017,Urgent purchase rationale,DOCUMENTED_URGENCY,Medium,Undocumented urgency,Urgent routing was used without rationale,17201.61
VIO-001885,PR-16914,RULE-006,Unapproved vendor review,Procurement Review,High,Missing required step,Procurement Review was required but not observed,9404.04
VIO-001886,PR-16914,RULE-015,Contractor procurement review,Procurement Review,High,Missing required step,Procurement Review was required but not observed,9404.04
VIO-001887,PR-16280,RULE-006,Unapproved vendor review,Procurement Review,High,Missing required step,Procurement Review was required but not observed,1435.35
VIO-001888,PR-18323,RULE-012,PO before payment,PO_BEFORE_PAYMENT,Critical,Incorrect sequence,Payment was authorized before a purchase order was created,1495.22
VIO-001889,PR-12809,RULE-003,Director approval,Director Approval,High,Missing required step,Director Approval was required but not observed,25695.42
VIO-001890,PR-12809,RULE-006,Unapproved vendor review,Procurement Review,High,Missing required step,Procurement Review was required but not observed,25695.42
VIO-001891,PR-12809,RULE-015,Contractor procurement review,Procurement Review,High,Missing required step,Procurement Review was required but not observed,25695.42
VIO-001892,PR-10054,RULE-004,Software security review,Security Review,Critical,Missing required step,Security Review was required but not observed,3419.66
VIO-001893,PR-13528,RULE-008,Approval authorization,AUTHORIZED_APPROVER,Critical,Authorization limit exceeded,"EMP-0768 approved $15,865 with a $0 limit",15865.16
VIO-001894,PR-13528,RULE-009,Segregation of duties,NO_SELF_APPROVAL,Critical,Self-approval,Requester appears as an approver,15865.16
VIO-001895,PR-15320,RULE-004,Software security review,Security Review,Critical,Missing required step,Security Review was required but not observed,4386.21
VIO-001896,PR-15216,RULE-012,PO before payment,PO_BEFORE_PAYMENT,Critical,Incorrect sequence,Payment was authorized before a purchase order was created,8261.09
VIO-001897,PR-15839,RULE-006,Unapproved vendor review,Procurement Review,High,Missing required step,Procurement Review was required but not observed,6155.39
VIO-001898,PR-15839,RULE-015,Contractor procurement review,Procurement Review,High,Missing required step,Procurement Review was required but not observed,6155.39
VIO-001899,PR-15428,RULE-010,Vendor validation,Vendor Validation,High,Missing required step,Vendor Validation was required but not observed,3532.14
VIO-001900,PR-15351,RULE-009,Segregation of duties,NO_SELF_APPROVAL,Critical,Self-approval,Requester appears as an approver,10073.83
VIO-001901,PR-10007,RULE-016,Travel finance threshold,Finance Approval,Medium,Missing required step,Finance Approval was required but not observed,6324.87
VIO-001902,PR-13942,RULE-001,Manager approval,Manager Approval,Low,Missing required step,Manager Approval was required but not observed,7221.03
VIO-001903,PR-12784,RULE-008,Approval authorization,AUTHORIZED_APPROVER,Critical,Authorization limit exceeded,"EMP-1046 approved $12,502 with a $0 limit",12501.66
VIO-001904,PR-12784,RULE-009,Segregation of duties,NO_SELF_APPROVAL,Critical,Self-approval,Requester appears as an approver,12501.66
VIO-001905,PR-12433,RULE-008,Approval authorization,AUTHORIZED_APPROVER,Critical,Authorization limit exceeded,"EMP-1030 approved $1,818 with a $0 limit",1817.82
VIO-001906,PR-12433,RULE-009,Segregation of duties,NO_SELF_APPROVAL,Critical,Self-approval,Requester appears as an approver,1817.82
VIO-001907,PR-17223,RULE-017,Urgent purchase rationale,DOCUMENTED_URGENCY,Medium,Undocumented urgency,Urgent routing was used without rationale,7829.28
VIO-001908,PR-13609,RULE-010,Vendor validation,Vendor Validation,High,Missing required step,Vendor Validation was required but not observed,1006.45
VIO-001909,PR-15451,RULE-008,Approval authorization,AUTHORIZED_APPROVER,Critical,Authorization limit exceeded,"EMP-0418 approved $9,669 with a $0 limit",9669.43
VIO-001910,PR-15451,RULE-009,Segregation of duties,NO_SELF_APPROVAL,Critical,Self-approval,Requester appears as an approver,9669.43
VIO-001911,PR-11705,RULE-009,Segregation of duties,NO_SELF_APPROVAL,Critical,Self-approval,Requester appears as an approver,2967.0
VIO-001912,PR-11543,RULE-006,Unapproved vendor review,Procurement Review,High,Missing required step,Procurement Review was required but not observed,10344.68
VIO-001913,PR-11543,RULE-015,Contractor procurement review,Procurement Review,High,Missing required step,Procurement Review was required but not observed,10344.68
VIO-001914,PR-12554,RULE-016,Travel finance threshold,Finance Approval,Medium,Missing required step,Finance Approval was required but not observed,6076.72
VIO-001915,PR-16631,RULE-004,Software security review,Security Review,Critical,Missing required step,Security Review was required but not observed,4563.62
VIO-001916,PR-10845,RULE-010,Vendor validation,Vendor Validation,High,Missing required step,Vendor Validation was required but not observed,5565.61
VIO-001917,PR-14146,RULE-012,PO before payment,PO_BEFORE_PAYMENT,Critical,Incorrect sequence,Payment was authorized before a purchase order was created,2795.82
VIO-001918,PR-11008,RULE-006,Unapproved vendor review,Procurement Review,High,Missing required step,Procurement Review was required but not observed,8869.53
VIO-001919,PR-15928,RULE-001,Manager approval,Manager Approval,Low,Missing required step,Manager Approval was required but not observed,3450.21
VIO-001920,PR-15436,RULE-008,Approval authorization,AUTHORIZED_APPROVER,Critical,Authorization limit exceeded,"EMP-1607 approved $160,000 with a $15,000 limit",160000.0
VIO-001921,PR-17709,RULE-012,PO before payment,PO_BEFORE_PAYMENT,Critical,Incorrect sequence,Payment was authorized before a purchase order was created,8545.1
VIO-001922,PR-12975,RULE-008,Approval authorization,AUTHORIZED_APPROVER,Critical,Authorization limit exceeded,"EMP-0516 approved $8,553 with a $0 limit",8552.91
VIO-001923,PR-12975,RULE-009,Segregation of duties,NO_SELF_APPROVAL,Critical,Self-approval,Requester appears as an approver,8552.91
VIO-001924,PR-11093,RULE-010,Vendor validation,Vendor Validation,High,Missing required step,Vendor Validation was required but not observed,43970.43
VIO-001925,PR-17554,RULE-015,Contractor procurement review,Procurement Review,High,Missing required step,Procurement Review was required but not observed,15396.81
VIO-001926,PR-13199,RULE-005,High-value contract review,Legal Review,Critical,Missing required step,Legal Review was required but not observed,88714.52
VIO-001927,PR-10429,RULE-001,Manager approval,Manager Approval,Low,Missing required step,Manager Approval was required but not observed,2667.8
VIO-001928,PR-10457,RULE-008,Approval authorization,AUTHORIZED_APPROVER,Critical,Authorization limit exceeded,"EMP-1025 approved $4,480 with a $0 limit",4479.73
VIO-001929,PR-10457,RULE-009,Segregation of duties,NO_SELF_APPROVAL,Critical,Self-approval,Requester appears as an approver,4479.73
VIO-001930,PR-10480,RULE-004,Software security review,Security Review,Critical,Missing required step,Security Review was required but not observed,1898.1
VIO-001931,PR-12143,RULE-001,Manager approval,Manager Approval,Low,Missing required step,Manager Approval was required but not observed,34093.07
VIO-001932,PR-12143,RULE-002,Finance approval,Finance Approval,High,Missing required step,Finance Approval was required but not observed,34093.07
VIO-001933,PR-12143,RULE-003,Director approval,Director Approval,High,Missing required step,Director Approval was required but not observed,34093.07
VIO-001934,PR-12143,RULE-006,Unapproved vendor review,Procurement Review,High,Missing required step,Procurement Review was required but not observed,34093.07
VIO-001935,PR-12143,RULE-007,Competitive bid evidence,Competitive Bid Confirmed,High,Missing required step,Competitive Bid Confirmed was required but not observed,34093.07
VIO-001936,PR-12143,RULE-010,Vendor validation,Vendor Validation,High,Missing required step,Vendor Validation was required but not observed,34093.07
VIO-001937,PR-12143,RULE-015,Contractor procurement review,Procurement Review,High,Missing required step,Procurement Review was required but not observed,34093.07
VIO-001938,PR-11459,RULE-008,Approval authorization,AUTHORIZED_APPROVER,Critical,Authorization limit exceeded,"EMP-0675 approved $17,377 with a $0 limit",17377.4
VIO-001939,PR-11459,RULE-009,Segregation of duties,NO_SELF_APPROVAL,Critical,Self-approval,Requester appears as an approver,17377.4
VIO-001940,PR-13684,RULE-004,Software security review,Security Review,Critical,Missing required step,Security Review was required but not observed,10383.14
VIO-001941,PR-17175,RULE-008,Approval authorization,AUTHORIZED_APPROVER,Critical,Authorization limit exceeded,"EMP-1575 approved $11,624 with a $0 limit",11623.81
VIO-001942,PR-17175,RULE-009,Segregation of duties,NO_SELF_APPROVAL,Critical,Self-approval,Requester appears as an approver,11623.81
VIO-001943,PR-13612,RULE-004,Software security review,Security Review,Critical,Missing required step,Security Review was required but not observed,4034.46
VIO-001944,PR-15388,RULE-004,Software security review,Security Review,Critical,Missing required step,Security Review was required but not observed,4469.53
VIO-001945,PR-16880,RULE-005,High-value contract review,Legal Review,Critical,Missing required step,Legal Review was required but not observed,77574.35
VIO-001946,PR-12946,RULE-008,Approval authorization,AUTHORIZED_APPROVER,Critical,Authorization limit exceeded,"EMP-0569 approved $15,159 with a $0 limit",15158.55
VIO-001947,PR-12946,RULE-009,Segregation of duties,NO_SELF_APPROVAL,Critical,Self-approval,Requester appears as an approver,15158.55
VIO-001948,PR-15075,RULE-010,Vendor validation,Vendor Validation,High,Missing required step,Vendor Validation was required but not observed,1081.14
VIO-001949,PR-16308,RULE-006,Unapproved vendor review,Procurement Review,High,Missing required step,Procurement Review was required but not observed,16614.53
VIO-001950,PR-10157,RULE-002,Finance approval,Finance Approval,High,Missing required step,Finance Approval was required but not observed,37858.94
VIO-001951,PR-16597,RULE-018,Equipment dual control,DUAL_CONTROL,High,Dual control incomplete,Both Finance and Procurement review were required,46372.34
VIO-001952,PR-13146,RULE-007,Competitive bid evidence,Competitive Bid Confirmed,High,Missing required step,Competitive Bid Confirmed was required but not observed,21111.33
VIO-001953,PR-13548,RULE-001,Manager approval,Manager Approval,Low,Missing required step,Manager Approval was required but not observed,3897.87
VIO-001954,PR-15470,RULE-018,Equipment dual control,DUAL_CONTROL,High,Dual control incomplete,Both Finance and Procurement review were required,33871.77
VIO-001955,PR-12588,RULE-001,Manager approval,Manager Approval,Low,Missing required step,Manager Approval was required but not observed,3376.81
VIO-001956,PR-13266,RULE-015,Contractor procurement review,Procurement Review,High,Missing required step,Procurement Review was required but not observed,1689.0
VIO-001957,PR-15300,RULE-006,Unapproved vendor review,Procurement Review,High,Missing required step,Procurement Review was required but not observed,3082.76
VIO-001958,PR-15647,RULE-001,Manager approval,Manager Approval,Low,Missing required step,Manager Approval was required but not observed,6825.44
VIO-001959,PR-15647,RULE-015,Contractor procurement review,Procurement Review,High,Missing required step,Procurement Review was required but not observed,6825.44
VIO-001960,PR-18418,RULE-001,Manager approval,Manager Approval,Low,Missing required step,Manager Approval was required but not observed,82478.16
VIO-001961,PR-18418,RULE-002,Finance approval,Finance Approval,High,Missing required step,Finance Approval was required but not observed,82478.16
VIO-001962,PR-18418,RULE-003,Director approval,Director Approval,High,Missing required step,Director Approval was required but not observed,82478.16
VIO-001963,PR-18418,RULE-005,High-value contract review,Legal Review,Critical,Missing required step,Legal Review was required but not observed,82478.16
VIO-001964,PR-18418,RULE-006,Unapproved vendor review,Procurement Review,High,Missing required step,Procurement Review was required but not observed,82478.16
VIO-001965,PR-18418,RULE-007,Competitive bid evidence,Competitive Bid Confirmed,High,Missing required step,Competitive Bid Confirmed was required but not observed,82478.16
VIO-001966,PR-18418,RULE-010,Vendor validation,Vendor Validation,High,Missing required step,Vendor Validation was required but not observed,82478.16
VIO-001967,PR-18418,RULE-015,Contractor procurement review,Procurement Review,High,Missing required step,Procurement Review was required but not observed,82478.16
VIO-001968,PR-17146,RULE-008,Approval authorization,AUTHORIZED_APPROVER,Critical,Authorization limit exceeded,"EMP-0545 approved $1,241 with a $0 limit",1241.09
VIO-001969,PR-17146,RULE-009,Segregation of duties,NO_SELF_APPROVAL,Critical,Self-approval,Requester appears as an approver,1241.09
VIO-001970,PR-15486,RULE-001,Manager approval,Manager Approval,Low,Missing required step,Manager Approval was required but not observed,5224.68
VIO-001971,PR-15486,RULE-016,Travel finance threshold,Finance Approval,Medium,Missing required step,Finance Approval was required but not observed,5224.68
VIO-001972,PR-15289,RULE-002,Finance approval,Finance Approval,High,Missing required step,Finance Approval was required but not observed,12754.32
VIO-001973,PR-17242,RULE-015,Contractor procurement review,Procurement Review,High,Missing required step,Procurement Review was required but not observed,32112.87
VIO-001974,PR-12405,RULE-004,Software security review,Security Review,Critical,Missing required step,Security Review was required but not observed,13403.27
VIO-001975,PR-13707,RULE-006,Unapproved vendor review,Procurement Review,High,Missing required step,Procurement Review was required but not observed,2040.61
VIO-001976,PR-14253,RULE-015,Contractor procurement review,Procurement Review,High,Missing required step,Procurement Review was required but not observed,21268.01
VIO-001977,PR-18122,RULE-004,Software security review,Security Review,Critical,Missing required step,Security Review was required but not observed,3924.75
VIO-001978,PR-12361,RULE-001,Manager approval,Manager Approval,Low,Missing required step,Manager Approval was required but not observed,2700.24
VIO-001979,PR-12361,RULE-004,Software security review,Security Review,Critical,Missing required step,Security Review was required but not observed,2700.24
VIO-001980,PR-18235,RULE-015,Contractor procurement review,Procurement Review,High,Missing required step,Procurement Review was required but not observed,42423.85
VIO-001981,PR-16510,RULE-009,Segregation of duties,NO_SELF_APPROVAL,Critical,Self-approval,Requester appears as an approver,10145.87
VIO-001982,PR-11706,RULE-002,Finance approval,Finance Approval,High,Missing required step,Finance Approval was required but not observed,16841.66
VIO-001983,PR-16400,RULE-008,Approval authorization,AUTHORIZED_APPROVER,Critical,Authorization limit exceeded,"EMP-0509 approved $7,641 with a $0 limit",7641.35
VIO-001984,PR-16400,RULE-009,Segregation of duties,NO_SELF_APPROVAL,Critical,Self-approval,Requester appears as an approver,7641.35
VIO-001985,PR-10465,RULE-004,Software security review,Security Review,Critical,Missing required step,Security Review was required but not observed,4920.19
VIO-001986,PR-10465,RULE-014,High-risk security review,Security Review,Critical,Missing required step,Security Review was required but not observed,4920.19
VIO-001987,PR-14717,RULE-002,Finance approval,Finance Approval,High,Missing required step,Finance Approval was required but not observed,14334.87
VIO-001988,PR-15895,RULE-001,Manager approval,Manager Approval,Low,Missing required step,Manager Approval was required but not observed,28232.73
VIO-001989,PR-15895,RULE-002,Finance approval,Finance Approval,High,Missing required step,Finance Approval was required but not observed,28232.73
VIO-001990,PR-15895,RULE-003,Director approval,Director Approval,High,Missing required step,Director Approval was required but not observed,28232.73
VIO-001991,PR-15895,RULE-007,Competitive bid evidence,Competitive Bid Confirmed,High,Missing required step,Competitive Bid Confirmed was required but not observed,28232.73
VIO-001992,PR-17228,RULE-018,Equipment dual control,DUAL_CONTROL,High,Dual control incomplete,Both Finance and Procurement review were required,72447.06
VIO-001993,PR-11499,RULE-010,Vendor validation,Vendor Validation,High,Missing required step,Vendor Validation was required but not observed,8349.72
VIO-001994,PR-10346,RULE-002,Finance approval,Finance Approval,High,Missing required step,Finance Approval was required but not observed,26911.34
VIO-001995,PR-15171,RULE-001,Manager approval,Manager Approval,Low,Missing required step,Manager Approval was required but not observed,5227.18
VIO-001996,PR-15171,RULE-004,Software security review,Security Review,Critical,Missing required step,Security Review was required but not observed,5227.18
VIO-001997,PR-13285,RULE-004,Software security review,Security Review,Critical,Missing required step,Security Review was required but not observed,17522.76
VIO-001998,PR-14066,RULE-015,Contractor procurement review,Procurement Review,High,Missing required step,Procurement Review was required but not observed,12524.18
VIO-001999,PR-14682,RULE-007,Competitive bid evidence,Competitive Bid Confirmed,High,Missing required step,Competitive Bid Confirmed was required but not observed,46677.89
VIO-002000,PR-15709,RULE-004,Software security review,Security Review,Critical,Missing required step,Security Review was required but not observed,3160.98
VIO-002001,PR-17442,RULE-009,Segregation of duties,NO_SELF_APPROVAL,Critical,Self-approval,Requester appears as an approver,4884.71
VIO-002002,PR-15214,RULE-015,Contractor procurement review,Procurement Review,High,Missing required step,Procurement Review was required but not observed,8530.93
VIO-002003,PR-17816,RULE-013,International vendor legal review,Legal Review,High,Missing required step,Legal Review was required but not observed,9701.43
VIO-002004,PR-11245,RULE-010,Vendor validation,Vendor Validation,High,Missing required step,Vendor Validation was required but not observed,3902.67
VIO-002005,PR-11846,RULE-002,Finance approval,Finance Approval,High,Missing required step,Finance Approval was required but not observed,20457.14
VIO-002006,PR-10249,RULE-004,Software security review,Security Review,Critical,Missing required step,Security Review was required but not observed,26883.45
VIO-002007,PR-10249,RULE-014,High-risk security review,Security Review,Critical,Missing required step,Security Review was required but not observed,26883.45
VIO-002008,PR-15243,RULE-015,Contractor procurement review,Procurement Review,High,Missing required step,Procurement Review was required but not observed,3082.09
VIO-002009,PR-14228,RULE-004,Software security review,Security Review,Critical,Missing required step,Security Review was required but not observed,3987.8
VIO-002010,PR-10762,RULE-004,Software security review,Security Review,Critical,Missing required step,Security Review was required but not observed,4503.55
VIO-002011,PR-14061,RULE-008,Approval authorization,AUTHORIZED_APPROVER,Critical,Authorization limit exceeded,"EMP-0538 approved $7,699 with a $0 limit",7699.32
VIO-002012,PR-14061,RULE-009,Segregation of duties,NO_SELF_APPROVAL,Critical,Self-approval,Requester appears as an approver,7699.32
VIO-002013,PR-15435,RULE-001,Manager approval,Manager Approval,Low,Missing required step,Manager Approval was required but not observed,5957.15
VIO-002014,PR-15651,RULE-008,Approval authorization,AUTHORIZED_APPROVER,Critical,Authorization limit exceeded,"EMP-0971 approved $3,163 with a $0 limit",3162.6
VIO-002015,PR-15651,RULE-009,Segregation of duties,NO_SELF_APPROVAL,Critical,Self-approval,Requester appears as an approver,3162.6
VIO-002016,PR-14684,RULE-004,Software security review,Security Review,Critical,Missing required step,Security Review was required but not observed,9503.47
VIO-002017,PR-14503,RULE-002,Finance approval,Finance Approval,High,Missing required step,Finance Approval was required but not observed,10385.01
VIO-002018,PR-15826,RULE-012,PO before payment,PO_BEFORE_PAYMENT,Critical,Incorrect sequence,Payment was authorized before a purchase order was created,567.2
VIO-002019,PR-13604,RULE-014,High-risk security review,Security Review,Critical,Missing required step,Security Review was required but not observed,1832.28
VIO-002020,PR-12683,RULE-008,Approval authorization,AUTHORIZED_APPROVER,Critical,Authorization limit exceeded,"EMP-0544 approved $8,258 with a $0 limit",8258.09
VIO-002021,PR-12683,RULE-009,Segregation of duties,NO_SELF_APPROVAL,Critical,Self-approval,Requester appears as an approver,8258.09
VIO-002022,PR-10804,RULE-015,Contractor procurement review,Procurement Review,High,Missing required step,Procurement Review was required but not observed,6150.95
VIO-002023,PR-15141,RULE-009,Segregation of duties,NO_SELF_APPROVAL,Critical,Self-approval,Requester appears as an approver,4138.11
VIO-002024,PR-18102,RULE-008,Approval authorization,AUTHORIZED_APPROVER,Critical,Authorization limit exceeded,"EMP-0022 approved $43,842 with a $0 limit",43841.93
VIO-002025,PR-18102,RULE-009,Segregation of duties,NO_SELF_APPROVAL,Critical,Self-approval,Requester appears as an approver,43841.93
VIO-002026,PR-14536,RULE-010,Vendor validation,Vendor Validation,High,Missing required step,Vendor Validation was required but not observed,3879.24
VIO-002027,PR-14799,RULE-001,Manager approval,Manager Approval,Low,Missing required step,Manager Approval was required but not observed,1494.52
VIO-002028,PR-18140,RULE-012,PO before payment,PO_BEFORE_PAYMENT,Critical,Incorrect sequence,Payment was authorized before a purchase order was created,5740.9
VIO-002029,PR-16726,RULE-002,Finance approval,Finance Approval,High,Missing required step,Finance Approval was required but not observed,17206.76
VIO-002030,PR-15760,RULE-010,Vendor validation,Vendor Validation,High,Missing required step,Vendor Validation was required but not observed,22296.68
VIO-002031,PR-10977,RULE-001,Manager approval,Manager Approval,Low,Missing required step,Manager Approval was required but not observed,11100.72
VIO-002032,PR-10977,RULE-002,Finance approval,Finance Approval,High,Missing required step,Finance Approval was required but not observed,11100.72
VIO-002033,PR-10977,RULE-004,Software security review,Security Review,Critical,Missing required step,Security Review was required but not observed,11100.72
VIO-002034,PR-18053,RULE-001,Manager approval,Manager Approval,Low,Missing required step,Manager Approval was required but not observed,2283.11
VIO-002035,PR-18053,RULE-010,Vendor validation,Vendor Validation,High,Missing required step,Vendor Validation was required but not observed,2283.11
VIO-002036,PR-18053,RULE-013,International vendor legal review,Legal Review,High,Missing required step,Legal Review was required but not observed,2283.11
VIO-002037,PR-16735,RULE-004,Software security review,Security Review,Critical,Missing required step,Security Review was required but not observed,1459.09
VIO-002038,PR-17792,RULE-004,Software security review,Security Review,Critical,Missing required step,Security Review was required but not observed,17840.9
VIO-002039,PR-10307,RULE-006,Unapproved vendor review,Procurement Review,High,Missing required step,Procurement Review was required but not observed,6895.84
VIO-002040,PR-10299,RULE-009,Segregation of duties,NO_SELF_APPROVAL,Critical,Self-approval,Requester appears as an approver,2321.21
VIO-002041,PR-18149,RULE-006,Unapproved vendor review,Procurement Review,High,Missing required step,Procurement Review was required but not observed,5472.37
VIO-002042,PR-16403,RULE-006,Unapproved vendor review,Procurement Review,High,Missing required step,Procurement Review was required but not observed,5107.76
VIO-002043,PR-18163,RULE-006,Unapproved vendor review,Procurement Review,High,Missing required step,Procurement Review was required but not observed,3118.56
VIO-002044,PR-10558,RULE-001,Manager approval,Manager Approval,Low,Missing required step,Manager Approval was required but not observed,22687.95
VIO-002045,PR-10558,RULE-002,Finance approval,Finance Approval,High,Missing required step,Finance Approval was required but not observed,22687.95
VIO-002046,PR-10558,RULE-004,Software security review,Security Review,Critical,Missing required step,Security Review was required but not observed,22687.95
VIO-002047,PR-10558,RULE-007,Competitive bid evidence,Competitive Bid Confirmed,High,Missing required step,Competitive Bid Confirmed was required but not observed,22687.95
VIO-002048,PR-13858,RULE-004,Software security review,Security Review,Critical,Missing required step,Security Review was required but not observed,11230.99
VIO-002049,PR-12097,RULE-001,Manager approval,Manager Approval,Low,Missing required step,Manager Approval was required but not observed,2247.68
VIO-002050,PR-10111,RULE-009,Segregation of duties,NO_SELF_APPROVAL,Critical,Self-approval,Requester appears as an approver,11354.8
VIO-002051,PR-16238,RULE-001,Manager approval,Manager Approval,Low,Missing required step,Manager Approval was required but not observed,4653.92
VIO-002052,PR-16238,RULE-006,Unapproved vendor review,Procurement Review,High,Missing required step,Procurement Review was required but not observed,4653.92
VIO-002053,PR-16238,RULE-010,Vendor validation,Vendor Validation,High,Missing required step,Vendor Validation was required but not observed,4653.92
VIO-002054,PR-16238,RULE-015,Contractor procurement review,Procurement Review,High,Missing required step,Procurement Review was required but not observed,4653.92
VIO-002055,PR-17379,RULE-006,Unapproved vendor review,Procurement Review,High,Missing required step,Procurement Review was required but not observed,12603.85
VIO-002056,PR-10809,RULE-002,Finance approval,Finance Approval,High,Missing required step,Finance Approval was required but not observed,36879.76
VIO-002057,PR-17623,RULE-018,Equipment dual control,DUAL_CONTROL,High,Dual control incomplete,Both Finance and Procurement review were required,47857.7
VIO-002058,PR-16081,RULE-003,Director approval,Director Approval,High,Missing required step,Director Approval was required but not observed,46099.77
VIO-002059,PR-15015,RULE-008,Approval authorization,AUTHORIZED_APPROVER,Critical,Authorization limit exceeded,"EMP-0821 approved $14,476 with a $0 limit",14475.8
VIO-002060,PR-15015,RULE-009,Segregation of duties,NO_SELF_APPROVAL,Critical,Self-approval,Requester appears as an approver,14475.8
VIO-002061,PR-10725,RULE-015,Contractor procurement review,Procurement Review,High,Missing required step,Procurement Review was required but not observed,7232.82
VIO-002062,PR-13947,RULE-006,Unapproved vendor review,Procurement Review,High,Missing required step,Procurement Review was required but not observed,696.01
VIO-002063,PR-16517,RULE-008,Approval authorization,AUTHORIZED_APPROVER,Critical,Authorization limit exceeded,"EMP-0863 approved $13,857 with a $0 limit",13856.59
VIO-002064,PR-16517,RULE-009,Segregation of duties,NO_SELF_APPROVAL,Critical,Self-approval,Requester appears as an approver,13856.59
VIO-002065,PR-11887,RULE-004,Software security review,Security Review,Critical,Missing required step,Security Review was required but not observed,11848.95
VIO-002066,PR-11831,RULE-006,Unapproved vendor review,Procurement Review,High,Missing required step,Procurement Review was required but not observed,2173.98
VIO-002067,PR-16274,RULE-013,International vendor legal review,Legal Review,High,Missing required step,Legal Review was required but not observed,8848.73
VIO-002068,PR-14433,RULE-001,Manager approval,Manager Approval,Low,Missing required step,Manager Approval was required but not observed,3412.94
VIO-002069,PR-14433,RULE-010,Vendor validation,Vendor Validation,High,Missing required step,Vendor Validation was required but not observed,3412.94
VIO-002070,PR-14433,RULE-013,International vendor legal review,Legal Review,High,Missing required step,Legal Review was required but not observed,3412.94
VIO-002071,PR-13368,RULE-001,Manager approval,Manager Approval,Low,Missing required step,Manager Approval was required but not observed,3155.96
VIO-002072,PR-13368,RULE-004,Software security review,Security Review,Critical,Missing required step,Security Review was required but not observed,3155.96
VIO-002073,PR-15433,RULE-013,International vendor legal review,Legal Review,High,Missing required step,Legal Review was required but not observed,7568.15
VIO-002074,PR-17953,RULE-004,Software security review,Security Review,Critical,Missing required step,Security Review was required but not observed,2862.25
VIO-002075,PR-11596,RULE-006,Unapproved vendor review,Procurement Review,High,Missing required step,Procurement Review was required but not observed,3010.44
VIO-002076,PR-11596,RULE-017,Urgent purchase rationale,DOCUMENTED_URGENCY,Medium,Undocumented urgency,Urgent routing was used without rationale,3010.44
VIO-002077,PR-11427,RULE-001,Manager approval,Manager Approval,Low,Missing required step,Manager Approval was required but not observed,1174.07
VIO-002078,PR-17724,RULE-001,Manager approval,Manager Approval,Low,Missing required step,Manager Approval was required but not observed,13304.17
VIO-002079,PR-17724,RULE-002,Finance approval,Finance Approval,High,Missing required step,Finance Approval was required but not observed,13304.17
VIO-002080,PR-17724,RULE-006,Unapproved vendor review,Procurement Review,High,Missing required step,Procurement Review was required but not observed,13304.17
VIO-002081,PR-17724,RULE-010,Vendor validation,Vendor Validation,High,Missing required step,Vendor Validation was required but not observed,13304.17
VIO-002082,PR-17724,RULE-015,Contractor procurement review,Procurement Review,High,Missing required step,Procurement Review was required but not observed,13304.17
VIO-002083,PR-10530,RULE-004,Software security review,Security Review,Critical,Missing required step,Security Review was required but not observed,11766.13
VIO-002084,PR-15208,RULE-015,Contractor procurement review,Procurement Review,High,Missing required step,Procurement Review was required but not observed,7834.43
VIO-002085,PR-14206,RULE-004,Software security review,Security Review,Critical,Missing required step,Security Review was required but not observed,5671.55
VIO-002086,PR-14206,RULE-014,High-risk security review,Security Review,Critical,Missing required step,Security Review was required but not observed,5671.55
VIO-002087,PR-10088,RULE-001,Manager approval,Manager Approval,Low,Missing required step,Manager Approval was required but not observed,12687.02
VIO-002088,PR-10088,RULE-002,Finance approval,Finance Approval,High,Missing required step,Finance Approval was required but not observed,12687.02
VIO-002089,PR-10088,RULE-015,Contractor procurement review,Procurement Review,High,Missing required step,Procurement Review was required but not observed,12687.02
VIO-002090,PR-15376,RULE-008,Approval authorization,AUTHORIZED_APPROVER,Critical,Authorization limit exceeded,"EMP-0645 approved $3,596 with a $0 limit",3595.71
VIO-002091,PR-15376,RULE-009,Segregation of duties,NO_SELF_APPROVAL,Critical,Self-approval,Requester appears as an approver,3595.71
VIO-002092,PR-14067,RULE-012,PO before payment,PO_BEFORE_PAYMENT,Critical,Incorrect sequence,Payment was authorized before a purchase order was created,1893.78
VIO-002093,PR-13251,RULE-006,Unapproved vendor review,Procurement Review,High,Missing required step,Procurement Review was required but not observed,120.0
VIO-002094,PR-17033,RULE-006,Unapproved vendor review,Procurement Review,High,Missing required step,Procurement Review was required but not observed,4806.06
VIO-002095,PR-12926,RULE-001,Manager approval,Manager Approval,Low,Missing required step,Manager Approval was required but not observed,2148.16
VIO-002096,PR-12926,RULE-006,Unapproved vendor review,Procurement Review,High,Missing required step,Procurement Review was required but not observed,2148.16
VIO-002097,PR-12926,RULE-010,Vendor validation,Vendor Validation,High,Missing required step,Vendor Validation was required but not observed,2148.16
VIO-002098,PR-17858,RULE-004,Software security review,Security Review,Critical,Missing required step,Security Review was required but not observed,1549.75
VIO-002099,PR-11360,RULE-012,PO before payment,PO_BEFORE_PAYMENT,Critical,Incorrect sequence,Payment was authorized before a purchase order was created,8714.32
VIO-002100,PR-11700,RULE-004,Software security review,Security Review,Critical,Missing required step,Security Review was required but not observed,3689.14
VIO-002101,PR-17197,RULE-006,Unapproved vendor review,Procurement Review,High,Missing required step,Procurement Review was required but not observed,6417.94
VIO-002102,PR-17197,RULE-010,Vendor validation,Vendor Validation,High,Missing required step,Vendor Validation was required but not observed,6417.94
VIO-002103,PR-15409,RULE-004,Software security review,Security Review,Critical,Missing required step,Security Review was required but not observed,4526.44
VIO-002104,PR-13318,RULE-018,Equipment dual control,DUAL_CONTROL,High,Dual control incomplete,Both Finance and Procurement review were required,68974.55
VIO-002105,PR-14991,RULE-008,Approval authorization,AUTHORIZED_APPROVER,Critical,Authorization limit exceeded,"EMP-0437 approved $25,553 with a $0 limit",25553.44
VIO-002106,PR-14991,RULE-009,Segregation of duties,NO_SELF_APPROVAL,Critical,Self-approval,Requester appears as an approver,25553.44
VIO-002107,PR-13377,RULE-004,Software security review,Security Review,Critical,Missing required step,Security Review was required but not observed,3310.67
VIO-002108,PR-11914,RULE-001,Manager approval,Manager Approval,Low,Missing required step,Manager Approval was required but not observed,6318.9
VIO-002109,PR-11163,RULE-008,Approval authorization,AUTHORIZED_APPROVER,Critical,Authorization limit exceeded,"EMP-0687 approved $9,645 with a $0 limit",9644.62
VIO-002110,PR-11163,RULE-009,Segregation of duties,NO_SELF_APPROVAL,Critical,Self-approval,Requester appears as an approver,9644.62
VIO-002111,PR-14705,RULE-003,Director approval,Director Approval,High,Missing required step,Director Approval was required but not observed,31005.07
VIO-002112,PR-13484,RULE-008,Approval authorization,AUTHORIZED_APPROVER,Critical,Authorization limit exceeded,"EMP-0777 approved $12,403 with a $0 limit",12403.09
VIO-002113,PR-13484,RULE-009,Segregation of duties,NO_SELF_APPROVAL,Critical,Self-approval,Requester appears as an approver,12403.09
VIO-002114,PR-13126,RULE-001,Manager approval,Manager Approval,Low,Missing required step,Manager Approval was required but not observed,9961.18
VIO-002115,PR-13126,RULE-004,Software security review,Security Review,Critical,Missing required step,Security Review was required but not observed,9961.18
VIO-002116,PR-17673,RULE-004,Software security review,Security Review,Critical,Missing required step,Security Review was required but not observed,9232.79
VIO-002117,PR-10656,RULE-001,Manager approval,Manager Approval,Low,Missing required step,Manager Approval was required but not observed,15152.32
VIO-002118,PR-10656,RULE-002,Finance approval,Finance Approval,High,Missing required step,Finance Approval was required but not observed,15152.32
VIO-002119,PR-17721,RULE-009,Segregation of duties,NO_SELF_APPROVAL,Critical,Self-approval,Requester appears as an approver,7289.72
VIO-002120,PR-13768,RULE-012,PO before payment,PO_BEFORE_PAYMENT,Critical,Incorrect sequence,Payment was authorized before a purchase order was created,3536.97
VIO-002121,PR-11546,RULE-015,Contractor procurement review,Procurement Review,High,Missing required step,Procurement Review was required but not observed,650.75
VIO-002122,PR-10539,RULE-004,Software security review,Security Review,Critical,Missing required step,Security Review was required but not observed,2653.46
VIO-002123,PR-11493,RULE-017,Urgent purchase rationale,DOCUMENTED_URGENCY,Medium,Undocumented urgency,Urgent routing was used without rationale,2735.02
VIO-002124,PR-11783,RULE-012,PO before payment,PO_BEFORE_PAYMENT,Critical,Incorrect sequence,Payment was authorized before a purchase order was created,5500.53
VIO-002125,PR-15311,RULE-008,Approval authorization,AUTHORIZED_APPROVER,Critical,Authorization limit exceeded,"EMP-0414 approved $1,753 with a $0 limit",1753.33
VIO-002126,PR-15311,RULE-009,Segregation of duties,NO_SELF_APPROVAL,Critical,Self-approval,Requester appears as an approver,1753.33
VIO-002127,PR-12729,RULE-004,Software security review,Security Review,Critical,Missing required step,Security Review was required but not observed,3193.69
VIO-002128,PR-17303,RULE-001,Manager approval,Manager Approval,Low,Missing required step,Manager Approval was required but not observed,2146.59
VIO-002129,PR-17303,RULE-010,Vendor validation,Vendor Validation,High,Missing required step,Vendor Validation was required but not observed,2146.59
VIO-002130,PR-17303,RULE-013,International vendor legal review,Legal Review,High,Missing required step,Legal Review was required but not observed,2146.59
VIO-002131,PR-15542,RULE-006,Unapproved vendor review,Procurement Review,High,Missing required step,Procurement Review was required but not observed,1096.19
VIO-002132,PR-15962,RULE-007,Competitive bid evidence,Competitive Bid Confirmed,High,Missing required step,Competitive Bid Confirmed was required but not observed,24048.72
VIO-002133,PR-11042,RULE-003,Director approval,Director Approval,High,Missing required step,Director Approval was required but not observed,30252.29
VIO-002134,PR-17887,RULE-006,Unapproved vendor review,Procurement Review,High,Missing required step,Procurement Review was required but not observed,151.6
VIO-002135,PR-13821,RULE-017,Urgent purchase rationale,DOCUMENTED_URGENCY,Medium,Undocumented urgency,Urgent routing was used without rationale,2646.72
VIO-002136,PR-13382,RULE-018,Equipment dual control,DUAL_CONTROL,High,Dual control incomplete,Both Finance and Procurement review were required,50061.94
VIO-002137,PR-12535,RULE-018,Equipment dual control,DUAL_CONTROL,High,Dual control incomplete,Both Finance and Procurement review were required,32588.76
VIO-002138,PR-11216,RULE-002,Finance approval,Finance Approval,High,Missing required step,Finance Approval was required but not observed,11696.76
VIO-002139,PR-11138,RULE-006,Unapproved vendor review,Procurement Review,High,Missing required step,Procurement Review was required but not observed,1135.96
VIO-002140,PR-18065,RULE-009,Segregation of duties,NO_SELF_APPROVAL,Critical,Self-approval,Requester appears as an approver,9341.25
VIO-002141,PR-15940,RULE-006,Unapproved vendor review,Procurement Review,High,Missing required step,Procurement Review was required but not observed,4613.05
VIO-002142,PR-17295,RULE-010,Vendor validation,Vendor Validation,High,Missing required step,Vendor Validation was required but not observed,6047.02
VIO-002143,PR-17824,RULE-010,Vendor validation,Vendor Validation,High,Missing required step,Vendor Validation was required but not observed,7342.0
VIO-002144,PR-17219,RULE-006,Unapproved vendor review,Procurement Review,High,Missing required step,Procurement Review was required but not observed,43191.39
VIO-002145,PR-14135,RULE-006,Unapproved vendor review,Procurement Review,High,Missing required step,Procurement Review was required but not observed,12614.19
VIO-002146,PR-17984,RULE-007,Competitive bid evidence,Competitive Bid Confirmed,High,Missing required step,Competitive Bid Confirmed was required but not observed,20835.66
VIO-002147,PR-15722,RULE-004,Software security review,Security Review,Critical,Missing required step,Security Review was required but not observed,23486.57
VIO-002148,PR-16514,RULE-001,Manager approval,Manager Approval,Low,Missing required step,Manager Approval was required but not observed,6542.39
VIO-002149,PR-16514,RULE-016,Travel finance threshold,Finance Approval,Medium,Missing required step,Finance Approval was required but not observed,6542.39
VIO-002150,PR-10441,RULE-004,Software security review,Security Review,Critical,Missing required step,Security Review was required but not observed,18505.44
VIO-002151,PR-12772,RULE-010,Vendor validation,Vendor Validation,High,Missing required step,Vendor Validation was required but not observed,8646.56
VIO-002152,PR-14194,RULE-008,Approval authorization,AUTHORIZED_APPROVER,Critical,Authorization limit exceeded,"EMP-0617 approved $14,214 with a $0 limit",14214.27
VIO-002153,PR-14194,RULE-009,Segregation of duties,NO_SELF_APPROVAL,Critical,Self-approval,Requester appears as an approver,14214.27
VIO-002154,PR-14911,RULE-015,Contractor procurement review,Procurement Review,High,Missing required step,Procurement Review was required but not observed,8086.42
VIO-002155,PR-11002,RULE-004,Software security review,Security Review,Critical,Missing required step,Security Review was required but not observed,2116.87
VIO-002156,PR-12185,RULE-013,International vendor legal review,Legal Review,High,Missing required step,Legal Review was required but not observed,2976.15
VIO-002157,PR-12850,RULE-008,Approval authorization,AUTHORIZED_APPROVER,Critical,Authorization limit exceeded,"EMP-1021 approved $11,346 with a $0 limit",11345.51
VIO-002158,PR-12850,RULE-009,Segregation of duties,NO_SELF_APPROVAL,Critical,Self-approval,Requester appears as an approver,11345.51
VIO-002159,PR-10445,RULE-008,Approval authorization,AUTHORIZED_APPROVER,Critical,Authorization limit exceeded,"EMP-1151 approved $3,569 with a $0 limit",3568.66
VIO-002160,PR-10445,RULE-009,Segregation of duties,NO_SELF_APPROVAL,Critical,Self-approval,Requester appears as an approver,3568.66
VIO-002161,PR-16098,RULE-002,Finance approval,Finance Approval,High,Missing required step,Finance Approval was required but not observed,11784.04
VIO-002162,PR-10743,RULE-006,Unapproved vendor review,Procurement Review,High,Missing required step,Procurement Review was required but not observed,57020.41
VIO-002163,PR-17849,RULE-009,Segregation of duties,NO_SELF_APPROVAL,Critical,Self-approval,Requester appears as an approver,2162.09
VIO-002164,PR-18451,RULE-015,Contractor procurement review,Procurement Review,High,Missing required step,Procurement Review was required but not observed,18423.47
VIO-002165,PR-15618,RULE-001,Manager approval,Manager Approval,Low,Missing required step,Manager Approval was required but not observed,1100.32
VIO-002166,PR-16028,RULE-005,High-value contract review,Legal Review,Critical,Missing required step,Legal Review was required but not observed,75652.04
VIO-002167,PR-16028,RULE-017,Urgent purchase rationale,DOCUMENTED_URGENCY,Medium,Undocumented urgency,Urgent routing was used without rationale,75652.04
VIO-002168,PR-10739,RULE-008,Approval authorization,AUTHORIZED_APPROVER,Critical,Authorization limit exceeded,"EMP-1415 approved $11,436 with a $0 limit",11436.3
VIO-002169,PR-10739,RULE-009,Segregation of duties,NO_SELF_APPROVAL,Critical,Self-approval,Requester appears as an approver,11436.3
VIO-002170,PR-14426,RULE-004,Software security review,Security Review,Critical,Missing required step,Security Review was required but not observed,21191.15
VIO-002171,PR-17998,RULE-008,Approval authorization,AUTHORIZED_APPROVER,Critical,Authorization limit exceeded,"EMP-1083 approved $25,818 with a $0 limit",25818.33
VIO-002172,PR-17998,RULE-009,Segregation of duties,NO_SELF_APPROVAL,Critical,Self-approval,Requester appears as an approver,25818.33
VIO-002173,PR-14232,RULE-004,Software security review,Security Review,Critical,Missing required step,Security Review was required but not observed,48224.45
VIO-002174,PR-12872,RULE-001,Manager approval,Manager Approval,Low,Missing required step,Manager Approval was required but not observed,1292.59
VIO-002175,PR-12872,RULE-004,Software security review,Security Review,Critical,Missing required step,Security Review was required but not observed,1292.59
VIO-002176,PR-12520,RULE-008,Approval authorization,AUTHORIZED_APPROVER,Critical,Authorization limit exceeded,"EMP-0868 approved $1,826 with a $0 limit",1825.72
VIO-002177,PR-12520,RULE-009,Segregation of duties,NO_SELF_APPROVAL,Critical,Self-approval,Requester appears as an approver,1825.72
VIO-002178,PR-15744,RULE-008,Approval authorization,AUTHORIZED_APPROVER,Critical,Authorization limit exceeded,"EMP-0718 approved $2,322 with a $0 limit",2321.6
VIO-002179,PR-15744,RULE-009,Segregation of duties,NO_SELF_APPROVAL,Critical,Self-approval,Requester appears as an approver,2321.6
VIO-002180,PR-16554,RULE-001,Manager approval,Manager Approval,Low,Missing required step,Manager Approval was required but not observed,1534.81
VIO-002181,PR-16554,RULE-006,Unapproved vendor review,Procurement Review,High,Missing required step,Procurement Review was required but not observed,1534.81
VIO-002182,PR-16554,RULE-010,Vendor validation,Vendor Validation,High,Missing required step,Vendor Validation was required but not observed,1534.81
VIO-002183,PR-16554,RULE-014,High-risk security review,Security Review,Critical,Missing required step,Security Review was required but not observed,1534.81
VIO-002184,PR-13801,RULE-004,Software security review,Security Review,Critical,Missing required step,Security Review was required but not observed,10524.59
VIO-002185,PR-11948,RULE-017,Urgent purchase rationale,DOCUMENTED_URGENCY,Medium,Undocumented urgency,Urgent routing was used without rationale,2427.6
VIO-002186,PR-10121,RULE-001,Manager approval,Manager Approval,Low,Missing required step,Manager Approval was required but not observed,1612.65
VIO-002187,PR-10121,RULE-004,Software security review,Security Review,Critical,Missing required step,Security Review was required but not observed,1612.65
