employee_id,employee_name,department_id,department,role,manager_id,manager,approval_limit,location,tenure_years
EMP-0001,Northstar Employee 0001,D01,Engineering,Director,,Executive Leadership,150000.0,Austin,9.9
EMP-0002,Northstar Employee 0002,D01,Engineering,Senior Manager,EMP-0001,Northstar Employee 0001,50000.0,Chicago,5.3
EMP-0003,Northstar Employee 0003,D01,Engineering,Senior Manager,EMP-0001,Northstar Employee 0001,25000.0,Denver,9.9
EMP-0004,Northstar Employee 0004,D01,Engineering,Manager,EMP-0001,Northstar Employee 0001,25000.0,Chicago,4.8
EMP-0005,Northstar Employee 0005,D01,Engineering,Manager,EMP-0001,Northstar Employee 0001,15000.0,Austin,9.0
EMP-0006,Northstar Employee 0006,D01,Engineering,Manager,EMP-0001,Northstar Employee 0001,50000.0,Chicago,7.5
EMP-0007,Northstar Employee 0007,D01,Engineering,Manager,EMP-0001,Northstar Employee 0001,25000.0,Chicago,5.6
EMP-0008,Northstar Employee 0008,D01,Engineering,Manager,EMP-0001,Northstar Employee 0001,25000.0,Chicago,11.0
EMP-0009,Northstar Employee 0009,D01,Engineering,Manager,EMP-0001,Northstar Employee 0001,25000.0,New York,5.1
EMP-0010,Northstar Employee 0010,D01,Engineering,Manager,EMP-0001,Northstar Employee 0001,50000.0,Austin,10.1
EMP-0011,Northstar Employee 0011,D01,Engineering,Manager,EMP-0001,Northstar Employee 0001,15000.0,Chicago,2.2
EMP-0012,Northstar Employee 0012,D01,Engineering,Manager,EMP-0001,Northstar Employee 0001,50000.0,Denver,11.0
EMP-0013,Northstar Employee 0013,D01,Engineering,Analyst,EMP-0009,Northstar Employee 0009,0.0,Chicago,4.7
EMP-0014,Northstar Employee 0014,D01,Engineering,Specialist,EMP-0010,Northstar Employee 0010,0.0,Chicago,9.5
EMP-0015,Northstar Employee 0015,D01,Engineering,Analyst,EMP-0004,Northstar Employee 0004,0.0,Denver,1.0
EMP-0016,Northstar Employee 0016,D01,Engineering,Senior Analyst,EMP-0002,Northstar Employee 0002,0.0,San Francisco,5.0
EMP-0017,Northstar Employee 0017,D01,Engineering,Associate,EMP-0005,Northstar Employee 0005,0.0,Austin,0.6
EMP-0018,Northstar Employee 0018,D01,Engineering,Specialist,EMP-0012,Northstar Employee 0012,0.0,Chicago,1.0
EMP-0019,Northstar Employee 0019,D01,Engineering,Analyst,EMP-0009,Northstar Employee 0009,0.0,Chicago,6.0
EMP-0020,Northstar Employee 0020,D01,Engineering,Analyst,EMP-0005,Northstar Employee 0005,0.0,New York,2.5
EMP-0021,Northstar Employee 0021,D01,Engineering,Program Manager,EMP-0003,Northstar Employee 0003,0.0,San Francisco,1.5
EMP-0022,Northstar Employee 0022,D01,Engineering,Senior Analyst,EMP-0002,Northstar Employee 0002,0.0,Austin,6.4
EMP-0023,Northstar Employee 0023,D01,Engineering,Program Manager,EMP-0006,Northstar Employee 0006,0.0,New York,9.5
EMP-0024,Northstar Employee 0024,D01,Engineering,Associate,EMP-0002,Northstar Employee 0002,0.0,Austin,5.3
EMP-0025,Northstar Employee 0025,D01,Engineering,Program Manager,EMP-0008,Northstar Employee 0008,0.0,Chicago,0.5
EMP-0026,Northstar Employee 0026,D01,Engineering,Specialist,EMP-0007,Northstar Employee 0007,0.0,New York,9.9
EMP-0027,Northstar Employee 0027,D01,Engineering,Senior Analyst,EMP-0006,Northstar Employee 0006,0.0,Austin,7.5
EMP-0028,Northstar Employee 0028,D01,Engineering,Associate,EMP-0002,Northstar Employee 0002,0.0,Chicago,2.8
EMP-0029,Northstar Employee 0029,D01,Engineering,Specialist,EMP-0012,Northstar Employee 0012,0.0,Chicago,5.6
EMP-0030,Northstar Employee 0030,D01,Engineering,Analyst,EMP-0002,Northstar Employee 0002,0.0,Denver,1.1
EMP-0031,Northstar Employee 0031,D01,Engineering,Analyst,EMP-0010,Northstar Employee 0010,0.0,Chicago,9.9
EMP-0032,Northstar Employee 0032,D01,Engineering,Specialist,EMP-0003,Northstar Employee 0003,0.0,Chicago,3.9
EMP-0033,Northstar Employee 0033,D01,Engineering,Program Manager,EMP-0003,Northstar Employee 0003,0.0,Austin,2.0
EMP-0034,Northstar Employee 0034,D01,Engineering,Analyst,EMP-0007,Northstar Employee 0007,0.0,Denver,9.9
EMP-0035,Northstar Employee 0035,D01,Engineering,Program Manager,EMP-0003,Northstar Employee 0003,0.0,Chicago,2.9
EMP-0036,Northstar Employee 0036,D01,Engineering,Senior Analyst,EMP-0006,Northstar Employee 0006,0.0,Chicago,0.3
EMP-0037,Northstar Employee 0037,D01,Engineering,Analyst,EMP-0012,Northstar Employee 0012,0.0,Denver,2.3
EMP-0038,Northstar Employee 0038,D01,Engineering,Program Manager,EMP-0005,Northstar Employee 0005,0.0,Chicago,2.9
EMP-0039,Northstar Employee 0039,D01,Engineering,Program Manager,EMP-0007,Northstar Employee 0007,0.0,Austin,8.7
EMP-0040,Northstar Employee 0040,D01,Engineering,Senior Analyst,EMP-0009,Northstar Employee 0009,0.0,Denver,7.4
EMP-0041,Northstar Employee 0041,D01,Engineering,Associate,EMP-0011,Northstar Employee 0011,0.0,San Francisco,3.4
EMP-0042,Northstar Employee 0042,D01,Engineering,Analyst,EMP-0004,Northstar Employee 0004,0.0,Chicago,2.9
EMP-0043,Northstar Employee 0043,D01,Engineering,Specialist,EMP-0005,Northstar Employee 0005,0.0,Austin,0.6
EMP-0044,Northstar Employee 0044,D01,Engineering,Specialist,EMP-0003,Northstar Employee 0003,0.0,New York,3.3
EMP-0045,Northstar Employee 0045,D01,Engineering,Analyst,EMP-0002,Northstar Employee 0002,0.0,Chicago,8.8
EMP-0046,Northstar Employee 0046,D01,Engineering,Program Manager,EMP-0009,Northstar Employee 0009,0.0,Chicago,2.1
EMP-0047,Northstar Employee 0047,D01,Engineering,Associate,EMP-0012,Northstar Employee 0012,0.0,Austin,6.3
EMP-0048,Northstar Employee 0048,D01,Engineering,Analyst,EMP-0006,Northstar Employee 0006,0.0,New York,1.9
EMP-0049,Northstar Employee 0049,D01,Engineering,Program Manager,EMP-0005,Northstar Employee 0005,0.0,New York,4.9
EMP-0050,Northstar Employee 0050,D01,Engineering,Associate,EMP-0007,Northstar Employee 0007,0.0,Austin,6.4
EMP-0051,Northstar Employee 0051,D01,Engineering,Senior Analyst,EMP-0010,Northstar Employee 0010,0.0,Chicago,9.8
EMP-0052,Northstar Employee 0052,D01,Engineering,Program Manager,EMP-0009,Northstar Employee 0009,0.0,New York,4.0
EMP-0053,Northstar Employee 0053,D01,Engineering,Analyst,EMP-0005,Northstar Employee 0005,0.0,Chicago,9.1
EMP-0054,Northstar Employee 0054,D01,Engineering,Analyst,EMP-0011,Northstar Employee 0011,0.0,New York,8.6
EMP-0055,Northstar Employee 0055,D01,Engineering,Analyst,EMP-0006,Northstar Employee 0006,0.0,Chicago,6.1
EMP-0056,Northstar Employee 0056,D01,Engineering,Specialist,EMP-0006,Northstar Employee 0006,0.0,Chicago,5.4
EMP-0057,Northstar Employee 0057,D01,Engineering,Associate,EMP-0008,Northstar Employee 0008,0.0,San Francisco,5.6
EMP-0058,Northstar Employee 0058,D01,Engineering,Analyst,EMP-0003,Northstar Employee 0003,0.0,Austin,0.5
EMP-0059,Northstar Employee 0059,D01,Engineering,Analyst,EMP-0008,Northstar Employee 0008,0.0,Chicago,9.1
EMP-0060,Northstar Employee 0060,D01,Engineering,Specialist,EMP-0004,Northstar Employee 0004,0.0,Austin,4.3
EMP-0061,Northstar Employee 0061,D01,Engineering,Analyst,EMP-0005,Northstar Employee 0005,0.0,Chicago,7.6
EMP-0062,Northstar Employee 0062,D01,Engineering,Senior Analyst,EMP-0012,Northstar Employee 0012,0.0,Austin,7.8
EMP-0063,Northstar Employee 0063,D01,Engineering,Associate,EMP-0010,Northstar Employee 0010,0.0,Denver,2.7
EMP-0064,Northstar Employee 0064,D01,Engineering,Analyst,EMP-0011,Northstar Employee 0011,0.0,Chicago,5.3
EMP-0065,Northstar Employee 0065,D01,Engineering,Program Manager,EMP-0003,Northstar Employee 0003,0.0,Denver,0.7
EMP-0066,Northstar Employee 0066,D01,Engineering,Senior Analyst,EMP-0007,Northstar Employee 0007,0.0,San Francisco,7.0
EMP-0067,Northstar Employee 0067,D01,Engineering,Specialist,EMP-0012,Northstar Employee 0012,0.0,Chicago,6.9
EMP-0068,Northstar Employee 0068,D01,Engineering,Specialist,EMP-0003,Northstar Employee 0003,0.0,Denver,4.2
EMP-0069,Northstar Employee 0069,D01,Engineering,Program Manager,EMP-0010,Northstar Employee 0010,0.0,Austin,3.0
EMP-0070,Northstar Employee 0070,D01,Engineering,Analyst,EMP-0003,Northstar Employee 0003,0.0,Chicago,9.0
EMP-0071,Northstar Employee 0071,D01,Engineering,Associate,EMP-0003,Northstar Employee 0003,0.0,Austin,4.1
EMP-0072,Northstar Employee 0072,D01,Engineering,Analyst,EMP-0010,Northstar Employee 0010,0.0,New York,6.8
EMP-0073,Northstar Employee 0073,D01,Engineering,Associate,EMP-0008,Northstar Employee 0008,0.0,Chicago,4.3
EMP-0074,Northstar Employee 0074,D01,Engineering,Specialist,EMP-0010,Northstar Employee 0010,0.0,New York,9.5
EMP-0075,Northstar Employee 0075,D01,Engineering,Specialist,EMP-0006,Northstar Employee 0006,0.0,Chicago,0.4
EMP-0076,Northstar Employee 0076,D01,Engineering,Senior Analyst,EMP-0004,Northstar Employee 0004,0.0,Austin,2.3
EMP-0077,Northstar Employee 0077,D01,Engineering,Analyst,EMP-0008,Northstar Employee 0008,0.0,Austin,5.9
EMP-0078,Northstar Employee 0078,D01,Engineering,Specialist,EMP-0004,Northstar Employee 0004,0.0,Austin,2.5
EMP-0079,Northstar Employee 0079,D01,Engineering,Associate,EMP-0003,Northstar Employee 0003,0.0,New York,6.8
EMP-0080,Northstar Employee 0080,D01,Engineering,Analyst,EMP-0009,Northstar Employee 0009,0.0,New York,7.4
EMP-0081,Northstar Employee 0081,D01,Engineering,Analyst,EMP-0007,Northstar Employee 0007,0.0,Denver,9.8
EMP-0082,Northstar Employee 0082,D01,Engineering,Program Manager,EMP-0006,Northstar Employee 0006,0.0,Chicago,8.1
EMP-0083,Northstar Employee 0083,D01,Engineering,Specialist,EMP-0012,Northstar Employee 0012,0.0,San Francisco,5.8
EMP-0084,Northstar Employee 0084,D01,Engineering,Associate,EMP-0005,Northstar Employee 0005,0.0,Chicago,7.1
EMP-0085,Northstar Employee 0085,D01,Engineering,Senior Analyst,EMP-0010,Northstar Employee 0010,0.0,Chicago,2.3
EMP-0086,Northstar Employee 0086,D01,Engineering,Program Manager,EMP-0008,Northstar Employee 0008,0.0,San Francisco,4.3
EMP-0087,Northstar Employee 0087,D01,Engineering,Associate,EMP-0011,Northstar Employee 0011,0.0,Austin,2.1
EMP-0088,Northstar Employee 0088,D01,Engineering,Associate,EMP-0004,Northstar Employee 0004,0.0,Denver,5.9
EMP-0089,Northstar Employee 0089,D01,Engineering,Senior Analyst,EMP-0007,Northstar Employee 0007,0.0,San Francisco,6.1
EMP-0090,Northstar Employee 0090,D01,Engineering,Specialist,EMP-0012,Northstar Employee 0012,0.0,Chicago,5.9
EMP-0091,Northstar Employee 0091,D01,Engineering,Specialist,EMP-0008,Northstar Employee 0008,0.0,New York,8.7
EMP-0092,Northstar Employee 0092,D01,Engineering,Program Manager,EMP-0002,Northstar Employee 0002,0.0,Denver,4.3
EMP-0093,Northstar Employee 0093,D01,Engineering,Analyst,EMP-0005,Northstar Employee 0005,0.0,Chicago,3.5
EMP-0094,Northstar Employee 0094,D01,Engineering,Senior Analyst,EMP-0006,Northstar Employee 0006,0.0,Denver,7.8
EMP-0095,Northstar Employee 0095,D01,Engineering,Specialist,EMP-0002,Northstar Employee 0002,0.0,Denver,7.2
EMP-0096,Northstar Employee 0096,D01,Engineering,Associate,EMP-0011,Northstar Employee 0011,0.0,Chicago,9.3
EMP-0097,Northstar Employee 0097,D01,Engineering,Senior Analyst,EMP-0011,Northstar Employee 0011,0.0,San Francisco,0.6
EMP-0098,Northstar Employee 0098,D01,Engineering,Associate,EMP-0012,Northstar Employee 0012,0.0,Chicago,6.4
EMP-0099,Northstar Employee 0099,D01,Engineering,Analyst,EMP-0002,Northstar Employee 0002,0.0,Denver,9.6
EMP-0100,Northstar Employee 0100,D01,Engineering,Program Manager,EMP-0011,Northstar Employee 0011,0.0,San Francisco,8.2
EMP-0101,Northstar Employee 0101,D01,Engineering,Specialist,EMP-0011,Northstar Employee 0011,0.0,Chicago,8.4
EMP-0102,Northstar Employee 0102,D01,Engineering,Program Manager,EMP-0011,Northstar Employee 0011,0.0,Chicago,8.6
EMP-0103,Northstar Employee 0103,D01,Engineering,Program Manager,EMP-0011,Northstar Employee 0011,0.0,Chicago,6.8
EMP-0104,Northstar Employee 0104,D01,Engineering,Program Manager,EMP-0005,Northstar Employee 0005,0.0,Chicago,2.8
EMP-0105,Northstar Employee 0105,D01,Engineering,Specialist,EMP-0011,Northstar Employee 0011,0.0,Chicago,7.2
EMP-0106,Northstar Employee 0106,D01,Engineering,Specialist,EMP-0007,Northstar Employee 0007,0.0,San Francisco,6.0
EMP-0107,Northstar Employee 0107,D01,Engineering,Specialist,EMP-0002,Northstar Employee 0002,0.0,Austin,0.4
EMP-0108,Northstar Employee 0108,D01,Engineering,Senior Analyst,EMP-0007,Northstar Employee 0007,0.0,New York,8.3
EMP-0109,Northstar Employee 0109,D01,Engineering,Analyst,EMP-0002,Northstar Employee 0002,0.0,Denver,9.0
EMP-0110,Northstar Employee 0110,D01,Engineering,Analyst,EMP-0003,Northstar Employee 0003,0.0,Austin,0.3
EMP-0111,Northstar Employee 0111,D01,Engineering,Program Manager,EMP-0011,Northstar Employee 0011,0.0,Denver,3.9
EMP-0112,Northstar Employee 0112,D01,Engineering,Specialist,EMP-0005,Northstar Employee 0005,0.0,San Francisco,2.0
EMP-0113,Northstar Employee 0113,D01,Engineering,Specialist,EMP-0010,Northstar Employee 0010,0.0,Austin,6.7
EMP-0114,Northstar Employee 0114,D01,Engineering,Senior Analyst,EMP-0006,Northstar Employee 0006,0.0,Denver,9.0
EMP-0115,Northstar Employee 0115,D01,Engineering,Senior Analyst,EMP-0003,Northstar Employee 0003,0.0,New York,9.4
EMP-0116,Northstar Employee 0116,D01,Engineering,Program Manager,EMP-0002,Northstar Employee 0002,0.0,Denver,3.1
EMP-0117,Northstar Employee 0117,D01,Engineering,Analyst,EMP-0010,Northstar Employee 0010,0.0,Chicago,2.1
EMP-0118,Northstar Employee 0118,D01,Engineering,Program Manager,EMP-0012,Northstar Employee 0012,0.0,San Francisco,1.5
EMP-0119,Northstar Employee 0119,D01,Engineering,Senior Analyst,EMP-0011,Northstar Employee 0011,0.0,Denver,1.1
EMP-0120,Northstar Employee 0120,D01,Engineering,Senior Analyst,EMP-0005,Northstar Employee 0005,0.0,New York,8.4
EMP-0121,Northstar Employee 0121,D01,Engineering,Associate,EMP-0005,Northstar Employee 0005,0.0,San Francisco,7.7
EMP-0122,Northstar Employee 0122,D01,Engineering,Senior Analyst,EMP-0005,Northstar Employee 0005,0.0,Chicago,8.3
EMP-0123,Northstar Employee 0123,D01,Engineering,Program Manager,EMP-0003,Northstar Employee 0003,0.0,New York,3.7
EMP-0124,Northstar Employee 0124,D01,Engineering,Analyst,EMP-0009,Northstar Employee 0009,0.0,Austin,1.3
EMP-0125,Northstar Employee 0125,D01,Engineering,Specialist,EMP-0012,Northstar Employee 0012,0.0,New York,2.9
EMP-0126,Northstar Employee 0126,D01,Engineering,Analyst,EMP-0009,Northstar Employee 0009,0.0,Chicago,9.5
EMP-0127,Northstar Employee 0127,D01,Engineering,Senior Analyst,EMP-0010,Northstar Employee 0010,0.0,New York,5.7
EMP-0128,Northstar Employee 0128,D01,Engineering,Senior Analyst,EMP-0004,Northstar Employee 0004,0.0,Denver,0.8
EMP-0129,Northstar Employee 0129,D01,Engineering,Analyst,EMP-0002,Northstar Employee 0002,0.0,Chicago,9.0
EMP-0130,Northstar Employee 0130,D01,Engineering,Specialist,EMP-0008,Northstar Employee 0008,0.0,Denver,4.0
EMP-0131,Northstar Employee 0131,D01,Engineering,Specialist,EMP-0010,Northstar Employee 0010,0.0,Denver,6.5
EMP-0132,Northstar Employee 0132,D01,Engineering,Specialist,EMP-0006,Northstar Employee 0006,0.0,Chicago,5.7
EMP-0133,Northstar Employee 0133,D01,Engineering,Senior Analyst,EMP-0011,Northstar Employee 0011,0.0,New York,1.9
EMP-0134,Northstar Employee 0134,D01,Engineering,Specialist,EMP-0011,Northstar Employee 0011,0.0,San Francisco,5.6
EMP-0135,Northstar Employee 0135,D01,Engineering,Analyst,EMP-0006,Northstar Employee 0006,0.0,Chicago,0.6
EMP-0136,Northstar Employee 0136,D01,Engineering,Senior Analyst,EMP-0011,Northstar Employee 0011,0.0,San Francisco,3.6
EMP-0137,Northstar Employee 0137,D01,Engineering,Analyst,EMP-0008,Northstar Employee 0008,0.0,Austin,2.9
EMP-0138,Northstar Employee 0138,D01,Engineering,Program Manager,EMP-0010,Northstar Employee 0010,0.0,Denver,9.4
EMP-0139,Northstar Employee 0139,D01,Engineering,Senior Analyst,EMP-0011,Northstar Employee 0011,0.0,San Francisco,3.7
EMP-0140,Northstar Employee 0140,D01,Engineering,Senior Analyst,EMP-0012,Northstar Employee 0012,0.0,Austin,2.2
EMP-0141,Northstar Employee 0141,D01,Engineering,Senior Analyst,EMP-0002,Northstar Employee 0002,0.0,San Francisco,6.2
EMP-0142,Northstar Employee 0142,D01,Engineering,Analyst,EMP-0003,Northstar Employee 0003,0.0,Chicago,1.4
EMP-0143,Northstar Employee 0143,D01,Engineering,Program Manager,EMP-0005,Northstar Employee 0005,0.0,San Francisco,9.9
EMP-0144,Northstar Employee 0144,D01,Engineering,Specialist,EMP-0008,Northstar Employee 0008,0.0,Chicago,4.3
EMP-0145,Northstar Employee 0145,D01,Engineering,Program Manager,EMP-0003,Northstar Employee 0003,0.0,Denver,5.1
EMP-0146,Northstar Employee 0146,D01,Engineering,Specialist,EMP-0012,Northstar Employee 0012,0.0,Denver,4.8
EMP-0147,Northstar Employee 0147,D01,Engineering,Senior Analyst,EMP-0004,Northstar Employee 0004,0.0,Chicago,5.6
EMP-0148,Northstar Employee 0148,D01,Engineering,Associate,EMP-0002,Northstar Employee 0002,0.0,San Francisco,6.0
EMP-0149,Northstar Employee 0149,D01,Engineering,Specialist,EMP-0004,Northstar Employee 0004,0.0,New York,7.4
EMP-0150,Northstar Employee 0150,D01,Engineering,Analyst,EMP-0011,Northstar Employee 0011,0.0,Chicago,1.6
EMP-0151,Northstar Employee 0151,D01,Engineering,Program Manager,EMP-0005,Northstar Employee 0005,0.0,Austin,6.6
EMP-0152,Northstar Employee 0152,D01,Engineering,Senior Analyst,EMP-0005,Northstar Employee 0005,0.0,Chicago,5.7
EMP-0153,Northstar Employee 0153,D01,Engineering,Associate,EMP-0010,Northstar Employee 0010,0.0,Austin,5.0
EMP-0154,Northstar Employee 0154,D01,Engineering,Analyst,EMP-0009,Northstar Employee 0009,0.0,Chicago,3.0
EMP-0155,Northstar Employee 0155,D01,Engineering,Associate,EMP-0004,Northstar Employee 0004,0.0,Chicago,7.7
EMP-0156,Northstar Employee 0156,D01,Engineering,Specialist,EMP-0004,Northstar Employee 0004,0.0,New York,3.8
EMP-0157,Northstar Employee 0157,D01,Engineering,Analyst,EMP-0007,Northstar Employee 0007,0.0,Chicago,1.7
EMP-0158,Northstar Employee 0158,D01,Engineering,Program Manager,EMP-0005,Northstar Employee 0005,0.0,Austin,8.8
EMP-0159,Northstar Employee 0159,D01,Engineering,Associate,EMP-0008,Northstar Employee 0008,0.0,Denver,3.3
EMP-0160,Northstar Employee 0160,D01,Engineering,Senior Analyst,EMP-0002,Northstar Employee 0002,0.0,San Francisco,3.0
EMP-0161,Northstar Employee 0161,D01,Engineering,Specialist,EMP-0003,Northstar Employee 0003,0.0,Austin,2.1
EMP-0162,Northstar Employee 0162,D01,Engineering,Program Manager,EMP-0005,Northstar Employee 0005,0.0,New York,6.4
EMP-0163,Northstar Employee 0163,D01,Engineering,Analyst,EMP-0003,Northstar Employee 0003,0.0,New York,3.5
EMP-0164,Northstar Employee 0164,D01,Engineering,Analyst,EMP-0006,Northstar Employee 0006,0.0,Chicago,2.5
EMP-0165,Northstar Employee 0165,D01,Engineering,Specialist,EMP-0012,Northstar Employee 0012,0.0,Chicago,3.6
EMP-0166,Northstar Employee 0166,D01,Engineering,Specialist,EMP-0002,Northstar Employee 0002,0.0,Denver,4.6
EMP-0167,Northstar Employee 0167,D01,Engineering,Senior Analyst,EMP-0009,Northstar Employee 0009,0.0,New York,6.8
EMP-0168,Northstar Employee 0168,D01,Engineering,Associate,EMP-0007,Northstar Employee 0007,0.0,Chicago,2.4
EMP-0169,Northstar Employee 0169,D01,Engineering,Associate,EMP-0004,Northstar Employee 0004,0.0,Chicago,7.7
EMP-0170,Northstar Employee 0170,D01,Engineering,Specialist,EMP-0008,Northstar Employee 0008,0.0,New York,2.2
EMP-0171,Northstar Employee 0171,D01,Engineering,Program Manager,EMP-0002,Northstar Employee 0002,0.0,Chicago,7.7
EMP-0172,Northstar Employee 0172,D01,Engineering,Program Manager,EMP-0012,Northstar Employee 0012,0.0,San Francisco,4.3
EMP-0173,Northstar Employee 0173,D01,Engineering,Specialist,EMP-0003,Northstar Employee 0003,0.0,Austin,7.9
EMP-0174,Northstar Employee 0174,D01,Engineering,Associate,EMP-0012,Northstar Employee 0012,0.0,Chicago,4.8
EMP-0175,Northstar Employee 0175,D01,Engineering,Analyst,EMP-0004,Northstar Employee 0004,0.0,Austin,5.0
EMP-0176,Northstar Employee 0176,D01,Engineering,Analyst,EMP-0004,Northstar Employee 0004,0.0,New York,8.5
EMP-0177,Northstar Employee 0177,D01,Engineering,Analyst,EMP-0009,Northstar Employee 0009,0.0,Chicago,7.8
EMP-0178,Northstar Employee 0178,D01,Engineering,Specialist,EMP-0012,Northstar Employee 0012,0.0,Chicago,4.4
EMP-0179,Northstar Employee 0179,D01,Engineering,Program Manager,EMP-0011,Northstar Employee 0011,0.0,San Francisco,1.0
EMP-0180,Northstar Employee 0180,D01,Engineering,Associate,EMP-0010,Northstar Employee 0010,0.0,Austin,3.8
EMP-0181,Northstar Employee 0181,D01,Engineering,Senior Analyst,EMP-0006,Northstar Employee 0006,0.0,Austin,7.3
EMP-0182,Northstar Employee 0182,D01,Engineering,Senior Analyst,EMP-0002,Northstar Employee 0002,0.0,Austin,0.9
EMP-0183,Northstar Employee 0183,D01,Engineering,Program Manager,EMP-0009,Northstar Employee 0009,0.0,San Francisco,7.9
EMP-0184,Northstar Employee 0184,D01,Engineering,Specialist,EMP-0012,Northstar Employee 0012,0.0,Denver,5.8
EMP-0185,Northstar Employee 0185,D01,Engineering,Analyst,EMP-0010,Northstar Employee 0010,0.0,San Francisco,1.7
EMP-0186,Northstar Employee 0186,D01,Engineering,Senior Analyst,EMP-0012,Northstar Employee 0012,0.0,New York,1.8
EMP-0187,Northstar Employee 0187,D01,Engineering,Senior Analyst,EMP-0002,Northstar Employee 0002,0.0,Chicago,6.7
EMP-0188,Northstar Employee 0188,D01,Engineering,Program Manager,EMP-0003,Northstar Employee 0003,0.0,Chicago,8.3
EMP-0189,Northstar Employee 0189,D01,Engineering,Associate,EMP-0004,Northstar Employee 0004,0.0,Austin,3.8
EMP-0190,Northstar Employee 0190,D01,Engineering,Senior Analyst,EMP-0009,Northstar Employee 0009,0.0,Denver,2.0
EMP-0191,Northstar Employee 0191,D01,Engineering,Specialist,EMP-0006,Northstar Employee 0006,0.0,Chicago,4.7
EMP-0192,Northstar Employee 0192,D01,Engineering,Analyst,EMP-0005,Northstar Employee 0005,0.0,San Francisco,0.5
EMP-0193,Northstar Employee 0193,D01,Engineering,Associate,EMP-0008,Northstar Employee 0008,0.0,San Francisco,5.8
EMP-0194,Northstar Employee 0194,D01,Engineering,Senior Analyst,EMP-0011,Northstar Employee 0011,0.0,Denver,4.0
EMP-0195,Northstar Employee 0195,D01,Engineering,Associate,EMP-0005,Northstar Employee 0005,0.0,Chicago,9.2
EMP-0196,Northstar Employee 0196,D01,Engineering,Senior Analyst,EMP-0008,Northstar Employee 0008,0.0,San Francisco,3.4
EMP-0197,Northstar Employee 0197,D01,Engineering,Specialist,EMP-0002,Northstar Employee 0002,0.0,New York,2.1
EMP-0198,Northstar Employee 0198,D01,Engineering,Analyst,EMP-0011,Northstar Employee 0011,0.0,Austin,7.3
EMP-0199,Northstar Employee 0199,D01,Engineering,Specialist,EMP-0003,Northstar Employee 0003,0.0,Austin,1.3
EMP-0200,Northstar Employee 0200,D01,Engineering,Program Manager,EMP-0004,Northstar Employee 0004,0.0,New York,5.3
EMP-0201,Northstar Employee 0201,D02,Product,Director,EMP-0001,Northstar Employee 0001,150000.0,New York,12.4
EMP-0202,Northstar Employee 0202,D02,Product,Senior Manager,EMP-0201,Northstar Employee 0201,15000.0,New York,4.8
EMP-0203,Northstar Employee 0203,D02,Product,Senior Manager,EMP-0201,Northstar Employee 0201,50000.0,San Francisco,6.6
EMP-0204,Northstar Employee 0204,D02,Product,Manager,EMP-0201,Northstar Employee 0201,50000.0,Denver,11.2
EMP-0205,Northstar Employee 0205,D02,Product,Manager,EMP-0201,Northstar Employee 0201,50000.0,San Francisco,5.8
EMP-0206,Northstar Employee 0206,D02,Product,Manager,EMP-0201,Northstar Employee 0201,25000.0,Chicago,5.4
EMP-0207,Northstar Employee 0207,D02,Product,Manager,EMP-0201,Northstar Employee 0201,50000.0,Chicago,8.1
EMP-0208,Northstar Employee 0208,D02,Product,Manager,EMP-0201,Northstar Employee 0201,75000.0,Denver,2.7
EMP-0209,Northstar Employee 0209,D02,Product,Manager,EMP-0201,Northstar Employee 0201,75000.0,San Francisco,4.2
EMP-0210,Northstar Employee 0210,D02,Product,Manager,EMP-0201,Northstar Employee 0201,25000.0,Denver,6.1
EMP-0211,Northstar Employee 0211,D02,Product,Manager,EMP-0201,Northstar Employee 0201,15000.0,Chicago,9.3
EMP-0212,Northstar Employee 0212,D02,Product,Manager,EMP-0201,Northstar Employee 0201,50000.0,Chicago,11.4
EMP-0213,Northstar Employee 0213,D02,Product,Specialist,EMP-0205,Northstar Employee 0205,0.0,Austin,4.7
EMP-0214,Northstar Employee 0214,D02,Product,Specialist,EMP-0204,Northstar Employee 0204,0.0,Austin,8.6
EMP-0215,Northstar Employee 0215,D02,Product,Associate,EMP-0203,Northstar Employee 0203,0.0,San Francisco,6.9
EMP-0216,Northstar Employee 0216,D02,Product,Analyst,EMP-0207,Northstar Employee 0207,0.0,Denver,5.8
EMP-0217,Northstar Employee 0217,D02,Product,Specialist,EMP-0205,Northstar Employee 0205,0.0,Chicago,0.4
EMP-0218,Northstar Employee 0218,D02,Product,Associate,EMP-0203,Northstar Employee 0203,0.0,Chicago,2.2
EMP-0219,Northstar Employee 0219,D02,Product,Specialist,EMP-0206,Northstar Employee 0206,0.0,San Francisco,2.1
EMP-0220,Northstar Employee 0220,D02,Product,Program Manager,EMP-0210,Northstar Employee 0210,0.0,Denver,0.8
EMP-0221,Northstar Employee 0221,D02,Product,Senior Analyst,EMP-0207,Northstar Employee 0207,0.0,Austin,4.4
EMP-0222,Northstar Employee 0222,D02,Product,Program Manager,EMP-0209,Northstar Employee 0209,0.0,Austin,4.7
EMP-0223,Northstar Employee 0223,D02,Product,Specialist,EMP-0209,Northstar Employee 0209,0.0,Chicago,5.3
EMP-0224,Northstar Employee 0224,D02,Product,Specialist,EMP-0209,Northstar Employee 0209,0.0,Denver,7.5
EMP-0225,Northstar Employee 0225,D02,Product,Specialist,EMP-0208,Northstar Employee 0208,0.0,Denver,1.3
EMP-0226,Northstar Employee 0226,D02,Product,Analyst,EMP-0207,Northstar Employee 0207,0.0,Austin,6.7
EMP-0227,Northstar Employee 0227,D02,Product,Analyst,EMP-0204,Northstar Employee 0204,0.0,Chicago,9.8
EMP-0228,Northstar Employee 0228,D02,Product,Analyst,EMP-0203,Northstar Employee 0203,0.0,Chicago,5.3
EMP-0229,Northstar Employee 0229,D02,Product,Analyst,EMP-0203,Northstar Employee 0203,0.0,Chicago,8.6
EMP-0230,Northstar Employee 0230,D02,Product,Senior Analyst,EMP-0207,Northstar Employee 0207,0.0,Denver,0.4
EMP-0231,Northstar Employee 0231,D02,Product,Program Manager,EMP-0206,Northstar Employee 0206,0.0,Austin,7.1
EMP-0232,Northstar Employee 0232,D02,Product,Senior Analyst,EMP-0207,Northstar Employee 0207,0.0,Chicago,8.8
EMP-0233,Northstar Employee 0233,D02,Product,Specialist,EMP-0206,Northstar Employee 0206,0.0,Chicago,2.8
EMP-0234,Northstar Employee 0234,D02,Product,Program Manager,EMP-0203,Northstar Employee 0203,0.0,San Francisco,3.9
EMP-0235,Northstar Employee 0235,D02,Product,Analyst,EMP-0206,Northstar Employee 0206,0.0,Denver,5.4
EMP-0236,Northstar Employee 0236,D02,Product,Associate,EMP-0206,Northstar Employee 0206,0.0,San Francisco,8.5
EMP-0237,Northstar Employee 0237,D02,Product,Analyst,EMP-0204,Northstar Employee 0204,0.0,Denver,3.9
EMP-0238,Northstar Employee 0238,D02,Product,Specialist,EMP-0207,Northstar Employee 0207,0.0,Chicago,0.6
EMP-0239,Northstar Employee 0239,D02,Product,Analyst,EMP-0208,Northstar Employee 0208,0.0,San Francisco,4.6
EMP-0240,Northstar Employee 0240,D02,Product,Associate,EMP-0207,Northstar Employee 0207,0.0,New York,9.2
EMP-0241,Northstar Employee 0241,D02,Product,Specialist,EMP-0203,Northstar Employee 0203,0.0,San Francisco,6.9
EMP-0242,Northstar Employee 0242,D02,Product,Program Manager,EMP-0212,Northstar Employee 0212,0.0,New York,9.8
EMP-0243,Northstar Employee 0243,D02,Product,Senior Analyst,EMP-0209,Northstar Employee 0209,0.0,Austin,1.5
EMP-0244,Northstar Employee 0244,D02,Product,Program Manager,EMP-0210,Northstar Employee 0210,0.0,Chicago,9.6
EMP-0245,Northstar Employee 0245,D02,Product,Analyst,EMP-0208,Northstar Employee 0208,0.0,Austin,4.8
EMP-0246,Northstar Employee 0246,D02,Product,Associate,EMP-0206,Northstar Employee 0206,0.0,Chicago,9.1
EMP-0247,Northstar Employee 0247,D02,Product,Analyst,EMP-0211,Northstar Employee 0211,0.0,Austin,1.3
EMP-0248,Northstar Employee 0248,D02,Product,Specialist,EMP-0204,Northstar Employee 0204,0.0,Austin,7.4
EMP-0249,Northstar Employee 0249,D02,Product,Senior Analyst,EMP-0210,Northstar Employee 0210,0.0,New York,2.5
EMP-0250,Northstar Employee 0250,D02,Product,Analyst,EMP-0202,Northstar Employee 0202,0.0,Chicago,7.1
EMP-0251,Northstar Employee 0251,D02,Product,Specialist,EMP-0211,Northstar Employee 0211,0.0,New York,7.9
EMP-0252,Northstar Employee 0252,D02,Product,Program Manager,EMP-0211,Northstar Employee 0211,0.0,New York,8.4
EMP-0253,Northstar Employee 0253,D02,Product,Associate,EMP-0206,Northstar Employee 0206,0.0,San Francisco,7.2
EMP-0254,Northstar Employee 0254,D02,Product,Specialist,EMP-0209,Northstar Employee 0209,0.0,Chicago,6.8
EMP-0255,Northstar Employee 0255,D02,Product,Program Manager,EMP-0210,Northstar Employee 0210,0.0,New York,6.4
EMP-0256,Northstar Employee 0256,D02,Product,Analyst,EMP-0210,Northstar Employee 0210,0.0,New York,5.7
EMP-0257,Northstar Employee 0257,D02,Product,Analyst,EMP-0203,Northstar Employee 0203,0.0,New York,4.2
EMP-0258,Northstar Employee 0258,D02,Product,Program Manager,EMP-0202,Northstar Employee 0202,0.0,Chicago,3.1
EMP-0259,Northstar Employee 0259,D02,Product,Senior Analyst,EMP-0209,Northstar Employee 0209,0.0,San Francisco,1.4
EMP-0260,Northstar Employee 0260,D02,Product,Specialist,EMP-0211,Northstar Employee 0211,0.0,Chicago,0.7
EMP-0261,Northstar Employee 0261,D02,Product,Analyst,EMP-0205,Northstar Employee 0205,0.0,Chicago,5.4
EMP-0262,Northstar Employee 0262,D02,Product,Specialist,EMP-0203,Northstar Employee 0203,0.0,Denver,7.9
EMP-0263,Northstar Employee 0263,D02,Product,Senior Analyst,EMP-0207,Northstar Employee 0207,0.0,Austin,5.5
EMP-0264,Northstar Employee 0264,D02,Product,Specialist,EMP-0210,Northstar Employee 0210,0.0,Chicago,9.6
EMP-0265,Northstar Employee 0265,D02,Product,Analyst,EMP-0206,Northstar Employee 0206,0.0,Chicago,9.7
EMP-0266,Northstar Employee 0266,D02,Product,Analyst,EMP-0209,Northstar Employee 0209,0.0,New York,7.7
EMP-0267,Northstar Employee 0267,D02,Product,Associate,EMP-0203,Northstar Employee 0203,0.0,Denver,1.0
EMP-0268,Northstar Employee 0268,D02,Product,Specialist,EMP-0204,Northstar Employee 0204,0.0,New York,5.8
EMP-0269,Northstar Employee 0269,D02,Product,Associate,EMP-0203,Northstar Employee 0203,0.0,San Francisco,6.1
EMP-0270,Northstar Employee 0270,D02,Product,Associate,EMP-0209,Northstar Employee 0209,0.0,Denver,0.7
EMP-0271,Northstar Employee 0271,D02,Product,Specialist,EMP-0210,Northstar Employee 0210,0.0,New York,1.8
EMP-0272,Northstar Employee 0272,D02,Product,Senior Analyst,EMP-0205,Northstar Employee 0205,0.0,San Francisco,4.9
EMP-0273,Northstar Employee 0273,D02,Product,Program Manager,EMP-0204,Northstar Employee 0204,0.0,New York,2.1
EMP-0274,Northstar Employee 0274,D02,Product,Analyst,EMP-0212,Northstar Employee 0212,0.0,Austin,4.8
EMP-0275,Northstar Employee 0275,D02,Product,Analyst,EMP-0205,Northstar Employee 0205,0.0,San Francisco,0.7
EMP-0276,Northstar Employee 0276,D02,Product,Analyst,EMP-0211,Northstar Employee 0211,0.0,Chicago,9.6
EMP-0277,Northstar Employee 0277,D02,Product,Program Manager,EMP-0212,Northstar Employee 0212,0.0,Chicago,7.4
EMP-0278,Northstar Employee 0278,D02,Product,Associate,EMP-0211,Northstar Employee 0211,0.0,New York,4.3
EMP-0279,Northstar Employee 0279,D02,Product,Program Manager,EMP-0204,Northstar Employee 0204,0.0,Denver,6.0
EMP-0280,Northstar Employee 0280,D02,Product,Associate,EMP-0203,Northstar Employee 0203,0.0,Chicago,4.8
EMP-0281,Northstar Employee 0281,D02,Product,Analyst,EMP-0209,Northstar Employee 0209,0.0,Austin,8.2
EMP-0282,Northstar Employee 0282,D02,Product,Specialist,EMP-0207,Northstar Employee 0207,0.0,Chicago,7.7
EMP-0283,Northstar Employee 0283,D02,Product,Associate,EMP-0207,Northstar Employee 0207,0.0,San Francisco,3.1
EMP-0284,Northstar Employee 0284,D02,Product,Specialist,EMP-0205,Northstar Employee 0205,0.0,Denver,1.2
EMP-0285,Northstar Employee 0285,D02,Product,Analyst,EMP-0203,Northstar Employee 0203,0.0,San Francisco,3.5
EMP-0286,Northstar Employee 0286,D02,Product,Specialist,EMP-0211,Northstar Employee 0211,0.0,Chicago,0.5
EMP-0287,Northstar Employee 0287,D02,Product,Specialist,EMP-0212,Northstar Employee 0212,0.0,Austin,5.9
EMP-0288,Northstar Employee 0288,D02,Product,Associate,EMP-0209,Northstar Employee 0209,0.0,New York,1.9
EMP-0289,Northstar Employee 0289,D02,Product,Analyst,EMP-0212,Northstar Employee 0212,0.0,Denver,3.9
EMP-0290,Northstar Employee 0290,D02,Product,Analyst,EMP-0212,Northstar Employee 0212,0.0,San Francisco,7.8
EMP-0291,Northstar Employee 0291,D02,Product,Associate,EMP-0205,Northstar Employee 0205,0.0,Chicago,4.7
EMP-0292,Northstar Employee 0292,D02,Product,Senior Analyst,EMP-0210,Northstar Employee 0210,0.0,San Francisco,7.4
EMP-0293,Northstar Employee 0293,D02,Product,Analyst,EMP-0212,Northstar Employee 0212,0.0,Chicago,9.9
EMP-0294,Northstar Employee 0294,D02,Product,Program Manager,EMP-0205,Northstar Employee 0205,0.0,Chicago,3.9
EMP-0295,Northstar Employee 0295,D02,Product,Associate,EMP-0211,Northstar Employee 0211,0.0,San Francisco,8.4
EMP-0296,Northstar Employee 0296,D02,Product,Senior Analyst,EMP-0211,Northstar Employee 0211,0.0,Austin,6.2
EMP-0297,Northstar Employee 0297,D02,Product,Specialist,EMP-0211,Northstar Employee 0211,0.0,Chicago,9.9
EMP-0298,Northstar Employee 0298,D02,Product,Associate,EMP-0211,Northstar Employee 0211,0.0,San Francisco,1.1
EMP-0299,Northstar Employee 0299,D02,Product,Analyst,EMP-0211,Northstar Employee 0211,0.0,Chicago,3.6
EMP-0300,Northstar Employee 0300,D02,Product,Associate,EMP-0204,Northstar Employee 0204,0.0,Austin,2.3
EMP-0301,Northstar Employee 0301,D02,Product,Specialist,EMP-0211,Northstar Employee 0211,0.0,Denver,9.8
EMP-0302,Northstar Employee 0302,D02,Product,Program Manager,EMP-0205,Northstar Employee 0205,0.0,Denver,6.4
EMP-0303,Northstar Employee 0303,D02,Product,Associate,EMP-0206,Northstar Employee 0206,0.0,Denver,1.7
EMP-0304,Northstar Employee 0304,D02,Product,Analyst,EMP-0206,Northstar Employee 0206,0.0,San Francisco,1.5
EMP-0305,Northstar Employee 0305,D02,Product,Analyst,EMP-0203,Northstar Employee 0203,0.0,San Francisco,2.2
EMP-0306,Northstar Employee 0306,D02,Product,Program Manager,EMP-0202,Northstar Employee 0202,0.0,Chicago,1.0
EMP-0307,Northstar Employee 0307,D02,Product,Analyst,EMP-0206,Northstar Employee 0206,0.0,Chicago,1.7
EMP-0308,Northstar Employee 0308,D02,Product,Analyst,EMP-0203,Northstar Employee 0203,0.0,Austin,5.2
EMP-0309,Northstar Employee 0309,D02,Product,Associate,EMP-0202,Northstar Employee 0202,0.0,Austin,7.6
EMP-0310,Northstar Employee 0310,D02,Product,Senior Analyst,EMP-0206,Northstar Employee 0206,0.0,San Francisco,5.6
EMP-0311,Northstar Employee 0311,D02,Product,Analyst,EMP-0211,Northstar Employee 0211,0.0,Austin,7.5
EMP-0312,Northstar Employee 0312,D02,Product,Program Manager,EMP-0211,Northstar Employee 0211,0.0,San Francisco,5.5
EMP-0313,Northstar Employee 0313,D02,Product,Analyst,EMP-0210,Northstar Employee 0210,0.0,Denver,6.3
EMP-0314,Northstar Employee 0314,D02,Product,Senior Analyst,EMP-0211,Northstar Employee 0211,0.0,Austin,4.2
EMP-0315,Northstar Employee 0315,D02,Product,Analyst,EMP-0209,Northstar Employee 0209,0.0,Austin,8.7
EMP-0316,Northstar Employee 0316,D02,Product,Analyst,EMP-0203,Northstar Employee 0203,0.0,Chicago,3.0
EMP-0317,Northstar Employee 0317,D02,Product,Program Manager,EMP-0210,Northstar Employee 0210,0.0,San Francisco,7.8
EMP-0318,Northstar Employee 0318,D02,Product,Specialist,EMP-0203,Northstar Employee 0203,0.0,Chicago,1.9
EMP-0319,Northstar Employee 0319,D02,Product,Specialist,EMP-0212,Northstar Employee 0212,0.0,Denver,9.6
EMP-0320,Northstar Employee 0320,D02,Product,Associate,EMP-0207,Northstar Employee 0207,0.0,New York,6.3
EMP-0321,Northstar Employee 0321,D02,Product,Associate,EMP-0212,Northstar Employee 0212,0.0,Chicago,6.0
EMP-0322,Northstar Employee 0322,D02,Product,Senior Analyst,EMP-0209,Northstar Employee 0209,0.0,Austin,2.5
EMP-0323,Northstar Employee 0323,D02,Product,Specialist,EMP-0212,Northstar Employee 0212,0.0,Austin,7.7
EMP-0324,Northstar Employee 0324,D02,Product,Associate,EMP-0209,Northstar Employee 0209,0.0,Chicago,6.3
EMP-0325,Northstar Employee 0325,D02,Product,Senior Analyst,EMP-0207,Northstar Employee 0207,0.0,San Francisco,6.6
EMP-0326,Northstar Employee 0326,D02,Product,Specialist,EMP-0212,Northstar Employee 0212,0.0,Austin,7.2
EMP-0327,Northstar Employee 0327,D02,Product,Specialist,EMP-0211,Northstar Employee 0211,0.0,New York,1.3
EMP-0328,Northstar Employee 0328,D02,Product,Analyst,EMP-0210,Northstar Employee 0210,0.0,Austin,3.8
EMP-0329,Northstar Employee 0329,D02,Product,Analyst,EMP-0205,Northstar Employee 0205,0.0,Chicago,2.4
EMP-0330,Northstar Employee 0330,D02,Product,Specialist,EMP-0210,Northstar Employee 0210,0.0,Chicago,1.5
EMP-0331,Northstar Employee 0331,D02,Product,Analyst,EMP-0207,Northstar Employee 0207,0.0,Austin,8.0
EMP-0332,Northstar Employee 0332,D02,Product,Analyst,EMP-0204,Northstar Employee 0204,0.0,Austin,3.4
EMP-0333,Northstar Employee 0333,D02,Product,Senior Analyst,EMP-0211,Northstar Employee 0211,0.0,Denver,1.3
EMP-0334,Northstar Employee 0334,D02,Product,Specialist,EMP-0211,Northstar Employee 0211,0.0,Austin,4.2
EMP-0335,Northstar Employee 0335,D02,Product,Analyst,EMP-0211,Northstar Employee 0211,0.0,Chicago,1.4
EMP-0336,Northstar Employee 0336,D02,Product,Associate,EMP-0206,Northstar Employee 0206,0.0,Denver,9.3
EMP-0337,Northstar Employee 0337,D02,Product,Program Manager,EMP-0206,Northstar Employee 0206,0.0,Denver,6.1
EMP-0338,Northstar Employee 0338,D02,Product,Program Manager,EMP-0211,Northstar Employee 0211,0.0,Denver,9.7
EMP-0339,Northstar Employee 0339,D02,Product,Specialist,EMP-0203,Northstar Employee 0203,0.0,Chicago,9.2
EMP-0340,Northstar Employee 0340,D02,Product,Program Manager,EMP-0207,Northstar Employee 0207,0.0,San Francisco,6.9
EMP-0341,Northstar Employee 0341,D02,Product,Specialist,EMP-0209,Northstar Employee 0209,0.0,New York,5.8
EMP-0342,Northstar Employee 0342,D02,Product,Specialist,EMP-0212,Northstar Employee 0212,0.0,Chicago,8.2
EMP-0343,Northstar Employee 0343,D02,Product,Program Manager,EMP-0210,Northstar Employee 0210,0.0,New York,9.8
EMP-0344,Northstar Employee 0344,D02,Product,Specialist,EMP-0210,Northstar Employee 0210,0.0,San Francisco,7.4
EMP-0345,Northstar Employee 0345,D02,Product,Senior Analyst,EMP-0203,Northstar Employee 0203,0.0,Denver,3.8
EMP-0346,Northstar Employee 0346,D02,Product,Analyst,EMP-0211,Northstar Employee 0211,0.0,San Francisco,3.3
EMP-0347,Northstar Employee 0347,D02,Product,Specialist,EMP-0204,Northstar Employee 0204,0.0,Austin,5.6
EMP-0348,Northstar Employee 0348,D02,Product,Specialist,EMP-0209,Northstar Employee 0209,0.0,Austin,6.7
EMP-0349,Northstar Employee 0349,D02,Product,Program Manager,EMP-0204,Northstar Employee 0204,0.0,Austin,4.6
EMP-0350,Northstar Employee 0350,D02,Product,Senior Analyst,EMP-0207,Northstar Employee 0207,0.0,Chicago,1.0
EMP-0351,Northstar Employee 0351,D02,Product,Specialist,EMP-0204,Northstar Employee 0204,0.0,San Francisco,9.3
EMP-0352,Northstar Employee 0352,D02,Product,Analyst,EMP-0209,Northstar Employee 0209,0.0,New York,4.7
EMP-0353,Northstar Employee 0353,D02,Product,Analyst,EMP-0210,Northstar Employee 0210,0.0,Denver,9.3
EMP-0354,Northstar Employee 0354,D02,Product,Specialist,EMP-0203,Northstar Employee 0203,0.0,San Francisco,4.5
EMP-0355,Northstar Employee 0355,D02,Product,Analyst,EMP-0204,Northstar Employee 0204,0.0,Chicago,2.3
EMP-0356,Northstar Employee 0356,D02,Product,Program Manager,EMP-0211,Northstar Employee 0211,0.0,Denver,7.2
EMP-0357,Northstar Employee 0357,D02,Product,Program Manager,EMP-0211,Northstar Employee 0211,0.0,Austin,9.6
EMP-0358,Northstar Employee 0358,D02,Product,Analyst,EMP-0205,Northstar Employee 0205,0.0,Chicago,8.4
EMP-0359,Northstar Employee 0359,D02,Product,Program Manager,EMP-0212,Northstar Employee 0212,0.0,San Francisco,7.6
EMP-0360,Northstar Employee 0360,D02,Product,Analyst,EMP-0202,Northstar Employee 0202,0.0,San Francisco,9.6
EMP-0361,Northstar Employee 0361,D02,Product,Senior Analyst,EMP-0204,Northstar Employee 0204,0.0,New York,0.7
EMP-0362,Northstar Employee 0362,D02,Product,Program Manager,EMP-0212,Northstar Employee 0212,0.0,Chicago,4.2
EMP-0363,Northstar Employee 0363,D02,Product,Senior Analyst,EMP-0203,Northstar Employee 0203,0.0,Chicago,5.0
EMP-0364,Northstar Employee 0364,D02,Product,Senior Analyst,EMP-0210,Northstar Employee 0210,0.0,San Francisco,4.8
EMP-0365,Northstar Employee 0365,D02,Product,Program Manager,EMP-0209,Northstar Employee 0209,0.0,Austin,5.5
EMP-0366,Northstar Employee 0366,D02,Product,Associate,EMP-0210,Northstar Employee 0210,0.0,Denver,9.8
EMP-0367,Northstar Employee 0367,D02,Product,Specialist,EMP-0211,Northstar Employee 0211,0.0,Austin,2.9
EMP-0368,Northstar Employee 0368,D02,Product,Analyst,EMP-0210,Northstar Employee 0210,0.0,Denver,6.8
EMP-0369,Northstar Employee 0369,D02,Product,Analyst,EMP-0203,Northstar Employee 0203,0.0,Chicago,3.4
EMP-0370,Northstar Employee 0370,D02,Product,Analyst,EMP-0203,Northstar Employee 0203,0.0,Austin,8.8
EMP-0371,Northstar Employee 0371,D02,Product,Program Manager,EMP-0209,Northstar Employee 0209,0.0,Chicago,7.1
EMP-0372,Northstar Employee 0372,D02,Product,Specialist,EMP-0205,Northstar Employee 0205,0.0,New York,7.0
EMP-0373,Northstar Employee 0373,D02,Product,Program Manager,EMP-0209,Northstar Employee 0209,0.0,San Francisco,9.5
EMP-0374,Northstar Employee 0374,D02,Product,Program Manager,EMP-0206,Northstar Employee 0206,0.0,New York,3.2
EMP-0375,Northstar Employee 0375,D02,Product,Senior Analyst,EMP-0207,Northstar Employee 0207,0.0,Chicago,2.9
EMP-0376,Northstar Employee 0376,D02,Product,Program Manager,EMP-0210,Northstar Employee 0210,0.0,Austin,3.4
EMP-0377,Northstar Employee 0377,D02,Product,Specialist,EMP-0211,Northstar Employee 0211,0.0,Chicago,8.6
EMP-0378,Northstar Employee 0378,D02,Product,Analyst,EMP-0207,Northstar Employee 0207,0.0,Chicago,6.8
EMP-0379,Northstar Employee 0379,D02,Product,Associate,EMP-0211,Northstar Employee 0211,0.0,Austin,7.5
EMP-0380,Northstar Employee 0380,D02,Product,Specialist,EMP-0203,Northstar Employee 0203,0.0,Chicago,6.2
EMP-0381,Northstar Employee 0381,D02,Product,Analyst,EMP-0206,Northstar Employee 0206,0.0,Austin,4.6
EMP-0382,Northstar Employee 0382,D02,Product,Specialist,EMP-0206,Northstar Employee 0206,0.0,Austin,3.6
EMP-0383,Northstar Employee 0383,D02,Product,Associate,EMP-0207,Northstar Employee 0207,0.0,New York,9.2
EMP-0384,Northstar Employee 0384,D02,Product,Senior Analyst,EMP-0204,Northstar Employee 0204,0.0,San Francisco,4.9
EMP-0385,Northstar Employee 0385,D02,Product,Specialist,EMP-0206,Northstar Employee 0206,0.0,New York,3.3
EMP-0386,Northstar Employee 0386,D02,Product,Program Manager,EMP-0211,Northstar Employee 0211,0.0,Chicago,7.5
EMP-0387,Northstar Employee 0387,D02,Product,Associate,EMP-0210,Northstar Employee 0210,0.0,Chicago,4.4
EMP-0388,Northstar Employee 0388,D02,Product,Senior Analyst,EMP-0203,Northstar Employee 0203,0.0,San Francisco,9.6
EMP-0389,Northstar Employee 0389,D02,Product,Associate,EMP-0205,Northstar Employee 0205,0.0,Chicago,6.5
EMP-0390,Northstar Employee 0390,D02,Product,Senior Analyst,EMP-0208,Northstar Employee 0208,0.0,New York,3.7
EMP-0391,Northstar Employee 0391,D02,Product,Analyst,EMP-0203,Northstar Employee 0203,0.0,Denver,1.2
EMP-0392,Northstar Employee 0392,D02,Product,Program Manager,EMP-0208,Northstar Employee 0208,0.0,Chicago,7.6
EMP-0393,Northstar Employee 0393,D02,Product,Senior Analyst,EMP-0211,Northstar Employee 0211,0.0,San Francisco,5.8
EMP-0394,Northstar Employee 0394,D02,Product,Program Manager,EMP-0208,Northstar Employee 0208,0.0,Denver,0.6
EMP-0395,Northstar Employee 0395,D02,Product,Program Manager,EMP-0205,Northstar Employee 0205,0.0,Denver,0.5
EMP-0396,Northstar Employee 0396,D02,Product,Senior Analyst,EMP-0202,Northstar Employee 0202,0.0,Denver,7.7
EMP-0397,Northstar Employee 0397,D02,Product,Analyst,EMP-0205,Northstar Employee 0205,0.0,Denver,2.9
EMP-0398,Northstar Employee 0398,D02,Product,Associate,EMP-0202,Northstar Employee 0202,0.0,Austin,8.7
EMP-0399,Northstar Employee 0399,D02,Product,Specialist,EMP-0203,Northstar Employee 0203,0.0,Chicago,7.8
EMP-0400,Northstar Employee 0400,D02,Product,Program Manager,EMP-0202,Northstar Employee 0202,0.0,Austin,1.7
EMP-0401,Northstar Employee 0401,D03,Sales,Director,EMP-0001,Northstar Employee 0001,150000.0,New York,4.6
EMP-0402,Northstar Employee 0402,D03,Sales,Senior Manager,EMP-0401,Northstar Employee 0401,75000.0,Austin,7.0
EMP-0403,Northstar Employee 0403,D03,Sales,Senior Manager,EMP-0401,Northstar Employee 0401,15000.0,Austin,4.8
EMP-0404,Northstar Employee 0404,D03,Sales,Manager,EMP-0401,Northstar Employee 0401,25000.0,Denver,9.9
EMP-0405,Northstar Employee 0405,D03,Sales,Manager,EMP-0401,Northstar Employee 0401,75000.0,Austin,11.4
EMP-0406,Northstar Employee 0406,D03,Sales,Manager,EMP-0401,Northstar Employee 0401,50000.0,New York,8.8
EMP-0407,Northstar Employee 0407,D03,Sales,Manager,EMP-0401,Northstar Employee 0401,50000.0,Chicago,10.2
EMP-0408,Northstar Employee 0408,D03,Sales,Manager,EMP-0401,Northstar Employee 0401,75000.0,Denver,7.2
EMP-0409,Northstar Employee 0409,D03,Sales,Manager,EMP-0401,Northstar Employee 0401,50000.0,New York,9.7
EMP-0410,Northstar Employee 0410,D03,Sales,Manager,EMP-0401,Northstar Employee 0401,25000.0,Chicago,5.7
EMP-0411,Northstar Employee 0411,D03,Sales,Manager,EMP-0401,Northstar Employee 0401,25000.0,Chicago,8.5
EMP-0412,Northstar Employee 0412,D03,Sales,Manager,EMP-0401,Northstar Employee 0401,50000.0,New York,10.2
EMP-0413,Northstar Employee 0413,D03,Sales,Specialist,EMP-0402,Northstar Employee 0402,0.0,Denver,9.8
EMP-0414,Northstar Employee 0414,D03,Sales,Analyst,EMP-0405,Northstar Employee 0405,0.0,Chicago,9.0
EMP-0415,Northstar Employee 0415,D03,Sales,Analyst,EMP-0403,Northstar Employee 0403,0.0,Denver,1.7
EMP-0416,Northstar Employee 0416,D03,Sales,Analyst,EMP-0411,Northstar Employee 0411,0.0,New York,9.5
EMP-0417,Northstar Employee 0417,D03,Sales,Associate,EMP-0406,Northstar Employee 0406,0.0,Denver,8.0
EMP-0418,Northstar Employee 0418,D03,Sales,Specialist,EMP-0408,Northstar Employee 0408,0.0,Chicago,7.5
EMP-0419,Northstar Employee 0419,D03,Sales,Specialist,EMP-0403,Northstar Employee 0403,0.0,Austin,7.9
EMP-0420,Northstar Employee 0420,D03,Sales,Analyst,EMP-0406,Northstar Employee 0406,0.0,New York,1.7
EMP-0421,Northstar Employee 0421,D03,Sales,Analyst,EMP-0408,Northstar Employee 0408,0.0,Austin,2.6
EMP-0422,Northstar Employee 0422,D03,Sales,Senior Analyst,EMP-0411,Northstar Employee 0411,0.0,Chicago,3.2
EMP-0423,Northstar Employee 0423,D03,Sales,Associate,EMP-0408,Northstar Employee 0408,0.0,New York,3.5
EMP-0424,Northstar Employee 0424,D03,Sales,Senior Analyst,EMP-0408,Northstar Employee 0408,0.0,New York,4.3
EMP-0425,Northstar Employee 0425,D03,Sales,Analyst,EMP-0406,Northstar Employee 0406,0.0,San Francisco,0.4
EMP-0426,Northstar Employee 0426,D03,Sales,Analyst,EMP-0403,Northstar Employee 0403,0.0,Austin,4.8
EMP-0427,Northstar Employee 0427,D03,Sales,Program Manager,EMP-0407,Northstar Employee 0407,0.0,Denver,8.3
EMP-0428,Northstar Employee 0428,D03,Sales,Analyst,EMP-0407,Northstar Employee 0407,0.0,Chicago,0.6
EMP-0429,Northstar Employee 0429,D03,Sales,Associate,EMP-0405,Northstar Employee 0405,0.0,San Francisco,7.3
EMP-0430,Northstar Employee 0430,D03,Sales,Program Manager,EMP-0403,Northstar Employee 0403,0.0,Chicago,2.8
EMP-0431,Northstar Employee 0431,D03,Sales,Analyst,EMP-0402,Northstar Employee 0402,0.0,Denver,8.7
EMP-0432,Northstar Employee 0432,D03,Sales,Analyst,EMP-0412,Northstar Employee 0412,0.0,Chicago,3.0
EMP-0433,Northstar Employee 0433,D03,Sales,Analyst,EMP-0411,Northstar Employee 0411,0.0,New York,2.1
EMP-0434,Northstar Employee 0434,D03,Sales,Specialist,EMP-0403,Northstar Employee 0403,0.0,Chicago,7.9
EMP-0435,Northstar Employee 0435,D03,Sales,Program Manager,EMP-0402,Northstar Employee 0402,0.0,San Francisco,4.8
EMP-0436,Northstar Employee 0436,D03,Sales,Associate,EMP-0406,Northstar Employee 0406,0.0,Austin,7.6
EMP-0437,Northstar Employee 0437,D03,Sales,Analyst,EMP-0410,Northstar Employee 0410,0.0,Austin,7.4
EMP-0438,Northstar Employee 0438,D03,Sales,Specialist,EMP-0412,Northstar Employee 0412,0.0,Austin,0.7
EMP-0439,Northstar Employee 0439,D03,Sales,Associate,EMP-0406,Northstar Employee 0406,0.0,New York,4.9
EMP-0440,Northstar Employee 0440,D03,Sales,Program Manager,EMP-0403,Northstar Employee 0403,0.0,San Francisco,9.7
EMP-0441,Northstar Employee 0441,D03,Sales,Program Manager,EMP-0402,Northstar Employee 0402,0.0,Chicago,7.7
EMP-0442,Northstar Employee 0442,D03,Sales,Associate,EMP-0404,Northstar Employee 0404,0.0,Austin,6.5
EMP-0443,Northstar Employee 0443,D03,Sales,Program Manager,EMP-0410,Northstar Employee 0410,0.0,Denver,6.5
EMP-0444,Northstar Employee 0444,D03,Sales,Analyst,EMP-0411,Northstar Employee 0411,0.0,New York,1.7
EMP-0445,Northstar Employee 0445,D03,Sales,Specialist,EMP-0409,Northstar Employee 0409,0.0,Chicago,3.8
EMP-0446,Northstar Employee 0446,D03,Sales,Analyst,EMP-0402,Northstar Employee 0402,0.0,San Francisco,8.4
EMP-0447,Northstar Employee 0447,D03,Sales,Associate,EMP-0411,Northstar Employee 0411,0.0,San Francisco,3.5
EMP-0448,Northstar Employee 0448,D03,Sales,Specialist,EMP-0412,Northstar Employee 0412,0.0,New York,6.8
EMP-0449,Northstar Employee 0449,D03,Sales,Specialist,EMP-0409,Northstar Employee 0409,0.0,Chicago,0.7
EMP-0450,Northstar Employee 0450,D03,Sales,Senior Analyst,EMP-0412,Northstar Employee 0412,0.0,San Francisco,6.9
EMP-0451,Northstar Employee 0451,D03,Sales,Program Manager,EMP-0404,Northstar Employee 0404,0.0,Denver,3.7
EMP-0452,Northstar Employee 0452,D03,Sales,Specialist,EMP-0407,Northstar Employee 0407,0.0,New York,7.3
EMP-0453,Northstar Employee 0453,D03,Sales,Associate,EMP-0404,Northstar Employee 0404,0.0,New York,8.2
EMP-0454,Northstar Employee 0454,D03,Sales,Specialist,EMP-0403,Northstar Employee 0403,0.0,New York,7.8
EMP-0455,Northstar Employee 0455,D03,Sales,Senior Analyst,EMP-0407,Northstar Employee 0407,0.0,Denver,2.5
EMP-0456,Northstar Employee 0456,D03,Sales,Senior Analyst,EMP-0402,Northstar Employee 0402,0.0,Chicago,8.1
EMP-0457,Northstar Employee 0457,D03,Sales,Specialist,EMP-0407,Northstar Employee 0407,0.0,San Francisco,9.6
EMP-0458,Northstar Employee 0458,D03,Sales,Program Manager,EMP-0408,Northstar Employee 0408,0.0,Chicago,1.9
EMP-0459,Northstar Employee 0459,D03,Sales,Senior Analyst,EMP-0403,Northstar Employee 0403,0.0,San Francisco,4.2
EMP-0460,Northstar Employee 0460,D03,Sales,Analyst,EMP-0405,Northstar Employee 0405,0.0,Chicago,1.3
EMP-0461,Northstar Employee 0461,D03,Sales,Program Manager,EMP-0408,Northstar Employee 0408,0.0,Austin,9.5
EMP-0462,Northstar Employee 0462,D03,Sales,Senior Analyst,EMP-0404,Northstar Employee 0404,0.0,Austin,5.0
EMP-0463,Northstar Employee 0463,D03,Sales,Program Manager,EMP-0408,Northstar Employee 0408,0.0,Austin,7.7
EMP-0464,Northstar Employee 0464,D03,Sales,Specialist,EMP-0403,Northstar Employee 0403,0.0,San Francisco,3.1
EMP-0465,Northstar Employee 0465,D03,Sales,Analyst,EMP-0409,Northstar Employee 0409,0.0,New York,5.3
EMP-0466,Northstar Employee 0466,D03,Sales,Analyst,EMP-0407,Northstar Employee 0407,0.0,Chicago,3.4
EMP-0467,Northstar Employee 0467,D03,Sales,Senior Analyst,EMP-0402,Northstar Employee 0402,0.0,New York,5.5
EMP-0468,Northstar Employee 0468,D03,Sales,Associate,EMP-0412,Northstar Employee 0412,0.0,Chicago,5.0
EMP-0469,Northstar Employee 0469,D03,Sales,Analyst,EMP-0410,Northstar Employee 0410,0.0,Austin,0.6
EMP-0470,Northstar Employee 0470,D03,Sales,Program Manager,EMP-0402,Northstar Employee 0402,0.0,San Francisco,7.4
EMP-0471,Northstar Employee 0471,D03,Sales,Senior Analyst,EMP-0402,Northstar Employee 0402,0.0,Chicago,9.4
EMP-0472,Northstar Employee 0472,D03,Sales,Program Manager,EMP-0409,Northstar Employee 0409,0.0,San Francisco,7.4
EMP-0473,Northstar Employee 0473,D03,Sales,Associate,EMP-0404,Northstar Employee 0404,0.0,San Francisco,8.1
EMP-0474,Northstar Employee 0474,D03,Sales,Analyst,EMP-0408,Northstar Employee 0408,0.0,Chicago,3.2
EMP-0475,Northstar Employee 0475,D03,Sales,Senior Analyst,EMP-0402,Northstar Employee 0402,0.0,San Francisco,4.1
EMP-0476,Northstar Employee 0476,D03,Sales,Specialist,EMP-0407,Northstar Employee 0407,0.0,Chicago,8.2
EMP-0477,Northstar Employee 0477,D03,Sales,Analyst,EMP-0405,Northstar Employee 0405,0.0,Austin,0.7
EMP-0478,Northstar Employee 0478,D03,Sales,Senior Analyst,EMP-0405,Northstar Employee 0405,0.0,Austin,7.4
EMP-0479,Northstar Employee 0479,D03,Sales,Analyst,EMP-0405,Northstar Employee 0405,0.0,Austin,3.5
EMP-0480,Northstar Employee 0480,D03,Sales,Analyst,EMP-0403,Northstar Employee 0403,0.0,New York,2.1
EMP-0481,Northstar Employee 0481,D03,Sales,Program Manager,EMP-0405,Northstar Employee 0405,0.0,New York,9.6
EMP-0482,Northstar Employee 0482,D03,Sales,Analyst,EMP-0408,Northstar Employee 0408,0.0,Chicago,8.4
EMP-0483,Northstar Employee 0483,D03,Sales,Specialist,EMP-0409,Northstar Employee 0409,0.0,Austin,2.6
EMP-0484,Northstar Employee 0484,D03,Sales,Specialist,EMP-0410,Northstar Employee 0410,0.0,Chicago,2.3
EMP-0485,Northstar Employee 0485,D03,Sales,Specialist,EMP-0405,Northstar Employee 0405,0.0,Denver,1.8
EMP-0486,Northstar Employee 0486,D03,Sales,Senior Analyst,EMP-0408,Northstar Employee 0408,0.0,Chicago,6.8
EMP-0487,Northstar Employee 0487,D03,Sales,Program Manager,EMP-0404,Northstar Employee 0404,0.0,San Francisco,4.1
EMP-0488,Northstar Employee 0488,D03,Sales,Senior Analyst,EMP-0409,Northstar Employee 0409,0.0,Austin,3.1
EMP-0489,Northstar Employee 0489,D03,Sales,Associate,EMP-0410,Northstar Employee 0410,0.0,Austin,6.6
EMP-0490,Northstar Employee 0490,D03,Sales,Analyst,EMP-0407,Northstar Employee 0407,0.0,Austin,5.4
EMP-0491,Northstar Employee 0491,D03,Sales,Senior Analyst,EMP-0403,Northstar Employee 0403,0.0,Austin,5.6
EMP-0492,Northstar Employee 0492,D03,Sales,Specialist,EMP-0410,Northstar Employee 0410,0.0,San Francisco,7.5
EMP-0493,Northstar Employee 0493,D03,Sales,Senior Analyst,EMP-0407,Northstar Employee 0407,0.0,Chicago,8.5
EMP-0494,Northstar Employee 0494,D03,Sales,Associate,EMP-0411,Northstar Employee 0411,0.0,Chicago,3.7
EMP-0495,Northstar Employee 0495,D03,Sales,Senior Analyst,EMP-0411,Northstar Employee 0411,0.0,Austin,6.2
EMP-0496,Northstar Employee 0496,D03,Sales,Associate,EMP-0406,Northstar Employee 0406,0.0,Austin,7.3
EMP-0497,Northstar Employee 0497,D03,Sales,Analyst,EMP-0407,Northstar Employee 0407,0.0,Chicago,0.9
EMP-0498,Northstar Employee 0498,D03,Sales,Analyst,EMP-0405,Northstar Employee 0405,0.0,Chicago,3.6
EMP-0499,Northstar Employee 0499,D03,Sales,Associate,EMP-0403,Northstar Employee 0403,0.0,San Francisco,6.6
EMP-0500,Northstar Employee 0500,D03,Sales,Associate,EMP-0408,Northstar Employee 0408,0.0,New York,3.9
EMP-0501,Northstar Employee 0501,D03,Sales,Senior Analyst,EMP-0411,Northstar Employee 0411,0.0,Chicago,5.0
EMP-0502,Northstar Employee 0502,D03,Sales,Senior Analyst,EMP-0412,Northstar Employee 0412,0.0,Chicago,8.2
EMP-0503,Northstar Employee 0503,D03,Sales,Analyst,EMP-0402,Northstar Employee 0402,0.0,Denver,7.2
EMP-0504,Northstar Employee 0504,D03,Sales,Program Manager,EMP-0408,Northstar Employee 0408,0.0,Austin,8.6
EMP-0505,Northstar Employee 0505,D03,Sales,Senior Analyst,EMP-0408,Northstar Employee 0408,0.0,New York,8.5
EMP-0506,Northstar Employee 0506,D03,Sales,Program Manager,EMP-0408,Northstar Employee 0408,0.0,Chicago,6.2
EMP-0507,Northstar Employee 0507,D03,Sales,Program Manager,EMP-0406,Northstar Employee 0406,0.0,Chicago,4.7
EMP-0508,Northstar Employee 0508,D03,Sales,Program Manager,EMP-0410,Northstar Employee 0410,0.0,New York,2.7
EMP-0509,Northstar Employee 0509,D03,Sales,Associate,EMP-0405,Northstar Employee 0405,0.0,San Francisco,8.5
EMP-0510,Northstar Employee 0510,D03,Sales,Program Manager,EMP-0411,Northstar Employee 0411,0.0,Austin,2.8
EMP-0511,Northstar Employee 0511,D03,Sales,Analyst,EMP-0406,Northstar Employee 0406,0.0,Austin,1.0
EMP-0512,Northstar Employee 0512,D03,Sales,Associate,EMP-0406,Northstar Employee 0406,0.0,Denver,0.9
EMP-0513,Northstar Employee 0513,D03,Sales,Analyst,EMP-0409,Northstar Employee 0409,0.0,Chicago,6.1
EMP-0514,Northstar Employee 0514,D03,Sales,Senior Analyst,EMP-0407,Northstar Employee 0407,0.0,New York,0.7
EMP-0515,Northstar Employee 0515,D03,Sales,Associate,EMP-0404,Northstar Employee 0404,0.0,New York,1.6
EMP-0516,Northstar Employee 0516,D03,Sales,Analyst,EMP-0406,Northstar Employee 0406,0.0,Chicago,0.4
EMP-0517,Northstar Employee 0517,D03,Sales,Specialist,EMP-0411,Northstar Employee 0411,0.0,Chicago,0.1
EMP-0518,Northstar Employee 0518,D03,Sales,Program Manager,EMP-0405,Northstar Employee 0405,0.0,New York,6.8
EMP-0519,Northstar Employee 0519,D03,Sales,Program Manager,EMP-0403,Northstar Employee 0403,0.0,Austin,5.0
EMP-0520,Northstar Employee 0520,D03,Sales,Specialist,EMP-0409,Northstar Employee 0409,0.0,Denver,7.2
EMP-0521,Northstar Employee 0521,D03,Sales,Specialist,EMP-0403,Northstar Employee 0403,0.0,Austin,5.5
EMP-0522,Northstar Employee 0522,D03,Sales,Program Manager,EMP-0402,Northstar Employee 0402,0.0,San Francisco,9.5
EMP-0523,Northstar Employee 0523,D03,Sales,Associate,EMP-0407,Northstar Employee 0407,0.0,Denver,4.0
EMP-0524,Northstar Employee 0524,D03,Sales,Associate,EMP-0406,Northstar Employee 0406,0.0,Denver,8.5
EMP-0525,Northstar Employee 0525,D03,Sales,Analyst,EMP-0408,Northstar Employee 0408,0.0,Chicago,5.3
EMP-0526,Northstar Employee 0526,D03,Sales,Senior Analyst,EMP-0403,Northstar Employee 0403,0.0,Chicago,7.2
EMP-0527,Northstar Employee 0527,D03,Sales,Analyst,EMP-0407,Northstar Employee 0407,0.0,San Francisco,2.1
EMP-0528,Northstar Employee 0528,D03,Sales,Specialist,EMP-0408,Northstar Employee 0408,0.0,New York,9.4
EMP-0529,Northstar Employee 0529,D03,Sales,Senior Analyst,EMP-0403,Northstar Employee 0403,0.0,Denver,8.7
EMP-0530,Northstar Employee 0530,D03,Sales,Analyst,EMP-0402,Northstar Employee 0402,0.0,New York,8.2
EMP-0531,Northstar Employee 0531,D03,Sales,Analyst,EMP-0404,Northstar Employee 0404,0.0,Denver,4.1
EMP-0532,Northstar Employee 0532,D03,Sales,Senior Analyst,EMP-0407,Northstar Employee 0407,0.0,San Francisco,1.7
EMP-0533,Northstar Employee 0533,D03,Sales,Associate,EMP-0407,Northstar Employee 0407,0.0,San Francisco,0.4
EMP-0534,Northstar Employee 0534,D03,Sales,Analyst,EMP-0404,Northstar Employee 0404,0.0,New York,3.2
EMP-0535,Northstar Employee 0535,D03,Sales,Analyst,EMP-0411,Northstar Employee 0411,0.0,Denver,0.8
EMP-0536,Northstar Employee 0536,D03,Sales,Associate,EMP-0407,Northstar Employee 0407,0.0,New York,4.9
EMP-0537,Northstar Employee 0537,D03,Sales,Analyst,EMP-0403,Northstar Employee 0403,0.0,Austin,3.8
EMP-0538,Northstar Employee 0538,D03,Sales,Program Manager,EMP-0403,Northstar Employee 0403,0.0,Austin,0.5
EMP-0539,Northstar Employee 0539,D03,Sales,Senior Analyst,EMP-0406,Northstar Employee 0406,0.0,Denver,8.2
EMP-0540,Northstar Employee 0540,D03,Sales,Specialist,EMP-0408,Northstar Employee 0408,0.0,Austin,3.8
EMP-0541,Northstar Employee 0541,D03,Sales,Analyst,EMP-0411,Northstar Employee 0411,0.0,Chicago,8.0
EMP-0542,Northstar Employee 0542,D03,Sales,Analyst,EMP-0406,Northstar Employee 0406,0.0,Chicago,8.9
EMP-0543,Northstar Employee 0543,D03,Sales,Specialist,EMP-0405,Northstar Employee 0405,0.0,Chicago,3.6
EMP-0544,Northstar Employee 0544,D03,Sales,Specialist,EMP-0407,Northstar Employee 0407,0.0,Austin,9.7
EMP-0545,Northstar Employee 0545,D03,Sales,Associate,EMP-0408,Northstar Employee 0408,0.0,New York,6.8
EMP-0546,Northstar Employee 0546,D03,Sales,Specialist,EMP-0409,Northstar Employee 0409,0.0,Chicago,2.3
EMP-0547,Northstar Employee 0547,D03,Sales,Program Manager,EMP-0405,Northstar Employee 0405,0.0,Chicago,7.3
EMP-0548,Northstar Employee 0548,D03,Sales,Associate,EMP-0407,Northstar Employee 0407,0.0,New York,3.8
EMP-0549,Northstar Employee 0549,D03,Sales,Analyst,EMP-0406,Northstar Employee 0406,0.0,Denver,7.9
EMP-0550,Northstar Employee 0550,D03,Sales,Program Manager,EMP-0402,Northstar Employee 0402,0.0,Austin,8.7
EMP-0551,Northstar Employee 0551,D03,Sales,Specialist,EMP-0407,Northstar Employee 0407,0.0,Chicago,4.5
EMP-0552,Northstar Employee 0552,D03,Sales,Analyst,EMP-0407,Northstar Employee 0407,0.0,New York,9.6
EMP-0553,Northstar Employee 0553,D03,Sales,Specialist,EMP-0402,Northstar Employee 0402,0.0,San Francisco,9.6
EMP-0554,Northstar Employee 0554,D03,Sales,Senior Analyst,EMP-0407,Northstar Employee 0407,0.0,New York,9.0
EMP-0555,Northstar Employee 0555,D03,Sales,Senior Analyst,EMP-0402,Northstar Employee 0402,0.0,New York,4.6
EMP-0556,Northstar Employee 0556,D03,Sales,Specialist,EMP-0408,Northstar Employee 0408,0.0,Chicago,6.1
EMP-0557,Northstar Employee 0557,D03,Sales,Analyst,EMP-0410,Northstar Employee 0410,0.0,Chicago,2.6
EMP-0558,Northstar Employee 0558,D03,Sales,Analyst,EMP-0405,Northstar Employee 0405,0.0,San Francisco,5.2
EMP-0559,Northstar Employee 0559,D03,Sales,Specialist,EMP-0404,Northstar Employee 0404,0.0,Chicago,5.7
EMP-0560,Northstar Employee 0560,D03,Sales,Analyst,EMP-0409,Northstar Employee 0409,0.0,Chicago,0.1
EMP-0561,Northstar Employee 0561,D03,Sales,Senior Analyst,EMP-0405,Northstar Employee 0405,0.0,New York,2.7
EMP-0562,Northstar Employee 0562,D03,Sales,Senior Analyst,EMP-0409,Northstar Employee 0409,0.0,Denver,9.0
EMP-0563,Northstar Employee 0563,D03,Sales,Specialist,EMP-0404,Northstar Employee 0404,0.0,Austin,0.7
EMP-0564,Northstar Employee 0564,D03,Sales,Specialist,EMP-0407,Northstar Employee 0407,0.0,Denver,2.1
EMP-0565,Northstar Employee 0565,D03,Sales,Senior Analyst,EMP-0403,Northstar Employee 0403,0.0,Austin,0.9
EMP-0566,Northstar Employee 0566,D03,Sales,Specialist,EMP-0410,Northstar Employee 0410,0.0,San Francisco,8.8
EMP-0567,Northstar Employee 0567,D03,Sales,Program Manager,EMP-0407,Northstar Employee 0407,0.0,Chicago,6.8
EMP-0568,Northstar Employee 0568,D03,Sales,Senior Analyst,EMP-0409,Northstar Employee 0409,0.0,Austin,5.5
EMP-0569,Northstar Employee 0569,D03,Sales,Associate,EMP-0404,Northstar Employee 0404,0.0,Denver,6.3
EMP-0570,Northstar Employee 0570,D03,Sales,Analyst,EMP-0404,Northstar Employee 0404,0.0,New York,6.3
EMP-0571,Northstar Employee 0571,D03,Sales,Specialist,EMP-0412,Northstar Employee 0412,0.0,San Francisco,0.5
EMP-0572,Northstar Employee 0572,D03,Sales,Program Manager,EMP-0407,Northstar Employee 0407,0.0,San Francisco,6.9
EMP-0573,Northstar Employee 0573,D03,Sales,Analyst,EMP-0402,Northstar Employee 0402,0.0,Austin,1.8
EMP-0574,Northstar Employee 0574,D03,Sales,Analyst,EMP-0403,Northstar Employee 0403,0.0,Chicago,5.1
EMP-0575,Northstar Employee 0575,D03,Sales,Analyst,EMP-0406,Northstar Employee 0406,0.0,Chicago,3.9
EMP-0576,Northstar Employee 0576,D03,Sales,Analyst,EMP-0408,Northstar Employee 0408,0.0,Austin,8.1
EMP-0577,Northstar Employee 0577,D03,Sales,Program Manager,EMP-0405,Northstar Employee 0405,0.0,San Francisco,3.4
EMP-0578,Northstar Employee 0578,D03,Sales,Associate,EMP-0411,Northstar Employee 0411,0.0,Austin,4.1
EMP-0579,Northstar Employee 0579,D03,Sales,Specialist,EMP-0402,Northstar Employee 0402,0.0,Austin,0.6
EMP-0580,Northstar Employee 0580,D03,Sales,Specialist,EMP-0408,Northstar Employee 0408,0.0,Austin,5.0
EMP-0581,Northstar Employee 0581,D03,Sales,Specialist,EMP-0408,Northstar Employee 0408,0.0,New York,9.2
EMP-0582,Northstar Employee 0582,D03,Sales,Analyst,EMP-0412,Northstar Employee 0412,0.0,San Francisco,6.4
EMP-0583,Northstar Employee 0583,D03,Sales,Specialist,EMP-0407,Northstar Employee 0407,0.0,New York,5.8
EMP-0584,Northstar Employee 0584,D03,Sales,Senior Analyst,EMP-0403,Northstar Employee 0403,0.0,Chicago,7.3
EMP-0585,Northstar Employee 0585,D03,Sales,Specialist,EMP-0409,Northstar Employee 0409,0.0,New York,1.8
EMP-0586,Northstar Employee 0586,D03,Sales,Associate,EMP-0405,Northstar Employee 0405,0.0,Chicago,0.2
EMP-0587,Northstar Employee 0587,D03,Sales,Specialist,EMP-0403,Northstar Employee 0403,0.0,Denver,4.3
EMP-0588,Northstar Employee 0588,D03,Sales,Specialist,EMP-0402,Northstar Employee 0402,0.0,San Francisco,5.9
EMP-0589,Northstar Employee 0589,D03,Sales,Program Manager,EMP-0408,Northstar Employee 0408,0.0,Chicago,7.4
EMP-0590,Northstar Employee 0590,D03,Sales,Senior Analyst,EMP-0405,Northstar Employee 0405,0.0,Chicago,1.1
EMP-0591,Northstar Employee 0591,D03,Sales,Analyst,EMP-0405,Northstar Employee 0405,0.0,New York,1.2
EMP-0592,Northstar Employee 0592,D03,Sales,Specialist,EMP-0404,Northstar Employee 0404,0.0,San Francisco,8.2
EMP-0593,Northstar Employee 0593,D03,Sales,Associate,EMP-0408,Northstar Employee 0408,0.0,Austin,7.1
EMP-0594,Northstar Employee 0594,D03,Sales,Program Manager,EMP-0408,Northstar Employee 0408,0.0,Austin,2.6
EMP-0595,Northstar Employee 0595,D03,Sales,Specialist,EMP-0402,Northstar Employee 0402,0.0,New York,6.7
EMP-0596,Northstar Employee 0596,D03,Sales,Analyst,EMP-0407,Northstar Employee 0407,0.0,San Francisco,8.3
EMP-0597,Northstar Employee 0597,D03,Sales,Specialist,EMP-0402,Northstar Employee 0402,0.0,Denver,7.5
EMP-0598,Northstar Employee 0598,D03,Sales,Program Manager,EMP-0410,Northstar Employee 0410,0.0,Denver,6.3
EMP-0599,Northstar Employee 0599,D03,Sales,Analyst,EMP-0405,Northstar Employee 0405,0.0,San Francisco,1.3
EMP-0600,Northstar Employee 0600,D03,Sales,Analyst,EMP-0406,Northstar Employee 0406,0.0,Austin,3.2
EMP-0601,Northstar Employee 0601,D04,Marketing,Director,EMP-0001,Northstar Employee 0001,150000.0,New York,13.5
EMP-0602,Northstar Employee 0602,D04,Marketing,Senior Manager,EMP-0601,Northstar Employee 0601,25000.0,Austin,5.7
EMP-0603,Northstar Employee 0603,D04,Marketing,Senior Manager,EMP-0601,Northstar Employee 0601,50000.0,San Francisco,5.7
EMP-0604,Northstar Employee 0604,D04,Marketing,Manager,EMP-0601,Northstar Employee 0601,25000.0,Chicago,9.8
EMP-0605,Northstar Employee 0605,D04,Marketing,Manager,EMP-0601,Northstar Employee 0601,50000.0,Chicago,11.9
EMP-0606,Northstar Employee 0606,D04,Marketing,Manager,EMP-0601,Northstar Employee 0601,25000.0,Austin,2.2
EMP-0607,Northstar Employee 0607,D04,Marketing,Manager,EMP-0601,Northstar Employee 0601,25000.0,San Francisco,3.4
EMP-0608,Northstar Employee 0608,D04,Marketing,Manager,EMP-0601,Northstar Employee 0601,50000.0,Austin,10.2
EMP-0609,Northstar Employee 0609,D04,Marketing,Manager,EMP-0601,Northstar Employee 0601,50000.0,Austin,4.4
EMP-0610,Northstar Employee 0610,D04,Marketing,Manager,EMP-0601,Northstar Employee 0601,75000.0,Chicago,6.2
EMP-0611,Northstar Employee 0611,D04,Marketing,Manager,EMP-0601,Northstar Employee 0601,50000.0,Denver,4.3
EMP-0612,Northstar Employee 0612,D04,Marketing,Manager,EMP-0601,Northstar Employee 0601,25000.0,Chicago,5.2
EMP-0613,Northstar Employee 0613,D04,Marketing,Specialist,EMP-0609,Northstar Employee 0609,0.0,Austin,4.6
EMP-0614,Northstar Employee 0614,D04,Marketing,Associate,EMP-0602,Northstar Employee 0602,0.0,Austin,5.0
EMP-0615,Northstar Employee 0615,D04,Marketing,Analyst,EMP-0609,Northstar Employee 0609,0.0,Denver,7.0
EMP-0616,Northstar Employee 0616,D04,Marketing,Associate,EMP-0602,Northstar Employee 0602,0.0,Denver,1.8
EMP-0617,Northstar Employee 0617,D04,Marketing,Analyst,EMP-0603,Northstar Employee 0603,0.0,Austin,2.8
EMP-0618,Northstar Employee 0618,D04,Marketing,Specialist,EMP-0612,Northstar Employee 0612,0.0,Denver,1.1
EMP-0619,Northstar Employee 0619,D04,Marketing,Program Manager,EMP-0610,Northstar Employee 0610,0.0,New York,6.5
EMP-0620,Northstar Employee 0620,D04,Marketing,Senior Analyst,EMP-0603,Northstar Employee 0603,0.0,Chicago,8.3
EMP-0621,Northstar Employee 0621,D04,Marketing,Associate,EMP-0605,Northstar Employee 0605,0.0,Chicago,4.4
EMP-0622,Northstar Employee 0622,D04,Marketing,Specialist,EMP-0604,Northstar Employee 0604,0.0,San Francisco,0.5
EMP-0623,Northstar Employee 0623,D04,Marketing,Specialist,EMP-0604,Northstar Employee 0604,0.0,Austin,8.8
EMP-0624,Northstar Employee 0624,D04,Marketing,Senior Analyst,EMP-0603,Northstar Employee 0603,0.0,San Francisco,9.1
EMP-0625,Northstar Employee 0625,D04,Marketing,Analyst,EMP-0606,Northstar Employee 0606,0.0,Austin,6.1
EMP-0626,Northstar Employee 0626,D04,Marketing,Specialist,EMP-0606,Northstar Employee 0606,0.0,San Francisco,4.4
EMP-0627,Northstar Employee 0627,D04,Marketing,Associate,EMP-0606,Northstar Employee 0606,0.0,San Francisco,4.6
EMP-0628,Northstar Employee 0628,D04,Marketing,Program Manager,EMP-0606,Northstar Employee 0606,0.0,Austin,6.3
EMP-0629,Northstar Employee 0629,D04,Marketing,Senior Analyst,EMP-0610,Northstar Employee 0610,0.0,Denver,1.4
EMP-0630,Northstar Employee 0630,D04,Marketing,Specialist,EMP-0607,Northstar Employee 0607,0.0,Denver,1.9
EMP-0631,Northstar Employee 0631,D04,Marketing,Senior Analyst,EMP-0608,Northstar Employee 0608,0.0,Austin,5.3
EMP-0632,Northstar Employee 0632,D04,Marketing,Senior Analyst,EMP-0611,Northstar Employee 0611,0.0,Chicago,0.5
EMP-0633,Northstar Employee 0633,D04,Marketing,Associate,EMP-0606,Northstar Employee 0606,0.0,Chicago,0.9
EMP-0634,Northstar Employee 0634,D04,Marketing,Specialist,EMP-0603,Northstar Employee 0603,0.0,New York,1.0
EMP-0635,Northstar Employee 0635,D04,Marketing,Senior Analyst,EMP-0611,Northstar Employee 0611,0.0,San Francisco,1.4
EMP-0636,Northstar Employee 0636,D04,Marketing,Senior Analyst,EMP-0604,Northstar Employee 0604,0.0,Denver,2.5
EMP-0637,Northstar Employee 0637,D04,Marketing,Associate,EMP-0607,Northstar Employee 0607,0.0,New York,2.6
EMP-0638,Northstar Employee 0638,D04,Marketing,Program Manager,EMP-0603,Northstar Employee 0603,0.0,San Francisco,8.8
EMP-0639,Northstar Employee 0639,D04,Marketing,Senior Analyst,EMP-0602,Northstar Employee 0602,0.0,Austin,2.5
EMP-0640,Northstar Employee 0640,D04,Marketing,Analyst,EMP-0612,Northstar Employee 0612,0.0,New York,6.2
EMP-0641,Northstar Employee 0641,D04,Marketing,Specialist,EMP-0609,Northstar Employee 0609,0.0,San Francisco,3.1
EMP-0642,Northstar Employee 0642,D04,Marketing,Senior Analyst,EMP-0612,Northstar Employee 0612,0.0,San Francisco,5.9
EMP-0643,Northstar Employee 0643,D04,Marketing,Analyst,EMP-0605,Northstar Employee 0605,0.0,New York,4.1
EMP-0644,Northstar Employee 0644,D04,Marketing,Associate,EMP-0609,Northstar Employee 0609,0.0,Denver,6.6
EMP-0645,Northstar Employee 0645,D04,Marketing,Program Manager,EMP-0611,Northstar Employee 0611,0.0,San Francisco,7.9
EMP-0646,Northstar Employee 0646,D04,Marketing,Specialist,EMP-0612,Northstar Employee 0612,0.0,Denver,0.6
EMP-0647,Northstar Employee 0647,D04,Marketing,Analyst,EMP-0612,Northstar Employee 0612,0.0,San Francisco,2.0
EMP-0648,Northstar Employee 0648,D04,Marketing,Analyst,EMP-0611,Northstar Employee 0611,0.0,San Francisco,7.5
EMP-0649,Northstar Employee 0649,D04,Marketing,Analyst,EMP-0606,Northstar Employee 0606,0.0,Denver,1.7
EMP-0650,Northstar Employee 0650,D04,Marketing,Analyst,EMP-0605,Northstar Employee 0605,0.0,San Francisco,5.8
EMP-0651,Northstar Employee 0651,D04,Marketing,Analyst,EMP-0606,Northstar Employee 0606,0.0,Chicago,0.9
EMP-0652,Northstar Employee 0652,D04,Marketing,Specialist,EMP-0602,Northstar Employee 0602,0.0,San Francisco,9.2
EMP-0653,Northstar Employee 0653,D04,Marketing,Specialist,EMP-0611,Northstar Employee 0611,0.0,Austin,4.8
EMP-0654,Northstar Employee 0654,D04,Marketing,Specialist,EMP-0612,Northstar Employee 0612,0.0,Chicago,8.8
EMP-0655,Northstar Employee 0655,D04,Marketing,Specialist,EMP-0608,Northstar Employee 0608,0.0,Chicago,6.8
EMP-0656,Northstar Employee 0656,D04,Marketing,Program Manager,EMP-0609,Northstar Employee 0609,0.0,San Francisco,0.3
EMP-0657,Northstar Employee 0657,D04,Marketing,Analyst,EMP-0612,Northstar Employee 0612,0.0,Austin,6.8
EMP-0658,Northstar Employee 0658,D04,Marketing,Associate,EMP-0604,Northstar Employee 0604,0.0,New York,8.1
EMP-0659,Northstar Employee 0659,D04,Marketing,Associate,EMP-0606,Northstar Employee 0606,0.0,Chicago,8.9
EMP-0660,Northstar Employee 0660,D04,Marketing,Program Manager,EMP-0606,Northstar Employee 0606,0.0,Denver,2.4
EMP-0661,Northstar Employee 0661,D04,Marketing,Program Manager,EMP-0602,Northstar Employee 0602,0.0,New York,1.2
EMP-0662,Northstar Employee 0662,D04,Marketing,Analyst,EMP-0604,Northstar Employee 0604,0.0,Chicago,3.6
EMP-0663,Northstar Employee 0663,D04,Marketing,Analyst,EMP-0611,Northstar Employee 0611,0.0,New York,7.3
EMP-0664,Northstar Employee 0664,D04,Marketing,Associate,EMP-0606,Northstar Employee 0606,0.0,Chicago,2.0
EMP-0665,Northstar Employee 0665,D04,Marketing,Analyst,EMP-0607,Northstar Employee 0607,0.0,Chicago,9.4
EMP-0666,Northstar Employee 0666,D04,Marketing,Specialist,EMP-0612,Northstar Employee 0612,0.0,Denver,6.6
EMP-0667,Northstar Employee 0667,D04,Marketing,Senior Analyst,EMP-0603,Northstar Employee 0603,0.0,New York,1.9
EMP-0668,Northstar Employee 0668,D04,Marketing,Senior Analyst,EMP-0611,Northstar Employee 0611,0.0,New York,8.2
EMP-0669,Northstar Employee 0669,D04,Marketing,Senior Analyst,EMP-0611,Northstar Employee 0611,0.0,Denver,1.2
EMP-0670,Northstar Employee 0670,D04,Marketing,Analyst,EMP-0611,Northstar Employee 0611,0.0,Chicago,8.8
EMP-0671,Northstar Employee 0671,D04,Marketing,Program Manager,EMP-0611,Northstar Employee 0611,0.0,Chicago,7.4
EMP-0672,Northstar Employee 0672,D04,Marketing,Analyst,EMP-0607,Northstar Employee 0607,0.0,Denver,5.0
EMP-0673,Northstar Employee 0673,D04,Marketing,Senior Analyst,EMP-0605,Northstar Employee 0605,0.0,Austin,6.3
EMP-0674,Northstar Employee 0674,D04,Marketing,Analyst,EMP-0611,Northstar Employee 0611,0.0,Chicago,9.2
EMP-0675,Northstar Employee 0675,D04,Marketing,Analyst,EMP-0604,Northstar Employee 0604,0.0,Chicago,8.8
EMP-0676,Northstar Employee 0676,D04,Marketing,Analyst,EMP-0602,Northstar Employee 0602,0.0,San Francisco,8.7
EMP-0677,Northstar Employee 0677,D04,Marketing,Analyst,EMP-0602,Northstar Employee 0602,0.0,Denver,4.5
EMP-0678,Northstar Employee 0678,D04,Marketing,Associate,EMP-0607,Northstar Employee 0607,0.0,Denver,6.4
EMP-0679,Northstar Employee 0679,D04,Marketing,Specialist,EMP-0612,Northstar Employee 0612,0.0,Chicago,3.0
EMP-0680,Northstar Employee 0680,D04,Marketing,Specialist,EMP-0607,Northstar Employee 0607,0.0,New York,1.8
EMP-0681,Northstar Employee 0681,D04,Marketing,Program Manager,EMP-0612,Northstar Employee 0612,0.0,New York,3.9
EMP-0682,Northstar Employee 0682,D04,Marketing,Analyst,EMP-0610,Northstar Employee 0610,0.0,Chicago,8.4
EMP-0683,Northstar Employee 0683,D04,Marketing,Senior Analyst,EMP-0609,Northstar Employee 0609,0.0,Denver,3.9
EMP-0684,Northstar Employee 0684,D04,Marketing,Analyst,EMP-0612,Northstar Employee 0612,0.0,Denver,3.6
EMP-0685,Northstar Employee 0685,D04,Marketing,Associate,EMP-0606,Northstar Employee 0606,0.0,New York,9.4
EMP-0686,Northstar Employee 0686,D04,Marketing,Associate,EMP-0612,Northstar Employee 0612,0.0,New York,9.4
EMP-0687,Northstar Employee 0687,D04,Marketing,Analyst,EMP-0612,Northstar Employee 0612,0.0,New York,8.5
EMP-0688,Northstar Employee 0688,D04,Marketing,Analyst,EMP-0604,Northstar Employee 0604,0.0,Chicago,9.8
EMP-0689,Northstar Employee 0689,D04,Marketing,Specialist,EMP-0610,Northstar Employee 0610,0.0,San Francisco,0.7
EMP-0690,Northstar Employee 0690,D04,Marketing,Specialist,EMP-0603,Northstar Employee 0603,0.0,Chicago,2.7
EMP-0691,Northstar Employee 0691,D04,Marketing,Program Manager,EMP-0611,Northstar Employee 0611,0.0,San Francisco,2.2
EMP-0692,Northstar Employee 0692,D04,Marketing,Associate,EMP-0604,Northstar Employee 0604,0.0,Chicago,2.4
EMP-0693,Northstar Employee 0693,D04,Marketing,Analyst,EMP-0606,Northstar Employee 0606,0.0,Chicago,1.7
EMP-0694,Northstar Employee 0694,D04,Marketing,Associate,EMP-0612,Northstar Employee 0612,0.0,Chicago,2.6
EMP-0695,Northstar Employee 0695,D04,Marketing,Program Manager,EMP-0609,Northstar Employee 0609,0.0,San Francisco,3.8
EMP-0696,Northstar Employee 0696,D04,Marketing,Senior Analyst,EMP-0610,Northstar Employee 0610,0.0,Denver,2.7
EMP-0697,Northstar Employee 0697,D04,Marketing,Analyst,EMP-0608,Northstar Employee 0608,0.0,San Francisco,9.0
EMP-0698,Northstar Employee 0698,D04,Marketing,Senior Analyst,EMP-0606,Northstar Employee 0606,0.0,San Francisco,6.5
EMP-0699,Northstar Employee 0699,D04,Marketing,Senior Analyst,EMP-0610,Northstar Employee 0610,0.0,Chicago,7.5
EMP-0700,Northstar Employee 0700,D04,Marketing,Associate,EMP-0606,Northstar Employee 0606,0.0,Chicago,0.9
EMP-0701,Northstar Employee 0701,D04,Marketing,Senior Analyst,EMP-0603,Northstar Employee 0603,0.0,San Francisco,9.3
EMP-0702,Northstar Employee 0702,D04,Marketing,Specialist,EMP-0609,Northstar Employee 0609,0.0,Denver,5.7
EMP-0703,Northstar Employee 0703,D04,Marketing,Senior Analyst,EMP-0608,Northstar Employee 0608,0.0,Denver,9.7
EMP-0704,Northstar Employee 0704,D04,Marketing,Senior Analyst,EMP-0604,Northstar Employee 0604,0.0,Austin,5.6
EMP-0705,Northstar Employee 0705,D04,Marketing,Analyst,EMP-0612,Northstar Employee 0612,0.0,Denver,3.4
EMP-0706,Northstar Employee 0706,D04,Marketing,Program Manager,EMP-0612,Northstar Employee 0612,0.0,San Francisco,5.8
EMP-0707,Northstar Employee 0707,D04,Marketing,Program Manager,EMP-0602,Northstar Employee 0602,0.0,Austin,7.5
EMP-0708,Northstar Employee 0708,D04,Marketing,Analyst,EMP-0609,Northstar Employee 0609,0.0,Chicago,7.6
EMP-0709,Northstar Employee 0709,D04,Marketing,Program Manager,EMP-0607,Northstar Employee 0607,0.0,Chicago,9.3
EMP-0710,Northstar Employee 0710,D04,Marketing,Associate,EMP-0603,Northstar Employee 0603,0.0,San Francisco,8.0
EMP-0711,Northstar Employee 0711,D04,Marketing,Associate,EMP-0607,Northstar Employee 0607,0.0,New York,2.6
EMP-0712,Northstar Employee 0712,D04,Marketing,Program Manager,EMP-0604,Northstar Employee 0604,0.0,Denver,6.0
EMP-0713,Northstar Employee 0713,D04,Marketing,Associate,EMP-0611,Northstar Employee 0611,0.0,San Francisco,3.9
EMP-0714,Northstar Employee 0714,D04,Marketing,Analyst,EMP-0611,Northstar Employee 0611,0.0,Chicago,6.8
EMP-0715,Northstar Employee 0715,D04,Marketing,Associate,EMP-0611,Northstar Employee 0611,0.0,Denver,2.2
EMP-0716,Northstar Employee 0716,D04,Marketing,Specialist,EMP-0602,Northstar Employee 0602,0.0,New York,3.4
EMP-0717,Northstar Employee 0717,D04,Marketing,Analyst,EMP-0602,Northstar Employee 0602,0.0,Denver,4.7
EMP-0718,Northstar Employee 0718,D04,Marketing,Specialist,EMP-0610,Northstar Employee 0610,0.0,Chicago,3.4
EMP-0719,Northstar Employee 0719,D04,Marketing,Analyst,EMP-0607,Northstar Employee 0607,0.0,New York,5.8
EMP-0720,Northstar Employee 0720,D04,Marketing,Specialist,EMP-0606,Northstar Employee 0606,0.0,New York,9.3
EMP-0721,Northstar Employee 0721,D04,Marketing,Specialist,EMP-0612,Northstar Employee 0612,0.0,Denver,8.8
EMP-0722,Northstar Employee 0722,D04,Marketing,Analyst,EMP-0606,Northstar Employee 0606,0.0,San Francisco,0.5
EMP-0723,Northstar Employee 0723,D04,Marketing,Program Manager,EMP-0602,Northstar Employee 0602,0.0,Chicago,2.4
EMP-0724,Northstar Employee 0724,D04,Marketing,Analyst,EMP-0607,Northstar Employee 0607,0.0,San Francisco,9.1
EMP-0725,Northstar Employee 0725,D04,Marketing,Program Manager,EMP-0610,Northstar Employee 0610,0.0,New York,7.5
EMP-0726,Northstar Employee 0726,D04,Marketing,Specialist,EMP-0606,Northstar Employee 0606,0.0,Austin,0.7
EMP-0727,Northstar Employee 0727,D04,Marketing,Associate,EMP-0608,Northstar Employee 0608,0.0,Austin,9.4
EMP-0728,Northstar Employee 0728,D04,Marketing,Program Manager,EMP-0606,Northstar Employee 0606,0.0,San Francisco,0.7
EMP-0729,Northstar Employee 0729,D04,Marketing,Specialist,EMP-0603,Northstar Employee 0603,0.0,San Francisco,3.7
EMP-0730,Northstar Employee 0730,D04,Marketing,Specialist,EMP-0605,Northstar Employee 0605,0.0,Denver,0.9
EMP-0731,Northstar Employee 0731,D04,Marketing,Program Manager,EMP-0605,Northstar Employee 0605,0.0,Denver,8.3
EMP-0732,Northstar Employee 0732,D04,Marketing,Senior Analyst,EMP-0606,Northstar Employee 0606,0.0,Chicago,0.6
EMP-0733,Northstar Employee 0733,D04,Marketing,Program Manager,EMP-0606,Northstar Employee 0606,0.0,New York,9.5
EMP-0734,Northstar Employee 0734,D04,Marketing,Senior Analyst,EMP-0605,Northstar Employee 0605,0.0,San Francisco,0.1
EMP-0735,Northstar Employee 0735,D04,Marketing,Senior Analyst,EMP-0608,Northstar Employee 0608,0.0,Austin,7.7
EMP-0736,Northstar Employee 0736,D04,Marketing,Specialist,EMP-0607,Northstar Employee 0607,0.0,Chicago,6.1
EMP-0737,Northstar Employee 0737,D04,Marketing,Associate,EMP-0612,Northstar Employee 0612,0.0,Austin,2.3
EMP-0738,Northstar Employee 0738,D04,Marketing,Associate,EMP-0608,Northstar Employee 0608,0.0,New York,4.4
EMP-0739,Northstar Employee 0739,D04,Marketing,Associate,EMP-0603,Northstar Employee 0603,0.0,New York,4.5
EMP-0740,Northstar Employee 0740,D04,Marketing,Associate,EMP-0607,Northstar Employee 0607,0.0,Denver,5.6
EMP-0741,Northstar Employee 0741,D04,Marketing,Analyst,EMP-0603,Northstar Employee 0603,0.0,New York,8.4
EMP-0742,Northstar Employee 0742,D04,Marketing,Program Manager,EMP-0603,Northstar Employee 0603,0.0,Chicago,3.6
EMP-0743,Northstar Employee 0743,D04,Marketing,Analyst,EMP-0603,Northstar Employee 0603,0.0,Denver,4.5
EMP-0744,Northstar Employee 0744,D04,Marketing,Specialist,EMP-0608,Northstar Employee 0608,0.0,San Francisco,9.0
EMP-0745,Northstar Employee 0745,D04,Marketing,Analyst,EMP-0610,Northstar Employee 0610,0.0,Austin,1.3
EMP-0746,Northstar Employee 0746,D04,Marketing,Analyst,EMP-0602,Northstar Employee 0602,0.0,San Francisco,4.2
EMP-0747,Northstar Employee 0747,D04,Marketing,Senior Analyst,EMP-0610,Northstar Employee 0610,0.0,Denver,2.1
EMP-0748,Northstar Employee 0748,D04,Marketing,Associate,EMP-0603,Northstar Employee 0603,0.0,Chicago,3.6
EMP-0749,Northstar Employee 0749,D04,Marketing,Analyst,EMP-0607,Northstar Employee 0607,0.0,New York,6.4
EMP-0750,Northstar Employee 0750,D04,Marketing,Analyst,EMP-0604,Northstar Employee 0604,0.0,Chicago,3.3
EMP-0751,Northstar Employee 0751,D04,Marketing,Analyst,EMP-0610,Northstar Employee 0610,0.0,Chicago,5.7
EMP-0752,Northstar Employee 0752,D04,Marketing,Specialist,EMP-0602,Northstar Employee 0602,0.0,New York,1.5
EMP-0753,Northstar Employee 0753,D04,Marketing,Associate,EMP-0605,Northstar Employee 0605,0.0,Denver,2.2
EMP-0754,Northstar Employee 0754,D04,Marketing,Associate,EMP-0607,Northstar Employee 0607,0.0,Chicago,7.6
EMP-0755,Northstar Employee 0755,D04,Marketing,Specialist,EMP-0604,Northstar Employee 0604,0.0,New York,3.6
EMP-0756,Northstar Employee 0756,D04,Marketing,Program Manager,EMP-0609,Northstar Employee 0609,0.0,Austin,9.6
EMP-0757,Northstar Employee 0757,D04,Marketing,Associate,EMP-0612,Northstar Employee 0612,0.0,New York,3.3
EMP-0758,Northstar Employee 0758,D04,Marketing,Senior Analyst,EMP-0604,Northstar Employee 0604,0.0,New York,2.7
EMP-0759,Northstar Employee 0759,D04,Marketing,Associate,EMP-0612,Northstar Employee 0612,0.0,Denver,10.0
EMP-0760,Northstar Employee 0760,D04,Marketing,Analyst,EMP-0603,Northstar Employee 0603,0.0,Chicago,0.5
EMP-0761,Northstar Employee 0761,D04,Marketing,Specialist,EMP-0602,Northstar Employee 0602,0.0,Chicago,7.1
EMP-0762,Northstar Employee 0762,D04,Marketing,Specialist,EMP-0611,Northstar Employee 0611,0.0,Chicago,8.6
EMP-0763,Northstar Employee 0763,D04,Marketing,Specialist,EMP-0609,Northstar Employee 0609,0.0,Austin,5.8
EMP-0764,Northstar Employee 0764,D04,Marketing,Senior Analyst,EMP-0610,Northstar Employee 0610,0.0,San Francisco,3.0
EMP-0765,Northstar Employee 0765,D04,Marketing,Specialist,EMP-0609,Northstar Employee 0609,0.0,Chicago,7.3
EMP-0766,Northstar Employee 0766,D04,Marketing,Senior Analyst,EMP-0612,Northstar Employee 0612,0.0,Austin,2.5
EMP-0767,Northstar Employee 0767,D04,Marketing,Senior Analyst,EMP-0611,Northstar Employee 0611,0.0,San Francisco,8.6
EMP-0768,Northstar Employee 0768,D04,Marketing,Associate,EMP-0603,Northstar Employee 0603,0.0,Chicago,5.8
EMP-0769,Northstar Employee 0769,D04,Marketing,Analyst,EMP-0612,Northstar Employee 0612,0.0,Chicago,8.0
EMP-0770,Northstar Employee 0770,D04,Marketing,Analyst,EMP-0603,Northstar Employee 0603,0.0,Chicago,6.9
EMP-0771,Northstar Employee 0771,D04,Marketing,Senior Analyst,EMP-0610,Northstar Employee 0610,0.0,Denver,0.5
EMP-0772,Northstar Employee 0772,D04,Marketing,Analyst,EMP-0605,Northstar Employee 0605,0.0,San Francisco,2.7
EMP-0773,Northstar Employee 0773,D04,Marketing,Senior Analyst,EMP-0603,Northstar Employee 0603,0.0,San Francisco,7.0
EMP-0774,Northstar Employee 0774,D04,Marketing,Program Manager,EMP-0607,Northstar Employee 0607,0.0,New York,6.0
EMP-0775,Northstar Employee 0775,D04,Marketing,Specialist,EMP-0606,Northstar Employee 0606,0.0,San Francisco,2.7
EMP-0776,Northstar Employee 0776,D04,Marketing,Specialist,EMP-0610,Northstar Employee 0610,0.0,Denver,5.4
EMP-0777,Northstar Employee 0777,D04,Marketing,Senior Analyst,EMP-0612,Northstar Employee 0612,0.0,San Francisco,9.1
EMP-0778,Northstar Employee 0778,D04,Marketing,Analyst,EMP-0611,Northstar Employee 0611,0.0,San Francisco,5.9
EMP-0779,Northstar Employee 0779,D04,Marketing,Specialist,EMP-0610,Northstar Employee 0610,0.0,Chicago,4.4
EMP-0780,Northstar Employee 0780,D04,Marketing,Associate,EMP-0607,Northstar Employee 0607,0.0,New York,3.7
EMP-0781,Northstar Employee 0781,D04,Marketing,Specialist,EMP-0607,Northstar Employee 0607,0.0,Austin,1.3
EMP-0782,Northstar Employee 0782,D04,Marketing,Associate,EMP-0607,Northstar Employee 0607,0.0,San Francisco,7.4
EMP-0783,Northstar Employee 0783,D04,Marketing,Analyst,EMP-0607,Northstar Employee 0607,0.0,Chicago,4.9
EMP-0784,Northstar Employee 0784,D04,Marketing,Senior Analyst,EMP-0603,Northstar Employee 0603,0.0,New York,7.5
EMP-0785,Northstar Employee 0785,D04,Marketing,Analyst,EMP-0604,Northstar Employee 0604,0.0,Chicago,1.4
EMP-0786,Northstar Employee 0786,D04,Marketing,Analyst,EMP-0607,Northstar Employee 0607,0.0,San Francisco,2.2
EMP-0787,Northstar Employee 0787,D04,Marketing,Senior Analyst,EMP-0612,Northstar Employee 0612,0.0,New York,5.3
EMP-0788,Northstar Employee 0788,D04,Marketing,Senior Analyst,EMP-0606,Northstar Employee 0606,0.0,Chicago,6.9
EMP-0789,Northstar Employee 0789,D04,Marketing,Specialist,EMP-0610,Northstar Employee 0610,0.0,San Francisco,1.1
EMP-0790,Northstar Employee 0790,D04,Marketing,Specialist,EMP-0604,Northstar Employee 0604,0.0,New York,0.3
EMP-0791,Northstar Employee 0791,D04,Marketing,Associate,EMP-0611,Northstar Employee 0611,0.0,San Francisco,1.7
EMP-0792,Northstar Employee 0792,D04,Marketing,Associate,EMP-0609,Northstar Employee 0609,0.0,New York,2.5
EMP-0793,Northstar Employee 0793,D04,Marketing,Specialist,EMP-0611,Northstar Employee 0611,0.0,New York,8.1
EMP-0794,Northstar Employee 0794,D04,Marketing,Specialist,EMP-0610,Northstar Employee 0610,0.0,Denver,9.7
EMP-0795,Northstar Employee 0795,D04,Marketing,Analyst,EMP-0605,Northstar Employee 0605,0.0,Chicago,9.6
EMP-0796,Northstar Employee 0796,D04,Marketing,Program Manager,EMP-0607,Northstar Employee 0607,0.0,Chicago,2.0
EMP-0797,Northstar Employee 0797,D04,Marketing,Specialist,EMP-0610,Northstar Employee 0610,0.0,San Francisco,2.9
EMP-0798,Northstar Employee 0798,D04,Marketing,Analyst,EMP-0609,Northstar Employee 0609,0.0,Austin,8.9
EMP-0799,Northstar Employee 0799,D04,Marketing,Analyst,EMP-0608,Northstar Employee 0608,0.0,Austin,7.1
EMP-0800,Northstar Employee 0800,D04,Marketing,Senior Analyst,EMP-0602,Northstar Employee 0602,0.0,Austin,2.5
EMP-0801,Northstar Employee 0801,D05,Customer Success,Director,EMP-0001,Northstar Employee 0001,150000.0,Austin,4.2
EMP-0802,Northstar Employee 0802,D05,Customer Success,Senior Manager,EMP-0801,Northstar Employee 0801,15000.0,San Francisco,2.3
EMP-0803,Northstar Employee 0803,D05,Customer Success,Senior Manager,EMP-0801,Northstar Employee 0801,50000.0,New York,2.4
EMP-0804,Northstar Employee 0804,D05,Customer Success,Manager,EMP-0801,Northstar Employee 0801,25000.0,San Francisco,2.4
EMP-0805,Northstar Employee 0805,D05,Customer Success,Manager,EMP-0801,Northstar Employee 0801,50000.0,Chicago,4.8
EMP-0806,Northstar Employee 0806,D05,Customer Success,Manager,EMP-0801,Northstar Employee 0801,50000.0,Denver,7.2
EMP-0807,Northstar Employee 0807,D05,Customer Success,Manager,EMP-0801,Northstar Employee 0801,50000.0,San Francisco,6.9
EMP-0808,Northstar Employee 0808,D05,Customer Success,Manager,EMP-0801,Northstar Employee 0801,50000.0,Chicago,7.9
EMP-0809,Northstar Employee 0809,D05,Customer Success,Manager,EMP-0801,Northstar Employee 0801,75000.0,Chicago,7.7
EMP-0810,Northstar Employee 0810,D05,Customer Success,Manager,EMP-0801,Northstar Employee 0801,15000.0,New York,2.1
EMP-0811,Northstar Employee 0811,D05,Customer Success,Manager,EMP-0801,Northstar Employee 0801,15000.0,Austin,5.3
EMP-0812,Northstar Employee 0812,D05,Customer Success,Manager,EMP-0801,Northstar Employee 0801,25000.0,San Francisco,4.0
EMP-0813,Northstar Employee 0813,D05,Customer Success,Specialist,EMP-0804,Northstar Employee 0804,0.0,Chicago,2.5
EMP-0814,Northstar Employee 0814,D05,Customer Success,Analyst,EMP-0812,Northstar Employee 0812,0.0,Austin,7.2
EMP-0815,Northstar Employee 0815,D05,Customer Success,Specialist,EMP-0807,Northstar Employee 0807,0.0,New York,6.7
EMP-0816,Northstar Employee 0816,D05,Customer Success,Program Manager,EMP-0809,Northstar Employee 0809,0.0,Chicago,6.5
EMP-0817,Northstar Employee 0817,D05,Customer Success,Analyst,EMP-0809,Northstar Employee 0809,0.0,Austin,2.9
EMP-0818,Northstar Employee 0818,D05,Customer Success,Analyst,EMP-0807,Northstar Employee 0807,0.0,Chicago,6.6
EMP-0819,Northstar Employee 0819,D05,Customer Success,Senior Analyst,EMP-0808,Northstar Employee 0808,0.0,Chicago,3.0
EMP-0820,Northstar Employee 0820,D05,Customer Success,Analyst,EMP-0803,Northstar Employee 0803,0.0,Chicago,5.3
EMP-0821,Northstar Employee 0821,D05,Customer Success,Program Manager,EMP-0812,Northstar Employee 0812,0.0,Chicago,1.7
EMP-0822,Northstar Employee 0822,D05,Customer Success,Senior Analyst,EMP-0812,Northstar Employee 0812,0.0,San Francisco,1.0
EMP-0823,Northstar Employee 0823,D05,Customer Success,Associate,EMP-0806,Northstar Employee 0806,0.0,Chicago,7.3
EMP-0824,Northstar Employee 0824,D05,Customer Success,Specialist,EMP-0807,Northstar Employee 0807,0.0,Chicago,9.4
EMP-0825,Northstar Employee 0825,D05,Customer Success,Analyst,EMP-0806,Northstar Employee 0806,0.0,Chicago,3.5
EMP-0826,Northstar Employee 0826,D05,Customer Success,Analyst,EMP-0802,Northstar Employee 0802,0.0,New York,0.9
EMP-0827,Northstar Employee 0827,D05,Customer Success,Associate,EMP-0804,Northstar Employee 0804,0.0,Denver,8.1
EMP-0828,Northstar Employee 0828,D05,Customer Success,Specialist,EMP-0809,Northstar Employee 0809,0.0,Austin,0.7
EMP-0829,Northstar Employee 0829,D05,Customer Success,Analyst,EMP-0803,Northstar Employee 0803,0.0,New York,7.0
EMP-0830,Northstar Employee 0830,D05,Customer Success,Specialist,EMP-0810,Northstar Employee 0810,0.0,Austin,4.4
EMP-0831,Northstar Employee 0831,D05,Customer Success,Analyst,EMP-0812,Northstar Employee 0812,0.0,Chicago,0.9
EMP-0832,Northstar Employee 0832,D05,Customer Success,Analyst,EMP-0806,Northstar Employee 0806,0.0,Chicago,9.7
EMP-0833,Northstar Employee 0833,D05,Customer Success,Program Manager,EMP-0809,Northstar Employee 0809,0.0,San Francisco,3.5
EMP-0834,Northstar Employee 0834,D05,Customer Success,Analyst,EMP-0807,Northstar Employee 0807,0.0,Austin,5.0
EMP-0835,Northstar Employee 0835,D05,Customer Success,Analyst,EMP-0805,Northstar Employee 0805,0.0,Chicago,7.4
EMP-0836,Northstar Employee 0836,D05,Customer Success,Associate,EMP-0811,Northstar Employee 0811,0.0,Denver,6.7
EMP-0837,Northstar Employee 0837,D05,Customer Success,Program Manager,EMP-0809,Northstar Employee 0809,0.0,Austin,5.6
EMP-0838,Northstar Employee 0838,D05,Customer Success,Specialist,EMP-0802,Northstar Employee 0802,0.0,Denver,4.4
EMP-0839,Northstar Employee 0839,D05,Customer Success,Senior Analyst,EMP-0812,Northstar Employee 0812,0.0,Austin,6.1
EMP-0840,Northstar Employee 0840,D05,Customer Success,Analyst,EMP-0812,Northstar Employee 0812,0.0,Chicago,6.4
EMP-0841,Northstar Employee 0841,D05,Customer Success,Program Manager,EMP-0812,Northstar Employee 0812,0.0,New York,2.4
EMP-0842,Northstar Employee 0842,D05,Customer Success,Associate,EMP-0811,Northstar Employee 0811,0.0,Chicago,3.6
EMP-0843,Northstar Employee 0843,D05,Customer Success,Program Manager,EMP-0809,Northstar Employee 0809,0.0,Denver,5.8
EMP-0844,Northstar Employee 0844,D05,Customer Success,Program Manager,EMP-0802,Northstar Employee 0802,0.0,Chicago,8.7
EMP-0845,Northstar Employee 0845,D05,Customer Success,Analyst,EMP-0809,Northstar Employee 0809,0.0,New York,5.9
EMP-0846,Northstar Employee 0846,D05,Customer Success,Analyst,EMP-0807,Northstar Employee 0807,0.0,Austin,5.1
EMP-0847,Northstar Employee 0847,D05,Customer Success,Specialist,EMP-0804,Northstar Employee 0804,0.0,Austin,1.1
EMP-0848,Northstar Employee 0848,D05,Customer Success,Associate,EMP-0805,Northstar Employee 0805,0.0,Chicago,1.7
EMP-0849,Northstar Employee 0849,D05,Customer Success,Analyst,EMP-0802,Northstar Employee 0802,0.0,Austin,0.8
EMP-0850,Northstar Employee 0850,D05,Customer Success,Senior Analyst,EMP-0808,Northstar Employee 0808,0.0,Austin,6.0
EMP-0851,Northstar Employee 0851,D05,Customer Success,Specialist,EMP-0807,Northstar Employee 0807,0.0,Austin,1.0
EMP-0852,Northstar Employee 0852,D05,Customer Success,Specialist,EMP-0802,Northstar Employee 0802,0.0,Chicago,6.9
EMP-0853,Northstar Employee 0853,D05,Customer Success,Analyst,EMP-0808,Northstar Employee 0808,0.0,Chicago,7.9
EMP-0854,Northstar Employee 0854,D05,Customer Success,Specialist,EMP-0810,Northstar Employee 0810,0.0,Austin,0.9
EMP-0855,Northstar Employee 0855,D05,Customer Success,Senior Analyst,EMP-0807,Northstar Employee 0807,0.0,Austin,5.6
EMP-0856,Northstar Employee 0856,D05,Customer Success,Specialist,EMP-0802,Northstar Employee 0802,0.0,Austin,5.9
EMP-0857,Northstar Employee 0857,D05,Customer Success,Senior Analyst,EMP-0803,Northstar Employee 0803,0.0,Chicago,6.4
EMP-0858,Northstar Employee 0858,D05,Customer Success,Program Manager,EMP-0810,Northstar Employee 0810,0.0,Denver,0.5
EMP-0859,Northstar Employee 0859,D05,Customer Success,Associate,EMP-0803,Northstar Employee 0803,0.0,Austin,9.1
EMP-0860,Northstar Employee 0860,D05,Customer Success,Specialist,EMP-0809,Northstar Employee 0809,0.0,Chicago,3.7
EMP-0861,Northstar Employee 0861,D05,Customer Success,Analyst,EMP-0804,Northstar Employee 0804,0.0,Chicago,9.8
EMP-0862,Northstar Employee 0862,D05,Customer Success,Associate,EMP-0812,Northstar Employee 0812,0.0,New York,9.7
EMP-0863,Northstar Employee 0863,D05,Customer Success,Senior Analyst,EMP-0809,Northstar Employee 0809,0.0,Chicago,9.0
EMP-0864,Northstar Employee 0864,D05,Customer Success,Program Manager,EMP-0810,Northstar Employee 0810,0.0,San Francisco,7.7
EMP-0865,Northstar Employee 0865,D05,Customer Success,Program Manager,EMP-0808,Northstar Employee 0808,0.0,Austin,0.5
EMP-0866,Northstar Employee 0866,D05,Customer Success,Program Manager,EMP-0811,Northstar Employee 0811,0.0,New York,5.5
EMP-0867,Northstar Employee 0867,D05,Customer Success,Specialist,EMP-0802,Northstar Employee 0802,0.0,Austin,2.9
EMP-0868,Northstar Employee 0868,D05,Customer Success,Associate,EMP-0808,Northstar Employee 0808,0.0,New York,2.9
EMP-0869,Northstar Employee 0869,D05,Customer Success,Associate,EMP-0812,Northstar Employee 0812,0.0,Chicago,6.4
EMP-0870,Northstar Employee 0870,D05,Customer Success,Analyst,EMP-0805,Northstar Employee 0805,0.0,Chicago,8.9
EMP-0871,Northstar Employee 0871,D05,Customer Success,Senior Analyst,EMP-0807,Northstar Employee 0807,0.0,San Francisco,8.4
EMP-0872,Northstar Employee 0872,D05,Customer Success,Senior Analyst,EMP-0802,Northstar Employee 0802,0.0,Chicago,2.5
EMP-0873,Northstar Employee 0873,D05,Customer Success,Specialist,EMP-0808,Northstar Employee 0808,0.0,San Francisco,5.0
EMP-0874,Northstar Employee 0874,D05,Customer Success,Analyst,EMP-0806,Northstar Employee 0806,0.0,San Francisco,0.1
EMP-0875,Northstar Employee 0875,D05,Customer Success,Program Manager,EMP-0807,Northstar Employee 0807,0.0,Chicago,5.3
EMP-0876,Northstar Employee 0876,D05,Customer Success,Analyst,EMP-0809,Northstar Employee 0809,0.0,San Francisco,6.1
EMP-0877,Northstar Employee 0877,D05,Customer Success,Analyst,EMP-0811,Northstar Employee 0811,0.0,Austin,3.4
EMP-0878,Northstar Employee 0878,D05,Customer Success,Senior Analyst,EMP-0803,Northstar Employee 0803,0.0,San Francisco,2.4
EMP-0879,Northstar Employee 0879,D05,Customer Success,Analyst,EMP-0802,Northstar Employee 0802,0.0,San Francisco,8.0
EMP-0880,Northstar Employee 0880,D05,Customer Success,Senior Analyst,EMP-0812,Northstar Employee 0812,0.0,Denver,9.2
EMP-0881,Northstar Employee 0881,D05,Customer Success,Analyst,EMP-0807,Northstar Employee 0807,0.0,New York,1.1
EMP-0882,Northstar Employee 0882,D05,Customer Success,Analyst,EMP-0809,Northstar Employee 0809,0.0,New York,0.8
EMP-0883,Northstar Employee 0883,D05,Customer Success,Specialist,EMP-0805,Northstar Employee 0805,0.0,Chicago,1.4
EMP-0884,Northstar Employee 0884,D05,Customer Success,Senior Analyst,EMP-0804,Northstar Employee 0804,0.0,Chicago,9.5
EMP-0885,Northstar Employee 0885,D05,Customer Success,Associate,EMP-0806,Northstar Employee 0806,0.0,Austin,0.9
EMP-0886,Northstar Employee 0886,D05,Customer Success,Specialist,EMP-0806,Northstar Employee 0806,0.0,Austin,7.7
EMP-0887,Northstar Employee 0887,D05,Customer Success,Associate,EMP-0812,Northstar Employee 0812,0.0,New York,5.0
EMP-0888,Northstar Employee 0888,D05,Customer Success,Analyst,EMP-0805,Northstar Employee 0805,0.0,New York,2.2
EMP-0889,Northstar Employee 0889,D05,Customer Success,Senior Analyst,EMP-0803,Northstar Employee 0803,0.0,Chicago,3.0
EMP-0890,Northstar Employee 0890,D05,Customer Success,Program Manager,EMP-0812,Northstar Employee 0812,0.0,Chicago,3.6
EMP-0891,Northstar Employee 0891,D05,Customer Success,Program Manager,EMP-0807,Northstar Employee 0807,0.0,San Francisco,9.9
EMP-0892,Northstar Employee 0892,D05,Customer Success,Analyst,EMP-0809,Northstar Employee 0809,0.0,Chicago,8.4
EMP-0893,Northstar Employee 0893,D05,Customer Success,Specialist,EMP-0805,Northstar Employee 0805,0.0,Austin,1.4
EMP-0894,Northstar Employee 0894,D05,Customer Success,Analyst,EMP-0808,Northstar Employee 0808,0.0,New York,4.1
EMP-0895,Northstar Employee 0895,D05,Customer Success,Specialist,EMP-0805,Northstar Employee 0805,0.0,Chicago,6.3
EMP-0896,Northstar Employee 0896,D05,Customer Success,Program Manager,EMP-0804,Northstar Employee 0804,0.0,Chicago,6.1
EMP-0897,Northstar Employee 0897,D05,Customer Success,Specialist,EMP-0806,Northstar Employee 0806,0.0,Chicago,6.6
EMP-0898,Northstar Employee 0898,D05,Customer Success,Specialist,EMP-0802,Northstar Employee 0802,0.0,Chicago,0.3
EMP-0899,Northstar Employee 0899,D05,Customer Success,Senior Analyst,EMP-0811,Northstar Employee 0811,0.0,Chicago,9.9
EMP-0900,Northstar Employee 0900,D05,Customer Success,Analyst,EMP-0812,Northstar Employee 0812,0.0,Austin,0.4
EMP-0901,Northstar Employee 0901,D05,Customer Success,Analyst,EMP-0810,Northstar Employee 0810,0.0,Chicago,2.0
EMP-0902,Northstar Employee 0902,D05,Customer Success,Associate,EMP-0810,Northstar Employee 0810,0.0,Chicago,1.6
EMP-0903,Northstar Employee 0903,D05,Customer Success,Associate,EMP-0810,Northstar Employee 0810,0.0,New York,0.6
EMP-0904,Northstar Employee 0904,D05,Customer Success,Specialist,EMP-0812,Northstar Employee 0812,0.0,New York,2.3
EMP-0905,Northstar Employee 0905,D05,Customer Success,Senior Analyst,EMP-0805,Northstar Employee 0805,0.0,Austin,7.0
EMP-0906,Northstar Employee 0906,D05,Customer Success,Senior Analyst,EMP-0809,Northstar Employee 0809,0.0,New York,8.5
EMP-0907,Northstar Employee 0907,D05,Customer Success,Senior Analyst,EMP-0810,Northstar Employee 0810,0.0,Denver,7.3
EMP-0908,Northstar Employee 0908,D05,Customer Success,Program Manager,EMP-0812,Northstar Employee 0812,0.0,Denver,8.8
EMP-0909,Northstar Employee 0909,D05,Customer Success,Analyst,EMP-0810,Northstar Employee 0810,0.0,Denver,9.6
EMP-0910,Northstar Employee 0910,D05,Customer Success,Specialist,EMP-0811,Northstar Employee 0811,0.0,Chicago,1.6
EMP-0911,Northstar Employee 0911,D05,Customer Success,Specialist,EMP-0804,Northstar Employee 0804,0.0,Austin,6.2
EMP-0912,Northstar Employee 0912,D05,Customer Success,Specialist,EMP-0807,Northstar Employee 0807,0.0,Austin,0.7
EMP-0913,Northstar Employee 0913,D05,Customer Success,Senior Analyst,EMP-0805,Northstar Employee 0805,0.0,Austin,4.0
EMP-0914,Northstar Employee 0914,D05,Customer Success,Senior Analyst,EMP-0802,Northstar Employee 0802,0.0,San Francisco,3.0
EMP-0915,Northstar Employee 0915,D05,Customer Success,Senior Analyst,EMP-0803,Northstar Employee 0803,0.0,Chicago,7.1
EMP-0916,Northstar Employee 0916,D05,Customer Success,Specialist,EMP-0804,Northstar Employee 0804,0.0,Chicago,3.5
EMP-0917,Northstar Employee 0917,D05,Customer Success,Program Manager,EMP-0809,Northstar Employee 0809,0.0,Austin,3.3
EMP-0918,Northstar Employee 0918,D05,Customer Success,Associate,EMP-0810,Northstar Employee 0810,0.0,Chicago,2.1
EMP-0919,Northstar Employee 0919,D05,Customer Success,Program Manager,EMP-0811,Northstar Employee 0811,0.0,New York,6.5
EMP-0920,Northstar Employee 0920,D05,Customer Success,Program Manager,EMP-0807,Northstar Employee 0807,0.0,Austin,8.7
EMP-0921,Northstar Employee 0921,D05,Customer Success,Associate,EMP-0811,Northstar Employee 0811,0.0,Denver,4.2
EMP-0922,Northstar Employee 0922,D05,Customer Success,Analyst,EMP-0807,Northstar Employee 0807,0.0,San Francisco,4.6
EMP-0923,Northstar Employee 0923,D05,Customer Success,Analyst,EMP-0806,Northstar Employee 0806,0.0,Austin,0.2
EMP-0924,Northstar Employee 0924,D05,Customer Success,Associate,EMP-0811,Northstar Employee 0811,0.0,Chicago,1.1
EMP-0925,Northstar Employee 0925,D05,Customer Success,Analyst,EMP-0812,Northstar Employee 0812,0.0,San Francisco,6.2
EMP-0926,Northstar Employee 0926,D05,Customer Success,Analyst,EMP-0810,Northstar Employee 0810,0.0,Austin,7.8
EMP-0927,Northstar Employee 0927,D05,Customer Success,Senior Analyst,EMP-0802,Northstar Employee 0802,0.0,San Francisco,8.8
EMP-0928,Northstar Employee 0928,D05,Customer Success,Program Manager,EMP-0811,Northstar Employee 0811,0.0,New York,5.6
EMP-0929,Northstar Employee 0929,D05,Customer Success,Analyst,EMP-0808,Northstar Employee 0808,0.0,Austin,4.6
EMP-0930,Northstar Employee 0930,D05,Customer Success,Program Manager,EMP-0807,Northstar Employee 0807,0.0,San Francisco,9.6
EMP-0931,Northstar Employee 0931,D05,Customer Success,Associate,EMP-0804,Northstar Employee 0804,0.0,San Francisco,4.1
EMP-0932,Northstar Employee 0932,D05,Customer Success,Specialist,EMP-0810,Northstar Employee 0810,0.0,New York,1.5
EMP-0933,Northstar Employee 0933,D05,Customer Success,Specialist,EMP-0804,Northstar Employee 0804,0.0,New York,0.2
EMP-0934,Northstar Employee 0934,D05,Customer Success,Specialist,EMP-0806,Northstar Employee 0806,0.0,New York,0.2
EMP-0935,Northstar Employee 0935,D05,Customer Success,Specialist,EMP-0810,Northstar Employee 0810,0.0,Austin,2.5
EMP-0936,Northstar Employee 0936,D05,Customer Success,Analyst,EMP-0808,Northstar Employee 0808,0.0,San Francisco,8.0
EMP-0937,Northstar Employee 0937,D05,Customer Success,Senior Analyst,EMP-0808,Northstar Employee 0808,0.0,Chicago,2.2
EMP-0938,Northstar Employee 0938,D05,Customer Success,Program Manager,EMP-0808,Northstar Employee 0808,0.0,Chicago,7.9
EMP-0939,Northstar Employee 0939,D05,Customer Success,Specialist,EMP-0806,Northstar Employee 0806,0.0,Chicago,0.2
EMP-0940,Northstar Employee 0940,D05,Customer Success,Program Manager,EMP-0808,Northstar Employee 0808,0.0,Chicago,2.3
EMP-0941,Northstar Employee 0941,D05,Customer Success,Specialist,EMP-0803,Northstar Employee 0803,0.0,Chicago,6.1
EMP-0942,Northstar Employee 0942,D05,Customer Success,Specialist,EMP-0810,Northstar Employee 0810,0.0,San Francisco,5.8
EMP-0943,Northstar Employee 0943,D05,Customer Success,Specialist,EMP-0810,Northstar Employee 0810,0.0,San Francisco,3.3
EMP-0944,Northstar Employee 0944,D05,Customer Success,Senior Analyst,EMP-0803,Northstar Employee 0803,0.0,San Francisco,0.9
EMP-0945,Northstar Employee 0945,D05,Customer Success,Associate,EMP-0812,Northstar Employee 0812,0.0,Denver,1.1
EMP-0946,Northstar Employee 0946,D05,Customer Success,Analyst,EMP-0805,Northstar Employee 0805,0.0,Denver,9.6
EMP-0947,Northstar Employee 0947,D05,Customer Success,Senior Analyst,EMP-0811,Northstar Employee 0811,0.0,Denver,7.1
EMP-0948,Northstar Employee 0948,D05,Customer Success,Specialist,EMP-0812,Northstar Employee 0812,0.0,Austin,3.0
EMP-0949,Northstar Employee 0949,D05,Customer Success,Associate,EMP-0805,Northstar Employee 0805,0.0,Austin,2.0
EMP-0950,Northstar Employee 0950,D05,Customer Success,Program Manager,EMP-0807,Northstar Employee 0807,0.0,Austin,7.1
EMP-0951,Northstar Employee 0951,D05,Customer Success,Specialist,EMP-0805,Northstar Employee 0805,0.0,Chicago,1.6
EMP-0952,Northstar Employee 0952,D05,Customer Success,Program Manager,EMP-0811,Northstar Employee 0811,0.0,Denver,1.5
EMP-0953,Northstar Employee 0953,D05,Customer Success,Analyst,EMP-0811,Northstar Employee 0811,0.0,Chicago,6.3
EMP-0954,Northstar Employee 0954,D05,Customer Success,Analyst,EMP-0805,Northstar Employee 0805,0.0,Chicago,0.9
EMP-0955,Northstar Employee 0955,D05,Customer Success,Associate,EMP-0812,Northstar Employee 0812,0.0,Chicago,4.2
EMP-0956,Northstar Employee 0956,D05,Customer Success,Analyst,EMP-0808,Northstar Employee 0808,0.0,Chicago,0.3
EMP-0957,Northstar Employee 0957,D05,Customer Success,Analyst,EMP-0805,Northstar Employee 0805,0.0,Chicago,7.2
EMP-0958,Northstar Employee 0958,D05,Customer Success,Specialist,EMP-0803,Northstar Employee 0803,0.0,San Francisco,8.3
EMP-0959,Northstar Employee 0959,D05,Customer Success,Program Manager,EMP-0808,Northstar Employee 0808,0.0,San Francisco,3.7
EMP-0960,Northstar Employee 0960,D05,Customer Success,Associate,EMP-0811,Northstar Employee 0811,0.0,Austin,3.9
EMP-0961,Northstar Employee 0961,D05,Customer Success,Associate,EMP-0804,Northstar Employee 0804,0.0,New York,4.0
EMP-0962,Northstar Employee 0962,D05,Customer Success,Program Manager,EMP-0808,Northstar Employee 0808,0.0,Chicago,1.8
EMP-0963,Northstar Employee 0963,D05,Customer Success,Program Manager,EMP-0809,Northstar Employee 0809,0.0,Chicago,1.8
EMP-0964,Northstar Employee 0964,D05,Customer Success,Associate,EMP-0807,Northstar Employee 0807,0.0,Chicago,0.7
EMP-0965,Northstar Employee 0965,D05,Customer Success,Program Manager,EMP-0810,Northstar Employee 0810,0.0,Chicago,7.9
EMP-0966,Northstar Employee 0966,D05,Customer Success,Specialist,EMP-0809,Northstar Employee 0809,0.0,San Francisco,5.4
EMP-0967,Northstar Employee 0967,D05,Customer Success,Senior Analyst,EMP-0806,Northstar Employee 0806,0.0,Austin,4.8
EMP-0968,Northstar Employee 0968,D05,Customer Success,Associate,EMP-0805,Northstar Employee 0805,0.0,Chicago,5.3
EMP-0969,Northstar Employee 0969,D05,Customer Success,Program Manager,EMP-0803,Northstar Employee 0803,0.0,New York,2.6
EMP-0970,Northstar Employee 0970,D05,Customer Success,Senior Analyst,EMP-0807,Northstar Employee 0807,0.0,Chicago,6.4
EMP-0971,Northstar Employee 0971,D05,Customer Success,Specialist,EMP-0809,Northstar Employee 0809,0.0,San Francisco,3.9
EMP-0972,Northstar Employee 0972,D05,Customer Success,Senior Analyst,EMP-0812,Northstar Employee 0812,0.0,Denver,2.5
EMP-0973,Northstar Employee 0973,D05,Customer Success,Specialist,EMP-0811,Northstar Employee 0811,0.0,Chicago,6.9
EMP-0974,Northstar Employee 0974,D05,Customer Success,Specialist,EMP-0802,Northstar Employee 0802,0.0,New York,3.5
EMP-0975,Northstar Employee 0975,D05,Customer Success,Analyst,EMP-0811,Northstar Employee 0811,0.0,Chicago,0.7
EMP-0976,Northstar Employee 0976,D05,Customer Success,Program Manager,EMP-0808,Northstar Employee 0808,0.0,Austin,6.9
EMP-0977,Northstar Employee 0977,D05,Customer Success,Associate,EMP-0805,Northstar Employee 0805,0.0,Austin,5.4
EMP-0978,Northstar Employee 0978,D05,Customer Success,Analyst,EMP-0811,Northstar Employee 0811,0.0,Denver,8.5
EMP-0979,Northstar Employee 0979,D05,Customer Success,Senior Analyst,EMP-0809,Northstar Employee 0809,0.0,Chicago,5.4
EMP-0980,Northstar Employee 0980,D05,Customer Success,Senior Analyst,EMP-0807,Northstar Employee 0807,0.0,San Francisco,6.5
EMP-0981,Northstar Employee 0981,D05,Customer Success,Specialist,EMP-0811,Northstar Employee 0811,0.0,Denver,9.6
EMP-0982,Northstar Employee 0982,D05,Customer Success,Associate,EMP-0807,Northstar Employee 0807,0.0,New York,9.3
EMP-0983,Northstar Employee 0983,D05,Customer Success,Program Manager,EMP-0810,Northstar Employee 0810,0.0,Austin,2.2
EMP-0984,Northstar Employee 0984,D05,Customer Success,Analyst,EMP-0808,Northstar Employee 0808,0.0,San Francisco,5.8
EMP-0985,Northstar Employee 0985,D05,Customer Success,Specialist,EMP-0803,Northstar Employee 0803,0.0,San Francisco,2.9
EMP-0986,Northstar Employee 0986,D05,Customer Success,Senior Analyst,EMP-0807,Northstar Employee 0807,0.0,Chicago,9.6
EMP-0987,Northstar Employee 0987,D05,Customer Success,Specialist,EMP-0807,Northstar Employee 0807,0.0,Chicago,6.4
EMP-0988,Northstar Employee 0988,D05,Customer Success,Program Manager,EMP-0811,Northstar Employee 0811,0.0,Chicago,8.3
EMP-0989,Northstar Employee 0989,D05,Customer Success,Program Manager,EMP-0812,Northstar Employee 0812,0.0,New York,6.2
EMP-0990,Northstar Employee 0990,D05,Customer Success,Senior Analyst,EMP-0803,Northstar Employee 0803,0.0,New York,2.1
EMP-0991,Northstar Employee 0991,D05,Customer Success,Specialist,EMP-0803,Northstar Employee 0803,0.0,Chicago,7.2
EMP-0992,Northstar Employee 0992,D05,Customer Success,Program Manager,EMP-0810,Northstar Employee 0810,0.0,New York,9.2
EMP-0993,Northstar Employee 0993,D05,Customer Success,Program Manager,EMP-0811,Northstar Employee 0811,0.0,Chicago,5.7
EMP-0994,Northstar Employee 0994,D05,Customer Success,Program Manager,EMP-0803,Northstar Employee 0803,0.0,Chicago,9.4
EMP-0995,Northstar Employee 0995,D05,Customer Success,Specialist,EMP-0808,Northstar Employee 0808,0.0,Chicago,8.5
EMP-0996,Northstar Employee 0996,D05,Customer Success,Analyst,EMP-0809,Northstar Employee 0809,0.0,Chicago,8.7
EMP-0997,Northstar Employee 0997,D05,Customer Success,Analyst,EMP-0809,Northstar Employee 0809,0.0,Denver,8.3
EMP-0998,Northstar Employee 0998,D05,Customer Success,Specialist,EMP-0812,Northstar Employee 0812,0.0,Austin,1.5
EMP-0999,Northstar Employee 0999,D05,Customer Success,Associate,EMP-0812,Northstar Employee 0812,0.0,Chicago,3.7
EMP-1000,Northstar Employee 1000,D05,Customer Success,Analyst,EMP-0810,Northstar Employee 0810,0.0,Chicago,7.2
EMP-1001,Northstar Employee 1001,D06,Field Operations,Director,EMP-0001,Northstar Employee 0001,150000.0,New York,4.4
EMP-1002,Northstar Employee 1002,D06,Field Operations,Senior Manager,EMP-1001,Northstar Employee 1001,25000.0,New York,4.4
EMP-1003,Northstar Employee 1003,D06,Field Operations,Senior Manager,EMP-1001,Northstar Employee 1001,75000.0,Chicago,11.2
EMP-1004,Northstar Employee 1004,D06,Field Operations,Manager,EMP-1001,Northstar Employee 1001,15000.0,Austin,7.9
EMP-1005,Northstar Employee 1005,D06,Field Operations,Manager,EMP-1001,Northstar Employee 1001,75000.0,Austin,2.9
EMP-1006,Northstar Employee 1006,D06,Field Operations,Manager,EMP-1001,Northstar Employee 1001,50000.0,Chicago,4.2
EMP-1007,Northstar Employee 1007,D06,Field Operations,Manager,EMP-1001,Northstar Employee 1001,75000.0,Chicago,2.9
EMP-1008,Northstar Employee 1008,D06,Field Operations,Manager,EMP-1001,Northstar Employee 1001,50000.0,Chicago,3.0
EMP-1009,Northstar Employee 1009,D06,Field Operations,Manager,EMP-1001,Northstar Employee 1001,25000.0,Denver,2.5
EMP-1010,Northstar Employee 1010,D06,Field Operations,Manager,EMP-1001,Northstar Employee 1001,50000.0,Chicago,6.5
EMP-1011,Northstar Employee 1011,D06,Field Operations,Manager,EMP-1001,Northstar Employee 1001,25000.0,Chicago,6.8
EMP-1012,Northstar Employee 1012,D06,Field Operations,Manager,EMP-1001,Northstar Employee 1001,50000.0,New York,8.6
EMP-1013,Northstar Employee 1013,D06,Field Operations,Analyst,EMP-1011,Northstar Employee 1011,0.0,New York,2.7
EMP-1014,Northstar Employee 1014,D06,Field Operations,Specialist,EMP-1005,Northstar Employee 1005,0.0,New York,4.6
EMP-1015,Northstar Employee 1015,D06,Field Operations,Analyst,EMP-1004,Northstar Employee 1004,0.0,Austin,1.1
EMP-1016,Northstar Employee 1016,D06,Field Operations,Senior Analyst,EMP-1007,Northstar Employee 1007,0.0,Austin,1.4
EMP-1017,Northstar Employee 1017,D06,Field Operations,Analyst,EMP-1004,Northstar Employee 1004,0.0,Chicago,5.6
EMP-1018,Northstar Employee 1018,D06,Field Operations,Specialist,EMP-1012,Northstar Employee 1012,0.0,New York,7.9
EMP-1019,Northstar Employee 1019,D06,Field Operations,Analyst,EMP-1006,Northstar Employee 1006,0.0,Chicago,3.6
EMP-1020,Northstar Employee 1020,D06,Field Operations,Program Manager,EMP-1010,Northstar Employee 1010,0.0,New York,9.7
EMP-1021,Northstar Employee 1021,D06,Field Operations,Analyst,EMP-1003,Northstar Employee 1003,0.0,Chicago,9.9
EMP-1022,Northstar Employee 1022,D06,Field Operations,Senior Analyst,EMP-1002,Northstar Employee 1002,0.0,San Francisco,8.4
EMP-1023,Northstar Employee 1023,D06,Field Operations,Analyst,EMP-1010,Northstar Employee 1010,0.0,Denver,7.7
EMP-1024,Northstar Employee 1024,D06,Field Operations,Senior Analyst,EMP-1003,Northstar Employee 1003,0.0,New York,9.1
EMP-1025,Northstar Employee 1025,D06,Field Operations,Program Manager,EMP-1012,Northstar Employee 1012,0.0,New York,8.3
EMP-1026,Northstar Employee 1026,D06,Field Operations,Senior Analyst,EMP-1002,Northstar Employee 1002,0.0,Austin,3.6
EMP-1027,Northstar Employee 1027,D06,Field Operations,Analyst,EMP-1003,Northstar Employee 1003,0.0,New York,8.9
EMP-1028,Northstar Employee 1028,D06,Field Operations,Specialist,EMP-1009,Northstar Employee 1009,0.0,New York,5.4
EMP-1029,Northstar Employee 1029,D06,Field Operations,Associate,EMP-1004,Northstar Employee 1004,0.0,Austin,0.3
EMP-1030,Northstar Employee 1030,D06,Field Operations,Specialist,EMP-1005,Northstar Employee 1005,0.0,San Francisco,2.6
EMP-1031,Northstar Employee 1031,D06,Field Operations,Specialist,EMP-1003,Northstar Employee 1003,0.0,Chicago,1.3
EMP-1032,Northstar Employee 1032,D06,Field Operations,Program Manager,EMP-1008,Northstar Employee 1008,0.0,Austin,4.4
EMP-1033,Northstar Employee 1033,D06,Field Operations,Analyst,EMP-1006,Northstar Employee 1006,0.0,Austin,0.5
EMP-1034,Northstar Employee 1034,D06,Field Operations,Analyst,EMP-1008,Northstar Employee 1008,0.0,Chicago,7.8
EMP-1035,Northstar Employee 1035,D06,Field Operations,Specialist,EMP-1002,Northstar Employee 1002,0.0,Austin,1.9
EMP-1036,Northstar Employee 1036,D06,Field Operations,Analyst,EMP-1008,Northstar Employee 1008,0.0,Austin,4.7
EMP-1037,Northstar Employee 1037,D06,Field Operations,Specialist,EMP-1005,Northstar Employee 1005,0.0,Denver,2.3
EMP-1038,Northstar Employee 1038,D06,Field Operations,Associate,EMP-1006,Northstar Employee 1006,0.0,San Francisco,2.3
EMP-1039,Northstar Employee 1039,D06,Field Operations,Associate,EMP-1004,Northstar Employee 1004,0.0,Chicago,1.4
EMP-1040,Northstar Employee 1040,D06,Field Operations,Specialist,EMP-1007,Northstar Employee 1007,0.0,San Francisco,3.8
EMP-1041,Northstar Employee 1041,D06,Field Operations,Program Manager,EMP-1006,Northstar Employee 1006,0.0,San Francisco,7.7
EMP-1042,Northstar Employee 1042,D06,Field Operations,Specialist,EMP-1012,Northstar Employee 1012,0.0,Chicago,6.4
EMP-1043,Northstar Employee 1043,D06,Field Operations,Senior Analyst,EMP-1006,Northstar Employee 1006,0.0,Denver,3.5
EMP-1044,Northstar Employee 1044,D06,Field Operations,Program Manager,EMP-1004,Northstar Employee 1004,0.0,Chicago,7.7
EMP-1045,Northstar Employee 1045,D06,Field Operations,Senior Analyst,EMP-1009,Northstar Employee 1009,0.0,Chicago,9.2
EMP-1046,Northstar Employee 1046,D06,Field Operations,Program Manager,EMP-1010,Northstar Employee 1010,0.0,San Francisco,0.4
EMP-1047,Northstar Employee 1047,D06,Field Operations,Specialist,EMP-1003,Northstar Employee 1003,0.0,Chicago,0.7
EMP-1048,Northstar Employee 1048,D06,Field Operations,Associate,EMP-1009,Northstar Employee 1009,0.0,Chicago,9.4
EMP-1049,Northstar Employee 1049,D06,Field Operations,Specialist,EMP-1008,Northstar Employee 1008,0.0,San Francisco,3.4
EMP-1050,Northstar Employee 1050,D06,Field Operations,Analyst,EMP-1010,Northstar Employee 1010,0.0,Austin,4.0
EMP-1051,Northstar Employee 1051,D06,Field Operations,Specialist,EMP-1012,Northstar Employee 1012,0.0,Denver,3.3
EMP-1052,Northstar Employee 1052,D06,Field Operations,Associate,EMP-1011,Northstar Employee 1011,0.0,New York,4.6
EMP-1053,Northstar Employee 1053,D06,Field Operations,Analyst,EMP-1004,Northstar Employee 1004,0.0,New York,9.3
EMP-1054,Northstar Employee 1054,D06,Field Operations,Analyst,EMP-1006,Northstar Employee 1006,0.0,San Francisco,5.9
EMP-1055,Northstar Employee 1055,D06,Field Operations,Senior Analyst,EMP-1006,Northstar Employee 1006,0.0,Chicago,3.2
EMP-1056,Northstar Employee 1056,D06,Field Operations,Analyst,EMP-1010,Northstar Employee 1010,0.0,Denver,9.5
EMP-1057,Northstar Employee 1057,D06,Field Operations,Specialist,EMP-1006,Northstar Employee 1006,0.0,Chicago,7.2
EMP-1058,Northstar Employee 1058,D06,Field Operations,Senior Analyst,EMP-1003,Northstar Employee 1003,0.0,New York,6.1
EMP-1059,Northstar Employee 1059,D06,Field Operations,Associate,EMP-1008,Northstar Employee 1008,0.0,Austin,6.7
EMP-1060,Northstar Employee 1060,D06,Field Operations,Specialist,EMP-1010,Northstar Employee 1010,0.0,Denver,9.1
EMP-1061,Northstar Employee 1061,D06,Field Operations,Analyst,EMP-1005,Northstar Employee 1005,0.0,Denver,0.8
EMP-1062,Northstar Employee 1062,D06,Field Operations,Specialist,EMP-1012,Northstar Employee 1012,0.0,Austin,7.1
EMP-1063,Northstar Employee 1063,D06,Field Operations,Senior Analyst,EMP-1010,Northstar Employee 1010,0.0,New York,2.5
EMP-1064,Northstar Employee 1064,D06,Field Operations,Program Manager,EMP-1010,Northstar Employee 1010,0.0,Chicago,6.8
EMP-1065,Northstar Employee 1065,D06,Field Operations,Associate,EMP-1009,Northstar Employee 1009,0.0,Denver,9.8
EMP-1066,Northstar Employee 1066,D06,Field Operations,Associate,EMP-1007,Northstar Employee 1007,0.0,Denver,1.5
EMP-1067,Northstar Employee 1067,D06,Field Operations,Specialist,EMP-1005,Northstar Employee 1005,0.0,Austin,4.2
EMP-1068,Northstar Employee 1068,D06,Field Operations,Senior Analyst,EMP-1004,Northstar Employee 1004,0.0,Denver,9.2
EMP-1069,Northstar Employee 1069,D06,Field Operations,Senior Analyst,EMP-1005,Northstar Employee 1005,0.0,San Francisco,9.9
EMP-1070,Northstar Employee 1070,D06,Field Operations,Specialist,EMP-1011,Northstar Employee 1011,0.0,New York,0.8
EMP-1071,Northstar Employee 1071,D06,Field Operations,Specialist,EMP-1011,Northstar Employee 1011,0.0,Chicago,1.5
EMP-1072,Northstar Employee 1072,D06,Field Operations,Analyst,EMP-1010,Northstar Employee 1010,0.0,New York,9.3
EMP-1073,Northstar Employee 1073,D06,Field Operations,Analyst,EMP-1003,Northstar Employee 1003,0.0,Austin,8.7
EMP-1074,Northstar Employee 1074,D06,Field Operations,Senior Analyst,EMP-1003,Northstar Employee 1003,0.0,Chicago,2.6
EMP-1075,Northstar Employee 1075,D06,Field Operations,Associate,EMP-1008,Northstar Employee 1008,0.0,Chicago,8.2
EMP-1076,Northstar Employee 1076,D06,Field Operations,Program Manager,EMP-1010,Northstar Employee 1010,0.0,Chicago,7.3
EMP-1077,Northstar Employee 1077,D06,Field Operations,Senior Analyst,EMP-1005,Northstar Employee 1005,0.0,San Francisco,0.7
EMP-1078,Northstar Employee 1078,D06,Field Operations,Analyst,EMP-1002,Northstar Employee 1002,0.0,New York,1.4
EMP-1079,Northstar Employee 1079,D06,Field Operations,Senior Analyst,EMP-1007,Northstar Employee 1007,0.0,Austin,8.2
EMP-1080,Northstar Employee 1080,D06,Field Operations,Analyst,EMP-1007,Northstar Employee 1007,0.0,New York,6.6
EMP-1081,Northstar Employee 1081,D06,Field Operations,Program Manager,EMP-1012,Northstar Employee 1012,0.0,Denver,3.1
EMP-1082,Northstar Employee 1082,D06,Field Operations,Associate,EMP-1008,Northstar Employee 1008,0.0,Austin,5.4
EMP-1083,Northstar Employee 1083,D06,Field Operations,Senior Analyst,EMP-1012,Northstar Employee 1012,0.0,Chicago,7.1
EMP-1084,Northstar Employee 1084,D06,Field Operations,Associate,EMP-1011,Northstar Employee 1011,0.0,San Francisco,2.5
EMP-1085,Northstar Employee 1085,D06,Field Operations,Senior Analyst,EMP-1004,Northstar Employee 1004,0.0,Chicago,5.9
EMP-1086,Northstar Employee 1086,D06,Field Operations,Associate,EMP-1002,Northstar Employee 1002,0.0,Chicago,4.9
EMP-1087,Northstar Employee 1087,D06,Field Operations,Specialist,EMP-1011,Northstar Employee 1011,0.0,Denver,1.7
EMP-1088,Northstar Employee 1088,D06,Field Operations,Analyst,EMP-1005,Northstar Employee 1005,0.0,New York,7.0
EMP-1089,Northstar Employee 1089,D06,Field Operations,Analyst,EMP-1007,Northstar Employee 1007,0.0,Austin,0.2
EMP-1090,Northstar Employee 1090,D06,Field Operations,Analyst,EMP-1008,Northstar Employee 1008,0.0,Chicago,5.1
EMP-1091,Northstar Employee 1091,D06,Field Operations,Senior Analyst,EMP-1011,Northstar Employee 1011,0.0,Chicago,4.6
EMP-1092,Northstar Employee 1092,D06,Field Operations,Specialist,EMP-1006,Northstar Employee 1006,0.0,San Francisco,1.0
EMP-1093,Northstar Employee 1093,D06,Field Operations,Specialist,EMP-1012,Northstar Employee 1012,0.0,Austin,3.0
EMP-1094,Northstar Employee 1094,D06,Field Operations,Specialist,EMP-1009,Northstar Employee 1009,0.0,Austin,1.8
EMP-1095,Northstar Employee 1095,D06,Field Operations,Analyst,EMP-1002,Northstar Employee 1002,0.0,Austin,7.4
EMP-1096,Northstar Employee 1096,D06,Field Operations,Analyst,EMP-1009,Northstar Employee 1009,0.0,Chicago,2.9
EMP-1097,Northstar Employee 1097,D06,Field Operations,Analyst,EMP-1007,Northstar Employee 1007,0.0,Denver,7.4
EMP-1098,Northstar Employee 1098,D06,Field Operations,Analyst,EMP-1003,Northstar Employee 1003,0.0,Austin,0.4
EMP-1099,Northstar Employee 1099,D06,Field Operations,Specialist,EMP-1006,Northstar Employee 1006,0.0,Austin,7.9
EMP-1100,Northstar Employee 1100,D06,Field Operations,Specialist,EMP-1006,Northstar Employee 1006,0.0,Chicago,7.8
EMP-1101,Northstar Employee 1101,D06,Field Operations,Program Manager,EMP-1006,Northstar Employee 1006,0.0,San Francisco,2.7
EMP-1102,Northstar Employee 1102,D06,Field Operations,Specialist,EMP-1010,Northstar Employee 1010,0.0,Denver,3.3
EMP-1103,Northstar Employee 1103,D06,Field Operations,Specialist,EMP-1007,Northstar Employee 1007,0.0,Denver,9.9
EMP-1104,Northstar Employee 1104,D06,Field Operations,Program Manager,EMP-1006,Northstar Employee 1006,0.0,Chicago,3.8
EMP-1105,Northstar Employee 1105,D06,Field Operations,Associate,EMP-1002,Northstar Employee 1002,0.0,Chicago,5.0
EMP-1106,Northstar Employee 1106,D06,Field Operations,Analyst,EMP-1012,Northstar Employee 1012,0.0,Chicago,0.9
EMP-1107,Northstar Employee 1107,D06,Field Operations,Associate,EMP-1004,Northstar Employee 1004,0.0,Denver,7.0
EMP-1108,Northstar Employee 1108,D06,Field Operations,Associate,EMP-1003,Northstar Employee 1003,0.0,Austin,5.0
EMP-1109,Northstar Employee 1109,D06,Field Operations,Specialist,EMP-1006,Northstar Employee 1006,0.0,Austin,1.9
EMP-1110,Northstar Employee 1110,D06,Field Operations,Associate,EMP-1003,Northstar Employee 1003,0.0,Denver,8.6
EMP-1111,Northstar Employee 1111,D06,Field Operations,Associate,EMP-1009,Northstar Employee 1009,0.0,Chicago,3.0
EMP-1112,Northstar Employee 1112,D06,Field Operations,Senior Analyst,EMP-1002,Northstar Employee 1002,0.0,Chicago,9.4
EMP-1113,Northstar Employee 1113,D06,Field Operations,Associate,EMP-1011,Northstar Employee 1011,0.0,Chicago,3.7
EMP-1114,Northstar Employee 1114,D06,Field Operations,Analyst,EMP-1005,Northstar Employee 1005,0.0,Denver,6.0
EMP-1115,Northstar Employee 1115,D06,Field Operations,Associate,EMP-1007,Northstar Employee 1007,0.0,San Francisco,1.9
EMP-1116,Northstar Employee 1116,D06,Field Operations,Analyst,EMP-1009,Northstar Employee 1009,0.0,New York,0.3
EMP-1117,Northstar Employee 1117,D06,Field Operations,Senior Analyst,EMP-1007,Northstar Employee 1007,0.0,Austin,4.5
EMP-1118,Northstar Employee 1118,D06,Field Operations,Senior Analyst,EMP-1009,Northstar Employee 1009,0.0,Chicago,1.2
EMP-1119,Northstar Employee 1119,D06,Field Operations,Analyst,EMP-1008,Northstar Employee 1008,0.0,Austin,8.0
EMP-1120,Northstar Employee 1120,D06,Field Operations,Analyst,EMP-1005,Northstar Employee 1005,0.0,Denver,0.6
EMP-1121,Northstar Employee 1121,D06,Field Operations,Associate,EMP-1011,Northstar Employee 1011,0.0,Austin,3.5
EMP-1122,Northstar Employee 1122,D06,Field Operations,Associate,EMP-1006,Northstar Employee 1006,0.0,Chicago,3.5
EMP-1123,Northstar Employee 1123,D06,Field Operations,Senior Analyst,EMP-1007,Northstar Employee 1007,0.0,Chicago,5.9
EMP-1124,Northstar Employee 1124,D06,Field Operations,Analyst,EMP-1012,Northstar Employee 1012,0.0,Chicago,4.6
EMP-1125,Northstar Employee 1125,D06,Field Operations,Program Manager,EMP-1008,Northstar Employee 1008,0.0,San Francisco,5.4
EMP-1126,Northstar Employee 1126,D06,Field Operations,Program Manager,EMP-1004,Northstar Employee 1004,0.0,New York,5.7
EMP-1127,Northstar Employee 1127,D06,Field Operations,Associate,EMP-1005,Northstar Employee 1005,0.0,San Francisco,5.6
EMP-1128,Northstar Employee 1128,D06,Field Operations,Program Manager,EMP-1004,Northstar Employee 1004,0.0,Austin,7.0
EMP-1129,Northstar Employee 1129,D06,Field Operations,Specialist,EMP-1008,Northstar Employee 1008,0.0,Denver,6.2
EMP-1130,Northstar Employee 1130,D06,Field Operations,Associate,EMP-1004,Northstar Employee 1004,0.0,Chicago,0.2
EMP-1131,Northstar Employee 1131,D06,Field Operations,Analyst,EMP-1002,Northstar Employee 1002,0.0,San Francisco,8.0
EMP-1132,Northstar Employee 1132,D06,Field Operations,Senior Analyst,EMP-1012,Northstar Employee 1012,0.0,Austin,6.5
EMP-1133,Northstar Employee 1133,D06,Field Operations,Analyst,EMP-1004,Northstar Employee 1004,0.0,New York,1.6
EMP-1134,Northstar Employee 1134,D06,Field Operations,Associate,EMP-1004,Northstar Employee 1004,0.0,Denver,9.9
EMP-1135,Northstar Employee 1135,D06,Field Operations,Specialist,EMP-1009,Northstar Employee 1009,0.0,Denver,6.9
EMP-1136,Northstar Employee 1136,D06,Field Operations,Analyst,EMP-1007,Northstar Employee 1007,0.0,Denver,5.8
EMP-1137,Northstar Employee 1137,D06,Field Operations,Analyst,EMP-1005,Northstar Employee 1005,0.0,Chicago,7.2
EMP-1138,Northstar Employee 1138,D06,Field Operations,Program Manager,EMP-1010,Northstar Employee 1010,0.0,Chicago,6.4
EMP-1139,Northstar Employee 1139,D06,Field Operations,Specialist,EMP-1005,Northstar Employee 1005,0.0,New York,6.7
EMP-1140,Northstar Employee 1140,D06,Field Operations,Analyst,EMP-1002,Northstar Employee 1002,0.0,Chicago,1.0
EMP-1141,Northstar Employee 1141,D06,Field Operations,Program Manager,EMP-1008,Northstar Employee 1008,0.0,Chicago,8.2
EMP-1142,Northstar Employee 1142,D06,Field Operations,Specialist,EMP-1003,Northstar Employee 1003,0.0,Chicago,5.0
EMP-1143,Northstar Employee 1143,D06,Field Operations,Program Manager,EMP-1010,Northstar Employee 1010,0.0,Chicago,5.5
EMP-1144,Northstar Employee 1144,D06,Field Operations,Analyst,EMP-1008,Northstar Employee 1008,0.0,Chicago,4.2
EMP-1145,Northstar Employee 1145,D06,Field Operations,Specialist,EMP-1005,Northstar Employee 1005,0.0,Chicago,7.0
EMP-1146,Northstar Employee 1146,D06,Field Operations,Analyst,EMP-1003,Northstar Employee 1003,0.0,Denver,2.0
EMP-1147,Northstar Employee 1147,D06,Field Operations,Senior Analyst,EMP-1009,Northstar Employee 1009,0.0,Chicago,1.7
EMP-1148,Northstar Employee 1148,D06,Field Operations,Associate,EMP-1008,Northstar Employee 1008,0.0,Denver,1.8
EMP-1149,Northstar Employee 1149,D06,Field Operations,Program Manager,EMP-1006,Northstar Employee 1006,0.0,Chicago,6.1
EMP-1150,Northstar Employee 1150,D06,Field Operations,Specialist,EMP-1003,Northstar Employee 1003,0.0,Denver,5.2
EMP-1151,Northstar Employee 1151,D06,Field Operations,Associate,EMP-1006,Northstar Employee 1006,0.0,Denver,4.2
EMP-1152,Northstar Employee 1152,D06,Field Operations,Analyst,EMP-1010,Northstar Employee 1010,0.0,New York,0.6
EMP-1153,Northstar Employee 1153,D06,Field Operations,Associate,EMP-1012,Northstar Employee 1012,0.0,Denver,9.0
EMP-1154,Northstar Employee 1154,D06,Field Operations,Senior Analyst,EMP-1009,Northstar Employee 1009,0.0,Denver,9.4
EMP-1155,Northstar Employee 1155,D06,Field Operations,Associate,EMP-1004,Northstar Employee 1004,0.0,New York,0.6
EMP-1156,Northstar Employee 1156,D06,Field Operations,Analyst,EMP-1002,Northstar Employee 1002,0.0,Chicago,7.7
EMP-1157,Northstar Employee 1157,D06,Field Operations,Senior Analyst,EMP-1010,Northstar Employee 1010,0.0,Chicago,1.1
EMP-1158,Northstar Employee 1158,D06,Field Operations,Specialist,EMP-1011,Northstar Employee 1011,0.0,Austin,9.1
EMP-1159,Northstar Employee 1159,D06,Field Operations,Senior Analyst,EMP-1002,Northstar Employee 1002,0.0,Austin,1.7
EMP-1160,Northstar Employee 1160,D06,Field Operations,Senior Analyst,EMP-1003,Northstar Employee 1003,0.0,New York,5.2
EMP-1161,Northstar Employee 1161,D06,Field Operations,Program Manager,EMP-1011,Northstar Employee 1011,0.0,San Francisco,3.0
EMP-1162,Northstar Employee 1162,D06,Field Operations,Senior Analyst,EMP-1005,Northstar Employee 1005,0.0,Austin,9.2
EMP-1163,Northstar Employee 1163,D06,Field Operations,Associate,EMP-1002,Northstar Employee 1002,0.0,Austin,8.1
EMP-1164,Northstar Employee 1164,D06,Field Operations,Analyst,EMP-1006,Northstar Employee 1006,0.0,Chicago,9.5
EMP-1165,Northstar Employee 1165,D06,Field Operations,Senior Analyst,EMP-1004,Northstar Employee 1004,0.0,Chicago,1.1
EMP-1166,Northstar Employee 1166,D06,Field Operations,Program Manager,EMP-1002,Northstar Employee 1002,0.0,Austin,4.8
EMP-1167,Northstar Employee 1167,D06,Field Operations,Program Manager,EMP-1003,Northstar Employee 1003,0.0,Chicago,3.2
EMP-1168,Northstar Employee 1168,D06,Field Operations,Specialist,EMP-1010,Northstar Employee 1010,0.0,Austin,9.1
EMP-1169,Northstar Employee 1169,D06,Field Operations,Senior Analyst,EMP-1009,Northstar Employee 1009,0.0,Chicago,6.0
EMP-1170,Northstar Employee 1170,D06,Field Operations,Associate,EMP-1011,Northstar Employee 1011,0.0,San Francisco,0.2
EMP-1171,Northstar Employee 1171,D06,Field Operations,Specialist,EMP-1002,Northstar Employee 1002,0.0,Chicago,4.8
EMP-1172,Northstar Employee 1172,D06,Field Operations,Associate,EMP-1008,Northstar Employee 1008,0.0,Austin,6.0
EMP-1173,Northstar Employee 1173,D06,Field Operations,Analyst,EMP-1010,Northstar Employee 1010,0.0,San Francisco,2.6
EMP-1174,Northstar Employee 1174,D06,Field Operations,Specialist,EMP-1003,Northstar Employee 1003,0.0,New York,3.9
EMP-1175,Northstar Employee 1175,D06,Field Operations,Analyst,EMP-1007,Northstar Employee 1007,0.0,Austin,8.4
EMP-1176,Northstar Employee 1176,D06,Field Operations,Analyst,EMP-1008,Northstar Employee 1008,0.0,New York,9.6
EMP-1177,Northstar Employee 1177,D06,Field Operations,Analyst,EMP-1002,Northstar Employee 1002,0.0,Chicago,0.2
EMP-1178,Northstar Employee 1178,D06,Field Operations,Analyst,EMP-1011,Northstar Employee 1011,0.0,Chicago,2.3
EMP-1179,Northstar Employee 1179,D06,Field Operations,Program Manager,EMP-1003,Northstar Employee 1003,0.0,New York,8.6
EMP-1180,Northstar Employee 1180,D06,Field Operations,Associate,EMP-1004,Northstar Employee 1004,0.0,Denver,8.7
EMP-1181,Northstar Employee 1181,D06,Field Operations,Associate,EMP-1012,Northstar Employee 1012,0.0,Denver,2.6
EMP-1182,Northstar Employee 1182,D06,Field Operations,Associate,EMP-1005,Northstar Employee 1005,0.0,San Francisco,7.1
EMP-1183,Northstar Employee 1183,D06,Field Operations,Senior Analyst,EMP-1007,Northstar Employee 1007,0.0,Denver,9.2
EMP-1184,Northstar Employee 1184,D06,Field Operations,Specialist,EMP-1012,Northstar Employee 1012,0.0,Chicago,8.0
EMP-1185,Northstar Employee 1185,D06,Field Operations,Specialist,EMP-1002,Northstar Employee 1002,0.0,San Francisco,5.8
EMP-1186,Northstar Employee 1186,D06,Field Operations,Program Manager,EMP-1005,Northstar Employee 1005,0.0,Chicago,8.5
EMP-1187,Northstar Employee 1187,D06,Field Operations,Senior Analyst,EMP-1003,Northstar Employee 1003,0.0,Chicago,4.6
EMP-1188,Northstar Employee 1188,D06,Field Operations,Analyst,EMP-1004,Northstar Employee 1004,0.0,New York,5.7
EMP-1189,Northstar Employee 1189,D06,Field Operations,Associate,EMP-1012,Northstar Employee 1012,0.0,Chicago,4.7
EMP-1190,Northstar Employee 1190,D06,Field Operations,Specialist,EMP-1007,Northstar Employee 1007,0.0,San Francisco,3.1
EMP-1191,Northstar Employee 1191,D06,Field Operations,Analyst,EMP-1002,Northstar Employee 1002,0.0,San Francisco,9.7
EMP-1192,Northstar Employee 1192,D06,Field Operations,Specialist,EMP-1006,Northstar Employee 1006,0.0,New York,2.4
EMP-1193,Northstar Employee 1193,D06,Field Operations,Associate,EMP-1004,Northstar Employee 1004,0.0,Chicago,3.4
EMP-1194,Northstar Employee 1194,D06,Field Operations,Associate,EMP-1010,Northstar Employee 1010,0.0,San Francisco,8.5
EMP-1195,Northstar Employee 1195,D06,Field Operations,Associate,EMP-1011,Northstar Employee 1011,0.0,New York,4.6
EMP-1196,Northstar Employee 1196,D06,Field Operations,Analyst,EMP-1009,Northstar Employee 1009,0.0,Chicago,8.0
EMP-1197,Northstar Employee 1197,D06,Field Operations,Associate,EMP-1012,Northstar Employee 1012,0.0,Austin,6.8
EMP-1198,Northstar Employee 1198,D06,Field Operations,Analyst,EMP-1003,Northstar Employee 1003,0.0,New York,7.6
EMP-1199,Northstar Employee 1199,D06,Field Operations,Specialist,EMP-1008,Northstar Employee 1008,0.0,Denver,3.5
EMP-1200,Northstar Employee 1200,D06,Field Operations,Associate,EMP-1006,Northstar Employee 1006,0.0,Denver,5.5
EMP-1201,Northstar Employee 1201,D07,Finance,Director,EMP-0001,Northstar Employee 0001,150000.0,Austin,5.4
EMP-1202,Northstar Employee 1202,D07,Finance,Senior Manager,EMP-1201,Northstar Employee 1201,25000.0,Chicago,2.4
EMP-1203,Northstar Employee 1203,D07,Finance,Senior Manager,EMP-1201,Northstar Employee 1201,50000.0,Denver,10.6
EMP-1204,Northstar Employee 1204,D07,Finance,Manager,EMP-1201,Northstar Employee 1201,50000.0,Denver,4.5
EMP-1205,Northstar Employee 1205,D07,Finance,Manager,EMP-1201,Northstar Employee 1201,75000.0,Chicago,3.8
EMP-1206,Northstar Employee 1206,D07,Finance,Manager,EMP-1201,Northstar Employee 1201,50000.0,New York,10.8
EMP-1207,Northstar Employee 1207,D07,Finance,Manager,EMP-1201,Northstar Employee 1201,25000.0,New York,10.8
EMP-1208,Northstar Employee 1208,D07,Finance,Manager,EMP-1201,Northstar Employee 1201,50000.0,Chicago,9.6
EMP-1209,Northstar Employee 1209,D07,Finance,Manager,EMP-1201,Northstar Employee 1201,50000.0,Chicago,6.1
EMP-1210,Northstar Employee 1210,D07,Finance,Manager,EMP-1201,Northstar Employee 1201,75000.0,Austin,2.2
EMP-1211,Northstar Employee 1211,D07,Finance,Manager,EMP-1201,Northstar Employee 1201,25000.0,San Francisco,8.3
EMP-1212,Northstar Employee 1212,D07,Finance,Manager,EMP-1201,Northstar Employee 1201,50000.0,Austin,8.5
EMP-1213,Northstar Employee 1213,D07,Finance,Specialist,EMP-1207,Northstar Employee 1207,0.0,New York,4.0
EMP-1214,Northstar Employee 1214,D07,Finance,Senior Analyst,EMP-1207,Northstar Employee 1207,0.0,New York,3.3
EMP-1215,Northstar Employee 1215,D07,Finance,Specialist,EMP-1202,Northstar Employee 1202,0.0,San Francisco,7.2
EMP-1216,Northstar Employee 1216,D07,Finance,Specialist,EMP-1208,Northstar Employee 1208,0.0,Chicago,3.2
EMP-1217,Northstar Employee 1217,D07,Finance,Analyst,EMP-1210,Northstar Employee 1210,0.0,Chicago,3.4
EMP-1218,Northstar Employee 1218,D07,Finance,Senior Analyst,EMP-1205,Northstar Employee 1205,0.0,Denver,5.9
EMP-1219,Northstar Employee 1219,D07,Finance,Analyst,EMP-1202,Northstar Employee 1202,0.0,San Francisco,4.5
EMP-1220,Northstar Employee 1220,D07,Finance,Senior Analyst,EMP-1203,Northstar Employee 1203,0.0,Chicago,9.6
EMP-1221,Northstar Employee 1221,D07,Finance,Program Manager,EMP-1206,Northstar Employee 1206,0.0,New York,1.0
EMP-1222,Northstar Employee 1222,D07,Finance,Program Manager,EMP-1203,Northstar Employee 1203,0.0,Chicago,4.2
EMP-1223,Northstar Employee 1223,D07,Finance,Senior Analyst,EMP-1210,Northstar Employee 1210,0.0,Chicago,0.7
EMP-1224,Northstar Employee 1224,D07,Finance,Specialist,EMP-1203,Northstar Employee 1203,0.0,San Francisco,3.3
EMP-1225,Northstar Employee 1225,D07,Finance,Associate,EMP-1207,Northstar Employee 1207,0.0,New York,5.6
EMP-1226,Northstar Employee 1226,D07,Finance,Senior Analyst,EMP-1209,Northstar Employee 1209,0.0,Denver,1.9
EMP-1227,Northstar Employee 1227,D07,Finance,Senior Analyst,EMP-1208,Northstar Employee 1208,0.0,San Francisco,1.5
EMP-1228,Northstar Employee 1228,D07,Finance,Analyst,EMP-1205,Northstar Employee 1205,0.0,San Francisco,3.1
EMP-1229,Northstar Employee 1229,D07,Finance,Analyst,EMP-1203,Northstar Employee 1203,0.0,Denver,9.2
EMP-1230,Northstar Employee 1230,D07,Finance,Analyst,EMP-1206,Northstar Employee 1206,0.0,Chicago,9.5
EMP-1231,Northstar Employee 1231,D07,Finance,Analyst,EMP-1207,Northstar Employee 1207,0.0,Chicago,6.8
EMP-1232,Northstar Employee 1232,D07,Finance,Program Manager,EMP-1211,Northstar Employee 1211,0.0,Denver,2.7
EMP-1233,Northstar Employee 1233,D07,Finance,Senior Analyst,EMP-1207,Northstar Employee 1207,0.0,Chicago,2.9
EMP-1234,Northstar Employee 1234,D07,Finance,Associate,EMP-1204,Northstar Employee 1204,0.0,Austin,7.6
EMP-1235,Northstar Employee 1235,D07,Finance,Specialist,EMP-1210,Northstar Employee 1210,0.0,Austin,3.7
EMP-1236,Northstar Employee 1236,D07,Finance,Specialist,EMP-1204,Northstar Employee 1204,0.0,Austin,5.9
EMP-1237,Northstar Employee 1237,D07,Finance,Senior Analyst,EMP-1207,Northstar Employee 1207,0.0,Denver,2.6
EMP-1238,Northstar Employee 1238,D07,Finance,Analyst,EMP-1204,Northstar Employee 1204,0.0,Denver,6.1
EMP-1239,Northstar Employee 1239,D07,Finance,Analyst,EMP-1209,Northstar Employee 1209,0.0,San Francisco,5.2
EMP-1240,Northstar Employee 1240,D07,Finance,Program Manager,EMP-1202,Northstar Employee 1202,0.0,Austin,2.9
EMP-1241,Northstar Employee 1241,D07,Finance,Specialist,EMP-1207,Northstar Employee 1207,0.0,New York,7.4
EMP-1242,Northstar Employee 1242,D07,Finance,Program Manager,EMP-1207,Northstar Employee 1207,0.0,San Francisco,5.7
EMP-1243,Northstar Employee 1243,D07,Finance,Senior Analyst,EMP-1204,Northstar Employee 1204,0.0,New York,2.8
EMP-1244,Northstar Employee 1244,D07,Finance,Associate,EMP-1206,Northstar Employee 1206,0.0,Denver,1.2
EMP-1245,Northstar Employee 1245,D07,Finance,Associate,EMP-1211,Northstar Employee 1211,0.0,San Francisco,7.8
EMP-1246,Northstar Employee 1246,D07,Finance,Specialist,EMP-1203,Northstar Employee 1203,0.0,Denver,9.5
EMP-1247,Northstar Employee 1247,D07,Finance,Specialist,EMP-1205,Northstar Employee 1205,0.0,New York,1.1
EMP-1248,Northstar Employee 1248,D07,Finance,Specialist,EMP-1210,Northstar Employee 1210,0.0,Chicago,4.5
EMP-1249,Northstar Employee 1249,D07,Finance,Analyst,EMP-1212,Northstar Employee 1212,0.0,San Francisco,7.9
EMP-1250,Northstar Employee 1250,D07,Finance,Senior Analyst,EMP-1209,Northstar Employee 1209,0.0,Austin,7.1
EMP-1251,Northstar Employee 1251,D07,Finance,Specialist,EMP-1204,Northstar Employee 1204,0.0,New York,3.3
EMP-1252,Northstar Employee 1252,D07,Finance,Specialist,EMP-1210,Northstar Employee 1210,0.0,Chicago,5.9
EMP-1253,Northstar Employee 1253,D07,Finance,Associate,EMP-1205,Northstar Employee 1205,0.0,Chicago,2.6
EMP-1254,Northstar Employee 1254,D07,Finance,Program Manager,EMP-1211,Northstar Employee 1211,0.0,Chicago,9.3
EMP-1255,Northstar Employee 1255,D07,Finance,Analyst,EMP-1210,Northstar Employee 1210,0.0,New York,2.0
EMP-1256,Northstar Employee 1256,D07,Finance,Program Manager,EMP-1204,Northstar Employee 1204,0.0,Denver,8.3
EMP-1257,Northstar Employee 1257,D07,Finance,Specialist,EMP-1203,Northstar Employee 1203,0.0,Chicago,9.7
EMP-1258,Northstar Employee 1258,D07,Finance,Senior Analyst,EMP-1205,Northstar Employee 1205,0.0,Austin,2.5
EMP-1259,Northstar Employee 1259,D07,Finance,Associate,EMP-1207,Northstar Employee 1207,0.0,Chicago,1.5
EMP-1260,Northstar Employee 1260,D07,Finance,Specialist,EMP-1208,Northstar Employee 1208,0.0,New York,6.6
EMP-1261,Northstar Employee 1261,D07,Finance,Analyst,EMP-1206,Northstar Employee 1206,0.0,Chicago,2.7
EMP-1262,Northstar Employee 1262,D07,Finance,Analyst,EMP-1205,Northstar Employee 1205,0.0,San Francisco,5.6
EMP-1263,Northstar Employee 1263,D07,Finance,Analyst,EMP-1203,Northstar Employee 1203,0.0,Denver,4.4
EMP-1264,Northstar Employee 1264,D07,Finance,Associate,EMP-1206,Northstar Employee 1206,0.0,Austin,6.1
EMP-1265,Northstar Employee 1265,D07,Finance,Associate,EMP-1208,Northstar Employee 1208,0.0,New York,6.9
EMP-1266,Northstar Employee 1266,D07,Finance,Program Manager,EMP-1205,Northstar Employee 1205,0.0,Austin,10.0
EMP-1267,Northstar Employee 1267,D07,Finance,Program Manager,EMP-1203,Northstar Employee 1203,0.0,Chicago,5.2
EMP-1268,Northstar Employee 1268,D07,Finance,Senior Analyst,EMP-1203,Northstar Employee 1203,0.0,New York,6.3
EMP-1269,Northstar Employee 1269,D07,Finance,Senior Analyst,EMP-1203,Northstar Employee 1203,0.0,Austin,1.7
EMP-1270,Northstar Employee 1270,D07,Finance,Senior Analyst,EMP-1204,Northstar Employee 1204,0.0,Austin,0.9
EMP-1271,Northstar Employee 1271,D07,Finance,Senior Analyst,EMP-1212,Northstar Employee 1212,0.0,Austin,7.5
EMP-1272,Northstar Employee 1272,D07,Finance,Senior Analyst,EMP-1209,Northstar Employee 1209,0.0,Austin,3.9
EMP-1273,Northstar Employee 1273,D07,Finance,Associate,EMP-1211,Northstar Employee 1211,0.0,San Francisco,7.3
EMP-1274,Northstar Employee 1274,D07,Finance,Senior Analyst,EMP-1206,Northstar Employee 1206,0.0,San Francisco,4.0
EMP-1275,Northstar Employee 1275,D07,Finance,Senior Analyst,EMP-1212,Northstar Employee 1212,0.0,New York,3.1
EMP-1276,Northstar Employee 1276,D07,Finance,Analyst,EMP-1203,Northstar Employee 1203,0.0,Denver,6.6
EMP-1277,Northstar Employee 1277,D07,Finance,Senior Analyst,EMP-1203,Northstar Employee 1203,0.0,San Francisco,1.4
EMP-1278,Northstar Employee 1278,D07,Finance,Senior Analyst,EMP-1210,Northstar Employee 1210,0.0,New York,7.8
EMP-1279,Northstar Employee 1279,D07,Finance,Program Manager,EMP-1207,Northstar Employee 1207,0.0,Chicago,8.6
EMP-1280,Northstar Employee 1280,D07,Finance,Analyst,EMP-1205,Northstar Employee 1205,0.0,Denver,4.7
EMP-1281,Northstar Employee 1281,D07,Finance,Program Manager,EMP-1212,Northstar Employee 1212,0.0,New York,0.6
EMP-1282,Northstar Employee 1282,D07,Finance,Specialist,EMP-1208,Northstar Employee 1208,0.0,Chicago,4.7
EMP-1283,Northstar Employee 1283,D07,Finance,Senior Analyst,EMP-1205,Northstar Employee 1205,0.0,San Francisco,5.2
EMP-1284,Northstar Employee 1284,D07,Finance,Specialist,EMP-1212,Northstar Employee 1212,0.0,New York,3.4
EMP-1285,Northstar Employee 1285,D07,Finance,Senior Analyst,EMP-1211,Northstar Employee 1211,0.0,Denver,6.9
EMP-1286,Northstar Employee 1286,D07,Finance,Senior Analyst,EMP-1202,Northstar Employee 1202,0.0,San Francisco,5.2
EMP-1287,Northstar Employee 1287,D07,Finance,Specialist,EMP-1203,Northstar Employee 1203,0.0,Denver,9.1
EMP-1288,Northstar Employee 1288,D07,Finance,Specialist,EMP-1209,Northstar Employee 1209,0.0,Denver,4.0
EMP-1289,Northstar Employee 1289,D07,Finance,Analyst,EMP-1207,Northstar Employee 1207,0.0,San Francisco,3.9
EMP-1290,Northstar Employee 1290,D07,Finance,Senior Analyst,EMP-1209,Northstar Employee 1209,0.0,San Francisco,5.4
EMP-1291,Northstar Employee 1291,D07,Finance,Specialist,EMP-1210,Northstar Employee 1210,0.0,San Francisco,4.7
EMP-1292,Northstar Employee 1292,D07,Finance,Analyst,EMP-1209,Northstar Employee 1209,0.0,Austin,6.6
EMP-1293,Northstar Employee 1293,D07,Finance,Analyst,EMP-1209,Northstar Employee 1209,0.0,San Francisco,6.3
EMP-1294,Northstar Employee 1294,D07,Finance,Analyst,EMP-1211,Northstar Employee 1211,0.0,San Francisco,7.3
EMP-1295,Northstar Employee 1295,D07,Finance,Specialist,EMP-1212,Northstar Employee 1212,0.0,San Francisco,8.6
EMP-1296,Northstar Employee 1296,D07,Finance,Program Manager,EMP-1210,Northstar Employee 1210,0.0,Chicago,5.1
EMP-1297,Northstar Employee 1297,D07,Finance,Analyst,EMP-1205,Northstar Employee 1205,0.0,Denver,6.8
EMP-1298,Northstar Employee 1298,D07,Finance,Associate,EMP-1209,Northstar Employee 1209,0.0,Denver,7.4
EMP-1299,Northstar Employee 1299,D07,Finance,Analyst,EMP-1204,Northstar Employee 1204,0.0,New York,6.5
EMP-1300,Northstar Employee 1300,D07,Finance,Specialist,EMP-1212,Northstar Employee 1212,0.0,Chicago,7.0
EMP-1301,Northstar Employee 1301,D07,Finance,Analyst,EMP-1212,Northstar Employee 1212,0.0,New York,0.6
EMP-1302,Northstar Employee 1302,D07,Finance,Analyst,EMP-1211,Northstar Employee 1211,0.0,Denver,9.0
EMP-1303,Northstar Employee 1303,D07,Finance,Analyst,EMP-1210,Northstar Employee 1210,0.0,New York,1.0
EMP-1304,Northstar Employee 1304,D07,Finance,Analyst,EMP-1207,Northstar Employee 1207,0.0,Austin,2.1
EMP-1305,Northstar Employee 1305,D07,Finance,Specialist,EMP-1205,Northstar Employee 1205,0.0,Austin,5.2
EMP-1306,Northstar Employee 1306,D07,Finance,Specialist,EMP-1212,Northstar Employee 1212,0.0,New York,2.9
EMP-1307,Northstar Employee 1307,D07,Finance,Analyst,EMP-1212,Northstar Employee 1212,0.0,New York,0.3
EMP-1308,Northstar Employee 1308,D07,Finance,Senior Analyst,EMP-1206,Northstar Employee 1206,0.0,New York,4.3
EMP-1309,Northstar Employee 1309,D07,Finance,Associate,EMP-1212,Northstar Employee 1212,0.0,Austin,5.1
EMP-1310,Northstar Employee 1310,D07,Finance,Analyst,EMP-1210,Northstar Employee 1210,0.0,New York,1.3
EMP-1311,Northstar Employee 1311,D07,Finance,Senior Analyst,EMP-1206,Northstar Employee 1206,0.0,Austin,5.5
EMP-1312,Northstar Employee 1312,D07,Finance,Program Manager,EMP-1202,Northstar Employee 1202,0.0,Chicago,0.8
EMP-1313,Northstar Employee 1313,D07,Finance,Specialist,EMP-1207,Northstar Employee 1207,0.0,Denver,0.7
EMP-1314,Northstar Employee 1314,D07,Finance,Associate,EMP-1208,Northstar Employee 1208,0.0,Chicago,5.3
EMP-1315,Northstar Employee 1315,D07,Finance,Analyst,EMP-1205,Northstar Employee 1205,0.0,San Francisco,7.9
EMP-1316,Northstar Employee 1316,D07,Finance,Associate,EMP-1203,Northstar Employee 1203,0.0,New York,0.2
EMP-1317,Northstar Employee 1317,D07,Finance,Specialist,EMP-1206,Northstar Employee 1206,0.0,Chicago,9.1
EMP-1318,Northstar Employee 1318,D07,Finance,Associate,EMP-1210,Northstar Employee 1210,0.0,Austin,4.2
EMP-1319,Northstar Employee 1319,D07,Finance,Analyst,EMP-1208,Northstar Employee 1208,0.0,New York,1.5
EMP-1320,Northstar Employee 1320,D07,Finance,Specialist,EMP-1204,Northstar Employee 1204,0.0,Austin,5.7
EMP-1321,Northstar Employee 1321,D07,Finance,Analyst,EMP-1209,Northstar Employee 1209,0.0,Chicago,6.6
EMP-1322,Northstar Employee 1322,D07,Finance,Program Manager,EMP-1210,Northstar Employee 1210,0.0,New York,6.0
EMP-1323,Northstar Employee 1323,D07,Finance,Senior Analyst,EMP-1209,Northstar Employee 1209,0.0,Denver,3.0
EMP-1324,Northstar Employee 1324,D07,Finance,Specialist,EMP-1203,Northstar Employee 1203,0.0,Denver,9.9
EMP-1325,Northstar Employee 1325,D07,Finance,Analyst,EMP-1210,Northstar Employee 1210,0.0,Chicago,1.3
EMP-1326,Northstar Employee 1326,D07,Finance,Associate,EMP-1203,Northstar Employee 1203,0.0,San Francisco,7.5
EMP-1327,Northstar Employee 1327,D07,Finance,Analyst,EMP-1207,Northstar Employee 1207,0.0,Denver,8.2
EMP-1328,Northstar Employee 1328,D07,Finance,Analyst,EMP-1208,Northstar Employee 1208,0.0,New York,1.1
EMP-1329,Northstar Employee 1329,D07,Finance,Analyst,EMP-1205,Northstar Employee 1205,0.0,Chicago,4.6
EMP-1330,Northstar Employee 1330,D07,Finance,Associate,EMP-1206,Northstar Employee 1206,0.0,Austin,7.5
EMP-1331,Northstar Employee 1331,D07,Finance,Associate,EMP-1212,Northstar Employee 1212,0.0,San Francisco,0.6
EMP-1332,Northstar Employee 1332,D07,Finance,Associate,EMP-1211,Northstar Employee 1211,0.0,Austin,5.4
EMP-1333,Northstar Employee 1333,D07,Finance,Program Manager,EMP-1211,Northstar Employee 1211,0.0,New York,9.6
EMP-1334,Northstar Employee 1334,D07,Finance,Specialist,EMP-1206,Northstar Employee 1206,0.0,Chicago,8.1
EMP-1335,Northstar Employee 1335,D07,Finance,Analyst,EMP-1211,Northstar Employee 1211,0.0,New York,7.8
EMP-1336,Northstar Employee 1336,D07,Finance,Program Manager,EMP-1208,Northstar Employee 1208,0.0,Chicago,8.0
EMP-1337,Northstar Employee 1337,D07,Finance,Associate,EMP-1208,Northstar Employee 1208,0.0,Austin,9.0
EMP-1338,Northstar Employee 1338,D07,Finance,Specialist,EMP-1206,Northstar Employee 1206,0.0,Chicago,9.9
EMP-1339,Northstar Employee 1339,D07,Finance,Associate,EMP-1211,Northstar Employee 1211,0.0,Denver,9.1
EMP-1340,Northstar Employee 1340,D07,Finance,Analyst,EMP-1209,Northstar Employee 1209,0.0,Denver,5.5
EMP-1341,Northstar Employee 1341,D07,Finance,Analyst,EMP-1212,Northstar Employee 1212,0.0,Austin,3.8
EMP-1342,Northstar Employee 1342,D07,Finance,Associate,EMP-1210,Northstar Employee 1210,0.0,Austin,1.0
EMP-1343,Northstar Employee 1343,D07,Finance,Analyst,EMP-1210,Northstar Employee 1210,0.0,San Francisco,3.8
EMP-1344,Northstar Employee 1344,D07,Finance,Specialist,EMP-1206,Northstar Employee 1206,0.0,New York,1.6
EMP-1345,Northstar Employee 1345,D07,Finance,Analyst,EMP-1208,Northstar Employee 1208,0.0,Denver,4.8
EMP-1346,Northstar Employee 1346,D07,Finance,Program Manager,EMP-1202,Northstar Employee 1202,0.0,New York,8.0
EMP-1347,Northstar Employee 1347,D07,Finance,Associate,EMP-1205,Northstar Employee 1205,0.0,Austin,5.4
EMP-1348,Northstar Employee 1348,D07,Finance,Senior Analyst,EMP-1207,Northstar Employee 1207,0.0,New York,5.2
EMP-1349,Northstar Employee 1349,D07,Finance,Analyst,EMP-1211,Northstar Employee 1211,0.0,Chicago,6.1
EMP-1350,Northstar Employee 1350,D07,Finance,Senior Analyst,EMP-1209,Northstar Employee 1209,0.0,New York,0.8
EMP-1351,Northstar Employee 1351,D07,Finance,Program Manager,EMP-1211,Northstar Employee 1211,0.0,San Francisco,5.8
EMP-1352,Northstar Employee 1352,D07,Finance,Analyst,EMP-1203,Northstar Employee 1203,0.0,New York,8.0
EMP-1353,Northstar Employee 1353,D07,Finance,Specialist,EMP-1203,Northstar Employee 1203,0.0,Austin,7.8
EMP-1354,Northstar Employee 1354,D07,Finance,Specialist,EMP-1206,Northstar Employee 1206,0.0,Chicago,7.3
EMP-1355,Northstar Employee 1355,D07,Finance,Analyst,EMP-1211,Northstar Employee 1211,0.0,Chicago,7.4
EMP-1356,Northstar Employee 1356,D07,Finance,Analyst,EMP-1212,Northstar Employee 1212,0.0,Austin,6.7
EMP-1357,Northstar Employee 1357,D07,Finance,Specialist,EMP-1206,Northstar Employee 1206,0.0,Denver,3.1
EMP-1358,Northstar Employee 1358,D07,Finance,Specialist,EMP-1212,Northstar Employee 1212,0.0,Chicago,9.5
EMP-1359,Northstar Employee 1359,D07,Finance,Associate,EMP-1209,Northstar Employee 1209,0.0,Austin,5.6
EMP-1360,Northstar Employee 1360,D07,Finance,Analyst,EMP-1208,Northstar Employee 1208,0.0,San Francisco,9.6
EMP-1361,Northstar Employee 1361,D07,Finance,Analyst,EMP-1203,Northstar Employee 1203,0.0,Chicago,1.5
EMP-1362,Northstar Employee 1362,D07,Finance,Specialist,EMP-1204,Northstar Employee 1204,0.0,Denver,3.7
EMP-1363,Northstar Employee 1363,D07,Finance,Associate,EMP-1208,Northstar Employee 1208,0.0,Austin,5.6
EMP-1364,Northstar Employee 1364,D07,Finance,Specialist,EMP-1208,Northstar Employee 1208,0.0,Austin,0.2
EMP-1365,Northstar Employee 1365,D07,Finance,Associate,EMP-1202,Northstar Employee 1202,0.0,Chicago,4.8
EMP-1366,Northstar Employee 1366,D07,Finance,Senior Analyst,EMP-1205,Northstar Employee 1205,0.0,Austin,3.3
EMP-1367,Northstar Employee 1367,D07,Finance,Analyst,EMP-1204,Northstar Employee 1204,0.0,Denver,8.8
EMP-1368,Northstar Employee 1368,D07,Finance,Senior Analyst,EMP-1209,Northstar Employee 1209,0.0,Denver,2.6
EMP-1369,Northstar Employee 1369,D07,Finance,Analyst,EMP-1209,Northstar Employee 1209,0.0,San Francisco,4.5
EMP-1370,Northstar Employee 1370,D07,Finance,Associate,EMP-1203,Northstar Employee 1203,0.0,Denver,7.0
EMP-1371,Northstar Employee 1371,D07,Finance,Specialist,EMP-1209,Northstar Employee 1209,0.0,Denver,3.1
EMP-1372,Northstar Employee 1372,D07,Finance,Associate,EMP-1211,Northstar Employee 1211,0.0,Denver,9.8
EMP-1373,Northstar Employee 1373,D07,Finance,Analyst,EMP-1202,Northstar Employee 1202,0.0,Austin,7.5
EMP-1374,Northstar Employee 1374,D07,Finance,Senior Analyst,EMP-1211,Northstar Employee 1211,0.0,Chicago,9.4
EMP-1375,Northstar Employee 1375,D07,Finance,Analyst,EMP-1205,Northstar Employee 1205,0.0,Austin,7.9
EMP-1376,Northstar Employee 1376,D07,Finance,Analyst,EMP-1211,Northstar Employee 1211,0.0,Austin,9.0
EMP-1377,Northstar Employee 1377,D07,Finance,Analyst,EMP-1207,Northstar Employee 1207,0.0,Denver,6.3
EMP-1378,Northstar Employee 1378,D07,Finance,Analyst,EMP-1204,Northstar Employee 1204,0.0,Chicago,5.3
EMP-1379,Northstar Employee 1379,D07,Finance,Specialist,EMP-1205,Northstar Employee 1205,0.0,New York,0.5
EMP-1380,Northstar Employee 1380,D07,Finance,Associate,EMP-1209,Northstar Employee 1209,0.0,Chicago,4.9
EMP-1381,Northstar Employee 1381,D07,Finance,Associate,EMP-1202,Northstar Employee 1202,0.0,Denver,8.9
EMP-1382,Northstar Employee 1382,D07,Finance,Analyst,EMP-1212,Northstar Employee 1212,0.0,Chicago,1.3
EMP-1383,Northstar Employee 1383,D07,Finance,Senior Analyst,EMP-1205,Northstar Employee 1205,0.0,Austin,4.3
EMP-1384,Northstar Employee 1384,D07,Finance,Specialist,EMP-1212,Northstar Employee 1212,0.0,New York,9.2
EMP-1385,Northstar Employee 1385,D07,Finance,Senior Analyst,EMP-1205,Northstar Employee 1205,0.0,Chicago,2.8
EMP-1386,Northstar Employee 1386,D07,Finance,Specialist,EMP-1203,Northstar Employee 1203,0.0,Austin,9.9
EMP-1387,Northstar Employee 1387,D07,Finance,Associate,EMP-1206,Northstar Employee 1206,0.0,New York,4.3
EMP-1388,Northstar Employee 1388,D07,Finance,Senior Analyst,EMP-1207,Northstar Employee 1207,0.0,Chicago,3.6
EMP-1389,Northstar Employee 1389,D07,Finance,Senior Analyst,EMP-1206,Northstar Employee 1206,0.0,Austin,0.2
EMP-1390,Northstar Employee 1390,D07,Finance,Specialist,EMP-1203,Northstar Employee 1203,0.0,San Francisco,9.6
EMP-1391,Northstar Employee 1391,D07,Finance,Associate,EMP-1211,Northstar Employee 1211,0.0,Denver,2.1
EMP-1392,Northstar Employee 1392,D07,Finance,Analyst,EMP-1202,Northstar Employee 1202,0.0,Denver,9.4
EMP-1393,Northstar Employee 1393,D07,Finance,Specialist,EMP-1205,Northstar Employee 1205,0.0,New York,6.1
EMP-1394,Northstar Employee 1394,D07,Finance,Program Manager,EMP-1211,Northstar Employee 1211,0.0,Chicago,3.1
EMP-1395,Northstar Employee 1395,D07,Finance,Associate,EMP-1212,Northstar Employee 1212,0.0,Chicago,3.4
EMP-1396,Northstar Employee 1396,D07,Finance,Analyst,EMP-1206,Northstar Employee 1206,0.0,New York,7.1
EMP-1397,Northstar Employee 1397,D07,Finance,Analyst,EMP-1202,Northstar Employee 1202,0.0,Chicago,2.2
EMP-1398,Northstar Employee 1398,D07,Finance,Associate,EMP-1206,Northstar Employee 1206,0.0,Chicago,7.2
EMP-1399,Northstar Employee 1399,D07,Finance,Analyst,EMP-1211,Northstar Employee 1211,0.0,Austin,6.9
EMP-1400,Northstar Employee 1400,D07,Finance,Senior Analyst,EMP-1212,Northstar Employee 1212,0.0,Denver,6.3
EMP-1401,Northstar Employee 1401,D08,People,Director,EMP-0001,Northstar Employee 0001,150000.0,San Francisco,10.3
EMP-1402,Northstar Employee 1402,D08,People,Senior Manager,EMP-1401,Northstar Employee 1401,25000.0,Chicago,7.2
EMP-1403,Northstar Employee 1403,D08,People,Senior Manager,EMP-1401,Northstar Employee 1401,25000.0,San Francisco,6.2
EMP-1404,Northstar Employee 1404,D08,People,Manager,EMP-1401,Northstar Employee 1401,15000.0,Austin,9.0
EMP-1405,Northstar Employee 1405,D08,People,Manager,EMP-1401,Northstar Employee 1401,15000.0,Denver,11.9
EMP-1406,Northstar Employee 1406,D08,People,Manager,EMP-1401,Northstar Employee 1401,15000.0,Austin,11.6
EMP-1407,Northstar Employee 1407,D08,People,Manager,EMP-1401,Northstar Employee 1401,25000.0,San Francisco,4.9
EMP-1408,Northstar Employee 1408,D08,People,Manager,EMP-1401,Northstar Employee 1401,25000.0,Austin,9.7
EMP-1409,Northstar Employee 1409,D08,People,Manager,EMP-1401,Northstar Employee 1401,50000.0,Chicago,8.1
EMP-1410,Northstar Employee 1410,D08,People,Manager,EMP-1401,Northstar Employee 1401,25000.0,San Francisco,7.1
EMP-1411,Northstar Employee 1411,D08,People,Manager,EMP-1401,Northstar Employee 1401,15000.0,Austin,8.5
EMP-1412,Northstar Employee 1412,D08,People,Manager,EMP-1401,Northstar Employee 1401,50000.0,Denver,6.0
EMP-1413,Northstar Employee 1413,D08,People,Analyst,EMP-1408,Northstar Employee 1408,0.0,San Francisco,5.2
EMP-1414,Northstar Employee 1414,D08,People,Associate,EMP-1403,Northstar Employee 1403,0.0,San Francisco,3.7
EMP-1415,Northstar Employee 1415,D08,People,Program Manager,EMP-1407,Northstar Employee 1407,0.0,Chicago,6.6
EMP-1416,Northstar Employee 1416,D08,People,Specialist,EMP-1410,Northstar Employee 1410,0.0,San Francisco,2.4
EMP-1417,Northstar Employee 1417,D08,People,Associate,EMP-1406,Northstar Employee 1406,0.0,New York,5.3
EMP-1418,Northstar Employee 1418,D08,People,Analyst,EMP-1405,Northstar Employee 1405,0.0,Austin,0.3
EMP-1419,Northstar Employee 1419,D08,People,Specialist,EMP-1405,Northstar Employee 1405,0.0,Chicago,8.9
EMP-1420,Northstar Employee 1420,D08,People,Associate,EMP-1407,Northstar Employee 1407,0.0,Austin,5.9
EMP-1421,Northstar Employee 1421,D08,People,Senior Analyst,EMP-1408,Northstar Employee 1408,0.0,Chicago,9.0
EMP-1422,Northstar Employee 1422,D08,People,Program Manager,EMP-1410,Northstar Employee 1410,0.0,Austin,3.4
EMP-1423,Northstar Employee 1423,D08,People,Program Manager,EMP-1403,Northstar Employee 1403,0.0,Denver,0.6
EMP-1424,Northstar Employee 1424,D08,People,Analyst,EMP-1405,Northstar Employee 1405,0.0,Austin,5.2
EMP-1425,Northstar Employee 1425,D08,People,Analyst,EMP-1411,Northstar Employee 1411,0.0,New York,0.7
EMP-1426,Northstar Employee 1426,D08,People,Senior Analyst,EMP-1412,Northstar Employee 1412,0.0,Denver,8.6
EMP-1427,Northstar Employee 1427,D08,People,Senior Analyst,EMP-1406,Northstar Employee 1406,0.0,New York,1.9
EMP-1428,Northstar Employee 1428,D08,People,Specialist,EMP-1405,Northstar Employee 1405,0.0,San Francisco,4.6
EMP-1429,Northstar Employee 1429,D08,People,Associate,EMP-1408,Northstar Employee 1408,0.0,Chicago,2.0
EMP-1430,Northstar Employee 1430,D08,People,Specialist,EMP-1412,Northstar Employee 1412,0.0,San Francisco,1.5
EMP-1431,Northstar Employee 1431,D08,People,Program Manager,EMP-1404,Northstar Employee 1404,0.0,San Francisco,1.6
EMP-1432,Northstar Employee 1432,D08,People,Analyst,EMP-1405,Northstar Employee 1405,0.0,Chicago,3.3
EMP-1433,Northstar Employee 1433,D08,People,Associate,EMP-1410,Northstar Employee 1410,0.0,New York,2.5
EMP-1434,Northstar Employee 1434,D08,People,Associate,EMP-1409,Northstar Employee 1409,0.0,Austin,7.6
EMP-1435,Northstar Employee 1435,D08,People,Analyst,EMP-1406,Northstar Employee 1406,0.0,Chicago,6.8
EMP-1436,Northstar Employee 1436,D08,People,Analyst,EMP-1406,Northstar Employee 1406,0.0,Chicago,4.5
EMP-1437,Northstar Employee 1437,D08,People,Specialist,EMP-1408,Northstar Employee 1408,0.0,Denver,5.4
EMP-1438,Northstar Employee 1438,D08,People,Associate,EMP-1402,Northstar Employee 1402,0.0,New York,9.6
EMP-1439,Northstar Employee 1439,D08,People,Analyst,EMP-1406,Northstar Employee 1406,0.0,New York,8.4
EMP-1440,Northstar Employee 1440,D08,People,Specialist,EMP-1408,Northstar Employee 1408,0.0,Chicago,8.2
EMP-1441,Northstar Employee 1441,D08,People,Analyst,EMP-1406,Northstar Employee 1406,0.0,Chicago,3.6
EMP-1442,Northstar Employee 1442,D08,People,Associate,EMP-1408,Northstar Employee 1408,0.0,Chicago,6.1
EMP-1443,Northstar Employee 1443,D08,People,Specialist,EMP-1411,Northstar Employee 1411,0.0,Austin,4.7
EMP-1444,Northstar Employee 1444,D08,People,Associate,EMP-1403,Northstar Employee 1403,0.0,New York,2.7
EMP-1445,Northstar Employee 1445,D08,People,Specialist,EMP-1404,Northstar Employee 1404,0.0,New York,7.9
EMP-1446,Northstar Employee 1446,D08,People,Specialist,EMP-1411,Northstar Employee 1411,0.0,New York,4.2
EMP-1447,Northstar Employee 1447,D08,People,Senior Analyst,EMP-1408,Northstar Employee 1408,0.0,Chicago,2.8
EMP-1448,Northstar Employee 1448,D08,People,Specialist,EMP-1411,Northstar Employee 1411,0.0,Austin,9.5
EMP-1449,Northstar Employee 1449,D08,People,Senior Analyst,EMP-1406,Northstar Employee 1406,0.0,Denver,7.1
EMP-1450,Northstar Employee 1450,D08,People,Specialist,EMP-1409,Northstar Employee 1409,0.0,New York,3.4
EMP-1451,Northstar Employee 1451,D08,People,Analyst,EMP-1402,Northstar Employee 1402,0.0,Chicago,1.6
EMP-1452,Northstar Employee 1452,D08,People,Program Manager,EMP-1408,Northstar Employee 1408,0.0,Chicago,4.8
EMP-1453,Northstar Employee 1453,D08,People,Associate,EMP-1409,Northstar Employee 1409,0.0,Chicago,2.6
EMP-1454,Northstar Employee 1454,D08,People,Analyst,EMP-1408,Northstar Employee 1408,0.0,New York,8.9
EMP-1455,Northstar Employee 1455,D08,People,Analyst,EMP-1405,Northstar Employee 1405,0.0,San Francisco,5.0
EMP-1456,Northstar Employee 1456,D08,People,Associate,EMP-1408,Northstar Employee 1408,0.0,Chicago,1.3
EMP-1457,Northstar Employee 1457,D08,People,Analyst,EMP-1411,Northstar Employee 1411,0.0,Chicago,6.5
EMP-1458,Northstar Employee 1458,D08,People,Analyst,EMP-1411,Northstar Employee 1411,0.0,Chicago,5.5
EMP-1459,Northstar Employee 1459,D08,People,Specialist,EMP-1406,Northstar Employee 1406,0.0,Denver,10.0
EMP-1460,Northstar Employee 1460,D08,People,Analyst,EMP-1410,Northstar Employee 1410,0.0,Denver,3.1
EMP-1461,Northstar Employee 1461,D08,People,Program Manager,EMP-1411,Northstar Employee 1411,0.0,Denver,9.9
EMP-1462,Northstar Employee 1462,D08,People,Analyst,EMP-1409,Northstar Employee 1409,0.0,San Francisco,1.9
EMP-1463,Northstar Employee 1463,D08,People,Program Manager,EMP-1405,Northstar Employee 1405,0.0,Chicago,0.5
EMP-1464,Northstar Employee 1464,D08,People,Associate,EMP-1404,Northstar Employee 1404,0.0,Austin,8.8
EMP-1465,Northstar Employee 1465,D08,People,Specialist,EMP-1406,Northstar Employee 1406,0.0,New York,5.7
EMP-1466,Northstar Employee 1466,D08,People,Analyst,EMP-1402,Northstar Employee 1402,0.0,New York,2.4
EMP-1467,Northstar Employee 1467,D08,People,Analyst,EMP-1402,Northstar Employee 1402,0.0,Austin,1.8
EMP-1468,Northstar Employee 1468,D08,People,Specialist,EMP-1402,Northstar Employee 1402,0.0,Austin,9.0
EMP-1469,Northstar Employee 1469,D08,People,Associate,EMP-1405,Northstar Employee 1405,0.0,Chicago,3.5
EMP-1470,Northstar Employee 1470,D08,People,Associate,EMP-1406,Northstar Employee 1406,0.0,Chicago,0.7
EMP-1471,Northstar Employee 1471,D08,People,Specialist,EMP-1402,Northstar Employee 1402,0.0,Austin,2.3
EMP-1472,Northstar Employee 1472,D08,People,Associate,EMP-1402,Northstar Employee 1402,0.0,Austin,5.5
EMP-1473,Northstar Employee 1473,D08,People,Program Manager,EMP-1407,Northstar Employee 1407,0.0,San Francisco,5.5
EMP-1474,Northstar Employee 1474,D08,People,Analyst,EMP-1406,Northstar Employee 1406,0.0,New York,9.7
EMP-1475,Northstar Employee 1475,D08,People,Analyst,EMP-1404,Northstar Employee 1404,0.0,New York,3.7
EMP-1476,Northstar Employee 1476,D08,People,Program Manager,EMP-1410,Northstar Employee 1410,0.0,New York,1.3
EMP-1477,Northstar Employee 1477,D08,People,Specialist,EMP-1410,Northstar Employee 1410,0.0,New York,4.0
EMP-1478,Northstar Employee 1478,D08,People,Analyst,EMP-1408,Northstar Employee 1408,0.0,Chicago,9.4
EMP-1479,Northstar Employee 1479,D08,People,Senior Analyst,EMP-1406,Northstar Employee 1406,0.0,Chicago,6.5
EMP-1480,Northstar Employee 1480,D08,People,Specialist,EMP-1411,Northstar Employee 1411,0.0,Chicago,8.3
EMP-1481,Northstar Employee 1481,D08,People,Specialist,EMP-1408,Northstar Employee 1408,0.0,New York,6.2
EMP-1482,Northstar Employee 1482,D08,People,Senior Analyst,EMP-1410,Northstar Employee 1410,0.0,Austin,8.8
EMP-1483,Northstar Employee 1483,D08,People,Associate,EMP-1405,Northstar Employee 1405,0.0,Austin,6.0
EMP-1484,Northstar Employee 1484,D08,People,Specialist,EMP-1409,Northstar Employee 1409,0.0,Chicago,2.8
EMP-1485,Northstar Employee 1485,D08,People,Specialist,EMP-1403,Northstar Employee 1403,0.0,Denver,5.6
EMP-1486,Northstar Employee 1486,D08,People,Analyst,EMP-1408,Northstar Employee 1408,0.0,Denver,7.6
EMP-1487,Northstar Employee 1487,D08,People,Analyst,EMP-1404,Northstar Employee 1404,0.0,Denver,5.1
EMP-1488,Northstar Employee 1488,D08,People,Analyst,EMP-1409,Northstar Employee 1409,0.0,Chicago,3.4
EMP-1489,Northstar Employee 1489,D08,People,Senior Analyst,EMP-1410,Northstar Employee 1410,0.0,Denver,3.6
EMP-1490,Northstar Employee 1490,D08,People,Associate,EMP-1404,Northstar Employee 1404,0.0,Chicago,3.2
EMP-1491,Northstar Employee 1491,D08,People,Senior Analyst,EMP-1408,Northstar Employee 1408,0.0,Austin,7.3
EMP-1492,Northstar Employee 1492,D08,People,Associate,EMP-1406,Northstar Employee 1406,0.0,Chicago,8.4
EMP-1493,Northstar Employee 1493,D08,People,Program Manager,EMP-1403,Northstar Employee 1403,0.0,Denver,8.2
EMP-1494,Northstar Employee 1494,D08,People,Analyst,EMP-1402,Northstar Employee 1402,0.0,Austin,4.8
EMP-1495,Northstar Employee 1495,D08,People,Analyst,EMP-1403,Northstar Employee 1403,0.0,Denver,0.9
EMP-1496,Northstar Employee 1496,D08,People,Analyst,EMP-1406,Northstar Employee 1406,0.0,Denver,3.7
EMP-1497,Northstar Employee 1497,D08,People,Associate,EMP-1410,Northstar Employee 1410,0.0,San Francisco,6.4
EMP-1498,Northstar Employee 1498,D08,People,Specialist,EMP-1408,Northstar Employee 1408,0.0,Denver,5.6
EMP-1499,Northstar Employee 1499,D08,People,Associate,EMP-1405,Northstar Employee 1405,0.0,San Francisco,2.8
EMP-1500,Northstar Employee 1500,D08,People,Analyst,EMP-1412,Northstar Employee 1412,0.0,Chicago,1.8
EMP-1501,Northstar Employee 1501,D08,People,Specialist,EMP-1410,Northstar Employee 1410,0.0,Denver,5.6
EMP-1502,Northstar Employee 1502,D08,People,Associate,EMP-1405,Northstar Employee 1405,0.0,Chicago,1.5
EMP-1503,Northstar Employee 1503,D08,People,Associate,EMP-1406,Northstar Employee 1406,0.0,Chicago,9.0
EMP-1504,Northstar Employee 1504,D08,People,Analyst,EMP-1408,Northstar Employee 1408,0.0,San Francisco,6.9
EMP-1505,Northstar Employee 1505,D08,People,Associate,EMP-1410,Northstar Employee 1410,0.0,San Francisco,7.4
EMP-1506,Northstar Employee 1506,D08,People,Senior Analyst,EMP-1402,Northstar Employee 1402,0.0,Denver,2.2
EMP-1507,Northstar Employee 1507,D08,People,Associate,EMP-1406,Northstar Employee 1406,0.0,Chicago,6.4
EMP-1508,Northstar Employee 1508,D08,People,Specialist,EMP-1403,Northstar Employee 1403,0.0,Chicago,6.2
EMP-1509,Northstar Employee 1509,D08,People,Program Manager,EMP-1405,Northstar Employee 1405,0.0,Chicago,2.2
EMP-1510,Northstar Employee 1510,D08,People,Senior Analyst,EMP-1407,Northstar Employee 1407,0.0,Denver,2.0
EMP-1511,Northstar Employee 1511,D08,People,Specialist,EMP-1412,Northstar Employee 1412,0.0,Denver,3.6
EMP-1512,Northstar Employee 1512,D08,People,Analyst,EMP-1410,Northstar Employee 1410,0.0,Austin,1.1
EMP-1513,Northstar Employee 1513,D08,People,Specialist,EMP-1410,Northstar Employee 1410,0.0,Austin,7.6
EMP-1514,Northstar Employee 1514,D08,People,Associate,EMP-1408,Northstar Employee 1408,0.0,New York,8.9
EMP-1515,Northstar Employee 1515,D08,People,Program Manager,EMP-1408,Northstar Employee 1408,0.0,New York,9.3
EMP-1516,Northstar Employee 1516,D08,People,Senior Analyst,EMP-1406,Northstar Employee 1406,0.0,Chicago,1.7
EMP-1517,Northstar Employee 1517,D08,People,Program Manager,EMP-1408,Northstar Employee 1408,0.0,Chicago,2.6
EMP-1518,Northstar Employee 1518,D08,People,Analyst,EMP-1409,Northstar Employee 1409,0.0,Chicago,2.0
EMP-1519,Northstar Employee 1519,D08,People,Specialist,EMP-1404,Northstar Employee 1404,0.0,Chicago,2.9
EMP-1520,Northstar Employee 1520,D08,People,Program Manager,EMP-1405,Northstar Employee 1405,0.0,San Francisco,4.4
EMP-1521,Northstar Employee 1521,D08,People,Analyst,EMP-1405,Northstar Employee 1405,0.0,New York,1.8
EMP-1522,Northstar Employee 1522,D08,People,Analyst,EMP-1406,Northstar Employee 1406,0.0,New York,4.3
EMP-1523,Northstar Employee 1523,D08,People,Senior Analyst,EMP-1404,Northstar Employee 1404,0.0,Chicago,0.9
EMP-1524,Northstar Employee 1524,D08,People,Senior Analyst,EMP-1408,Northstar Employee 1408,0.0,Denver,8.9
EMP-1525,Northstar Employee 1525,D08,People,Associate,EMP-1410,Northstar Employee 1410,0.0,San Francisco,0.4
EMP-1526,Northstar Employee 1526,D08,People,Program Manager,EMP-1405,Northstar Employee 1405,0.0,Chicago,9.3
EMP-1527,Northstar Employee 1527,D08,People,Senior Analyst,EMP-1404,Northstar Employee 1404,0.0,New York,8.9
EMP-1528,Northstar Employee 1528,D08,People,Specialist,EMP-1404,Northstar Employee 1404,0.0,Chicago,0.9
EMP-1529,Northstar Employee 1529,D08,People,Senior Analyst,EMP-1406,Northstar Employee 1406,0.0,New York,6.5
EMP-1530,Northstar Employee 1530,D08,People,Analyst,EMP-1410,Northstar Employee 1410,0.0,San Francisco,2.3
EMP-1531,Northstar Employee 1531,D08,People,Analyst,EMP-1406,Northstar Employee 1406,0.0,San Francisco,8.0
EMP-1532,Northstar Employee 1532,D08,People,Analyst,EMP-1407,Northstar Employee 1407,0.0,Denver,6.3
EMP-1533,Northstar Employee 1533,D08,People,Program Manager,EMP-1405,Northstar Employee 1405,0.0,San Francisco,3.7
EMP-1534,Northstar Employee 1534,D08,People,Specialist,EMP-1407,Northstar Employee 1407,0.0,Denver,1.6
EMP-1535,Northstar Employee 1535,D08,People,Senior Analyst,EMP-1410,Northstar Employee 1410,0.0,San Francisco,6.6
EMP-1536,Northstar Employee 1536,D08,People,Associate,EMP-1412,Northstar Employee 1412,0.0,New York,7.0
EMP-1537,Northstar Employee 1537,D08,People,Associate,EMP-1403,Northstar Employee 1403,0.0,Chicago,9.5
EMP-1538,Northstar Employee 1538,D08,People,Senior Analyst,EMP-1412,Northstar Employee 1412,0.0,Austin,8.4
EMP-1539,Northstar Employee 1539,D08,People,Senior Analyst,EMP-1403,Northstar Employee 1403,0.0,San Francisco,2.9
EMP-1540,Northstar Employee 1540,D08,People,Specialist,EMP-1410,Northstar Employee 1410,0.0,Austin,8.7
EMP-1541,Northstar Employee 1541,D08,People,Associate,EMP-1407,Northstar Employee 1407,0.0,Denver,9.5
EMP-1542,Northstar Employee 1542,D08,People,Specialist,EMP-1405,Northstar Employee 1405,0.0,New York,0.9
EMP-1543,Northstar Employee 1543,D08,People,Senior Analyst,EMP-1402,Northstar Employee 1402,0.0,San Francisco,7.8
EMP-1544,Northstar Employee 1544,D08,People,Specialist,EMP-1409,Northstar Employee 1409,0.0,Austin,1.3
EMP-1545,Northstar Employee 1545,D08,People,Specialist,EMP-1407,Northstar Employee 1407,0.0,Austin,8.2
EMP-1546,Northstar Employee 1546,D08,People,Program Manager,EMP-1408,Northstar Employee 1408,0.0,Denver,1.4
EMP-1547,Northstar Employee 1547,D08,People,Analyst,EMP-1405,Northstar Employee 1405,0.0,San Francisco,7.0
EMP-1548,Northstar Employee 1548,D08,People,Analyst,EMP-1406,Northstar Employee 1406,0.0,New York,3.8
EMP-1549,Northstar Employee 1549,D08,People,Program Manager,EMP-1403,Northstar Employee 1403,0.0,Austin,0.2
EMP-1550,Northstar Employee 1550,D08,People,Specialist,EMP-1403,Northstar Employee 1403,0.0,Denver,9.0
EMP-1551,Northstar Employee 1551,D08,People,Senior Analyst,EMP-1404,Northstar Employee 1404,0.0,Chicago,1.1
EMP-1552,Northstar Employee 1552,D08,People,Specialist,EMP-1411,Northstar Employee 1411,0.0,San Francisco,5.8
EMP-1553,Northstar Employee 1553,D08,People,Program Manager,EMP-1402,Northstar Employee 1402,0.0,Austin,8.1
EMP-1554,Northstar Employee 1554,D08,People,Program Manager,EMP-1407,Northstar Employee 1407,0.0,Chicago,4.4
EMP-1555,Northstar Employee 1555,D08,People,Senior Analyst,EMP-1408,Northstar Employee 1408,0.0,San Francisco,1.7
EMP-1556,Northstar Employee 1556,D08,People,Specialist,EMP-1408,Northstar Employee 1408,0.0,Denver,1.0
EMP-1557,Northstar Employee 1557,D08,People,Specialist,EMP-1403,Northstar Employee 1403,0.0,New York,7.1
EMP-1558,Northstar Employee 1558,D08,People,Senior Analyst,EMP-1409,Northstar Employee 1409,0.0,San Francisco,8.5
EMP-1559,Northstar Employee 1559,D08,People,Analyst,EMP-1408,Northstar Employee 1408,0.0,Chicago,4.0
EMP-1560,Northstar Employee 1560,D08,People,Specialist,EMP-1402,Northstar Employee 1402,0.0,Chicago,9.8
EMP-1561,Northstar Employee 1561,D08,People,Senior Analyst,EMP-1408,Northstar Employee 1408,0.0,New York,7.0
EMP-1562,Northstar Employee 1562,D08,People,Program Manager,EMP-1405,Northstar Employee 1405,0.0,Denver,2.3
EMP-1563,Northstar Employee 1563,D08,People,Senior Analyst,EMP-1412,Northstar Employee 1412,0.0,Austin,4.7
EMP-1564,Northstar Employee 1564,D08,People,Program Manager,EMP-1409,Northstar Employee 1409,0.0,Austin,7.2
EMP-1565,Northstar Employee 1565,D08,People,Program Manager,EMP-1402,Northstar Employee 1402,0.0,Denver,7.1
EMP-1566,Northstar Employee 1566,D08,People,Specialist,EMP-1411,Northstar Employee 1411,0.0,San Francisco,3.3
EMP-1567,Northstar Employee 1567,D08,People,Specialist,EMP-1405,Northstar Employee 1405,0.0,Denver,7.1
EMP-1568,Northstar Employee 1568,D08,People,Senior Analyst,EMP-1402,Northstar Employee 1402,0.0,Austin,1.5
EMP-1569,Northstar Employee 1569,D08,People,Program Manager,EMP-1412,Northstar Employee 1412,0.0,Denver,1.1
EMP-1570,Northstar Employee 1570,D08,People,Associate,EMP-1407,Northstar Employee 1407,0.0,Chicago,8.7
EMP-1571,Northstar Employee 1571,D08,People,Analyst,EMP-1411,Northstar Employee 1411,0.0,Chicago,3.0
EMP-1572,Northstar Employee 1572,D08,People,Associate,EMP-1406,Northstar Employee 1406,0.0,Chicago,3.7
EMP-1573,Northstar Employee 1573,D08,People,Specialist,EMP-1407,Northstar Employee 1407,0.0,Denver,5.2
EMP-1574,Northstar Employee 1574,D08,People,Associate,EMP-1409,Northstar Employee 1409,0.0,New York,9.1
EMP-1575,Northstar Employee 1575,D08,People,Analyst,EMP-1402,Northstar Employee 1402,0.0,New York,8.5
EMP-1576,Northstar Employee 1576,D08,People,Senior Analyst,EMP-1407,Northstar Employee 1407,0.0,Austin,8.6
EMP-1577,Northstar Employee 1577,D08,People,Specialist,EMP-1405,Northstar Employee 1405,0.0,San Francisco,9.6
EMP-1578,Northstar Employee 1578,D08,People,Analyst,EMP-1407,Northstar Employee 1407,0.0,New York,8.3
EMP-1579,Northstar Employee 1579,D08,People,Senior Analyst,EMP-1410,Northstar Employee 1410,0.0,Chicago,1.5
EMP-1580,Northstar Employee 1580,D08,People,Analyst,EMP-1410,Northstar Employee 1410,0.0,San Francisco,8.4
EMP-1581,Northstar Employee 1581,D08,People,Specialist,EMP-1402,Northstar Employee 1402,0.0,Austin,5.5
EMP-1582,Northstar Employee 1582,D08,People,Analyst,EMP-1408,Northstar Employee 1408,0.0,Chicago,6.4
EMP-1583,Northstar Employee 1583,D08,People,Analyst,EMP-1411,Northstar Employee 1411,0.0,Chicago,6.5
EMP-1584,Northstar Employee 1584,D08,People,Specialist,EMP-1403,Northstar Employee 1403,0.0,Chicago,9.2
EMP-1585,Northstar Employee 1585,D08,People,Analyst,EMP-1411,Northstar Employee 1411,0.0,Chicago,2.4
EMP-1586,Northstar Employee 1586,D08,People,Specialist,EMP-1409,Northstar Employee 1409,0.0,Denver,7.0
EMP-1587,Northstar Employee 1587,D08,People,Senior Analyst,EMP-1405,Northstar Employee 1405,0.0,New York,5.6
EMP-1588,Northstar Employee 1588,D08,People,Analyst,EMP-1408,Northstar Employee 1408,0.0,Denver,1.9
EMP-1589,Northstar Employee 1589,D08,People,Senior Analyst,EMP-1402,Northstar Employee 1402,0.0,Austin,8.2
EMP-1590,Northstar Employee 1590,D08,People,Senior Analyst,EMP-1408,Northstar Employee 1408,0.0,New York,3.3
EMP-1591,Northstar Employee 1591,D08,People,Analyst,EMP-1410,Northstar Employee 1410,0.0,San Francisco,6.3
EMP-1592,Northstar Employee 1592,D08,People,Specialist,EMP-1402,Northstar Employee 1402,0.0,Austin,3.4
EMP-1593,Northstar Employee 1593,D08,People,Specialist,EMP-1402,Northstar Employee 1402,0.0,San Francisco,0.3
EMP-1594,Northstar Employee 1594,D08,People,Program Manager,EMP-1404,Northstar Employee 1404,0.0,Chicago,2.2
EMP-1595,Northstar Employee 1595,D08,People,Specialist,EMP-1405,Northstar Employee 1405,0.0,Austin,6.3
EMP-1596,Northstar Employee 1596,D08,People,Senior Analyst,EMP-1412,Northstar Employee 1412,0.0,Austin,8.7
EMP-1597,Northstar Employee 1597,D08,People,Specialist,EMP-1409,Northstar Employee 1409,0.0,Chicago,0.4
EMP-1598,Northstar Employee 1598,D08,People,Senior Analyst,EMP-1411,Northstar Employee 1411,0.0,New York,7.5
EMP-1599,Northstar Employee 1599,D08,People,Senior Analyst,EMP-1409,Northstar Employee 1409,0.0,San Francisco,5.6
EMP-1600,Northstar Employee 1600,D08,People,Analyst,EMP-1410,Northstar Employee 1410,0.0,New York,1.4
EMP-1601,Northstar Employee 1601,D09,Legal,Director,EMP-0001,Northstar Employee 0001,150000.0,Austin,9.1
EMP-1602,Northstar Employee 1602,D09,Legal,Senior Manager,EMP-1601,Northstar Employee 1601,15000.0,San Francisco,6.5
EMP-1603,Northstar Employee 1603,D09,Legal,Senior Manager,EMP-1601,Northstar Employee 1601,75000.0,New York,6.1
EMP-1604,Northstar Employee 1604,D09,Legal,Manager,EMP-1601,Northstar Employee 1601,25000.0,Chicago,6.1
EMP-1605,Northstar Employee 1605,D09,Legal,Manager,EMP-1601,Northstar Employee 1601,50000.0,Chicago,7.6
EMP-1606,Northstar Employee 1606,D09,Legal,Manager,EMP-1601,Northstar Employee 1601,25000.0,Denver,8.8
EMP-1607,Northstar Employee 1607,D09,Legal,Manager,EMP-1601,Northstar Employee 1601,15000.0,San Francisco,9.1
EMP-1608,Northstar Employee 1608,D09,Legal,Manager,EMP-1601,Northstar Employee 1601,15000.0,Austin,4.8
EMP-1609,Northstar Employee 1609,D09,Legal,Manager,EMP-1601,Northstar Employee 1601,25000.0,Austin,11.6
EMP-1610,Northstar Employee 1610,D09,Legal,Manager,EMP-1601,Northstar Employee 1601,50000.0,Chicago,4.1
EMP-1611,Northstar Employee 1611,D09,Legal,Manager,EMP-1601,Northstar Employee 1601,25000.0,San Francisco,12.0
EMP-1612,Northstar Employee 1612,D09,Legal,Manager,EMP-1601,Northstar Employee 1601,50000.0,San Francisco,11.4
EMP-1613,Northstar Employee 1613,D09,Legal,Specialist,EMP-1602,Northstar Employee 1602,0.0,Chicago,1.7
EMP-1614,Northstar Employee 1614,D09,Legal,Analyst,EMP-1610,Northstar Employee 1610,0.0,Austin,7.4
EMP-1615,Northstar Employee 1615,D09,Legal,Associate,EMP-1610,Northstar Employee 1610,0.0,Chicago,3.8
EMP-1616,Northstar Employee 1616,D09,Legal,Senior Analyst,EMP-1609,Northstar Employee 1609,0.0,Chicago,6.5
EMP-1617,Northstar Employee 1617,D09,Legal,Associate,EMP-1609,Northstar Employee 1609,0.0,New York,9.3
EMP-1618,Northstar Employee 1618,D09,Legal,Associate,EMP-1607,Northstar Employee 1607,0.0,Denver,7.1
EMP-1619,Northstar Employee 1619,D09,Legal,Senior Analyst,EMP-1602,Northstar Employee 1602,0.0,San Francisco,9.5
EMP-1620,Northstar Employee 1620,D09,Legal,Specialist,EMP-1602,Northstar Employee 1602,0.0,Denver,7.5
EMP-1621,Northstar Employee 1621,D09,Legal,Associate,EMP-1606,Northstar Employee 1606,0.0,Denver,0.4
EMP-1622,Northstar Employee 1622,D09,Legal,Specialist,EMP-1603,Northstar Employee 1603,0.0,Austin,2.6
EMP-1623,Northstar Employee 1623,D09,Legal,Program Manager,EMP-1605,Northstar Employee 1605,0.0,Denver,2.6
EMP-1624,Northstar Employee 1624,D09,Legal,Associate,EMP-1607,Northstar Employee 1607,0.0,San Francisco,2.9
EMP-1625,Northstar Employee 1625,D09,Legal,Associate,EMP-1602,Northstar Employee 1602,0.0,Denver,5.4
EMP-1626,Northstar Employee 1626,D09,Legal,Analyst,EMP-1606,Northstar Employee 1606,0.0,Chicago,9.9
EMP-1627,Northstar Employee 1627,D09,Legal,Analyst,EMP-1609,Northstar Employee 1609,0.0,San Francisco,2.2
EMP-1628,Northstar Employee 1628,D09,Legal,Specialist,EMP-1606,Northstar Employee 1606,0.0,Chicago,1.2
EMP-1629,Northstar Employee 1629,D09,Legal,Senior Analyst,EMP-1603,Northstar Employee 1603,0.0,Chicago,1.6
EMP-1630,Northstar Employee 1630,D09,Legal,Analyst,EMP-1607,Northstar Employee 1607,0.0,Austin,2.9
EMP-1631,Northstar Employee 1631,D09,Legal,Specialist,EMP-1608,Northstar Employee 1608,0.0,New York,6.7
EMP-1632,Northstar Employee 1632,D09,Legal,Analyst,EMP-1602,Northstar Employee 1602,0.0,Chicago,1.7
EMP-1633,Northstar Employee 1633,D09,Legal,Specialist,EMP-1611,Northstar Employee 1611,0.0,New York,4.6
EMP-1634,Northstar Employee 1634,D09,Legal,Analyst,EMP-1608,Northstar Employee 1608,0.0,Chicago,7.5
EMP-1635,Northstar Employee 1635,D09,Legal,Senior Analyst,EMP-1607,Northstar Employee 1607,0.0,Chicago,2.6
EMP-1636,Northstar Employee 1636,D09,Legal,Program Manager,EMP-1604,Northstar Employee 1604,0.0,Chicago,4.8
EMP-1637,Northstar Employee 1637,D09,Legal,Senior Analyst,EMP-1606,Northstar Employee 1606,0.0,Austin,6.2
EMP-1638,Northstar Employee 1638,D09,Legal,Senior Analyst,EMP-1608,Northstar Employee 1608,0.0,New York,2.5
EMP-1639,Northstar Employee 1639,D09,Legal,Analyst,EMP-1608,Northstar Employee 1608,0.0,San Francisco,0.2
EMP-1640,Northstar Employee 1640,D09,Legal,Senior Analyst,EMP-1610,Northstar Employee 1610,0.0,New York,5.8
EMP-1641,Northstar Employee 1641,D09,Legal,Analyst,EMP-1612,Northstar Employee 1612,0.0,San Francisco,9.0
EMP-1642,Northstar Employee 1642,D09,Legal,Program Manager,EMP-1603,Northstar Employee 1603,0.0,Denver,4.5
EMP-1643,Northstar Employee 1643,D09,Legal,Specialist,EMP-1611,Northstar Employee 1611,0.0,Denver,8.4
EMP-1644,Northstar Employee 1644,D09,Legal,Analyst,EMP-1607,Northstar Employee 1607,0.0,Chicago,8.1
EMP-1645,Northstar Employee 1645,D09,Legal,Senior Analyst,EMP-1608,Northstar Employee 1608,0.0,San Francisco,2.5
EMP-1646,Northstar Employee 1646,D09,Legal,Analyst,EMP-1604,Northstar Employee 1604,0.0,Chicago,6.7
EMP-1647,Northstar Employee 1647,D09,Legal,Analyst,EMP-1608,Northstar Employee 1608,0.0,San Francisco,5.9
EMP-1648,Northstar Employee 1648,D09,Legal,Analyst,EMP-1608,Northstar Employee 1608,0.0,New York,2.7
EMP-1649,Northstar Employee 1649,D09,Legal,Analyst,EMP-1603,Northstar Employee 1603,0.0,Denver,1.7
EMP-1650,Northstar Employee 1650,D09,Legal,Senior Analyst,EMP-1602,Northstar Employee 1602,0.0,Austin,7.3
EMP-1651,Northstar Employee 1651,D09,Legal,Analyst,EMP-1608,Northstar Employee 1608,0.0,Denver,4.9
EMP-1652,Northstar Employee 1652,D09,Legal,Associate,EMP-1602,Northstar Employee 1602,0.0,Austin,9.6
EMP-1653,Northstar Employee 1653,D09,Legal,Senior Analyst,EMP-1605,Northstar Employee 1605,0.0,Chicago,2.7
EMP-1654,Northstar Employee 1654,D09,Legal,Senior Analyst,EMP-1604,Northstar Employee 1604,0.0,New York,1.0
EMP-1655,Northstar Employee 1655,D09,Legal,Associate,EMP-1602,Northstar Employee 1602,0.0,Chicago,7.3
EMP-1656,Northstar Employee 1656,D09,Legal,Specialist,EMP-1602,Northstar Employee 1602,0.0,San Francisco,8.5
EMP-1657,Northstar Employee 1657,D09,Legal,Senior Analyst,EMP-1607,Northstar Employee 1607,0.0,San Francisco,9.6
EMP-1658,Northstar Employee 1658,D09,Legal,Senior Analyst,EMP-1605,Northstar Employee 1605,0.0,San Francisco,3.3
EMP-1659,Northstar Employee 1659,D09,Legal,Associate,EMP-1605,Northstar Employee 1605,0.0,Chicago,4.7
EMP-1660,Northstar Employee 1660,D09,Legal,Associate,EMP-1610,Northstar Employee 1610,0.0,San Francisco,10.0
EMP-1661,Northstar Employee 1661,D09,Legal,Senior Analyst,EMP-1606,Northstar Employee 1606,0.0,San Francisco,2.9
EMP-1662,Northstar Employee 1662,D09,Legal,Program Manager,EMP-1612,Northstar Employee 1612,0.0,Austin,5.8
EMP-1663,Northstar Employee 1663,D09,Legal,Program Manager,EMP-1605,Northstar Employee 1605,0.0,Austin,0.1
EMP-1664,Northstar Employee 1664,D09,Legal,Analyst,EMP-1610,Northstar Employee 1610,0.0,Chicago,4.1
EMP-1665,Northstar Employee 1665,D09,Legal,Senior Analyst,EMP-1608,Northstar Employee 1608,0.0,Austin,2.0
EMP-1666,Northstar Employee 1666,D09,Legal,Program Manager,EMP-1602,Northstar Employee 1602,0.0,Chicago,8.2
EMP-1667,Northstar Employee 1667,D09,Legal,Program Manager,EMP-1604,Northstar Employee 1604,0.0,Austin,2.5
EMP-1668,Northstar Employee 1668,D09,Legal,Senior Analyst,EMP-1603,Northstar Employee 1603,0.0,Denver,0.9
EMP-1669,Northstar Employee 1669,D09,Legal,Associate,EMP-1609,Northstar Employee 1609,0.0,Chicago,5.1
EMP-1670,Northstar Employee 1670,D09,Legal,Program Manager,EMP-1606,Northstar Employee 1606,0.0,Chicago,9.1
EMP-1671,Northstar Employee 1671,D09,Legal,Program Manager,EMP-1603,Northstar Employee 1603,0.0,Austin,1.3
EMP-1672,Northstar Employee 1672,D09,Legal,Senior Analyst,EMP-1612,Northstar Employee 1612,0.0,Chicago,4.0
EMP-1673,Northstar Employee 1673,D09,Legal,Associate,EMP-1610,Northstar Employee 1610,0.0,Chicago,7.2
EMP-1674,Northstar Employee 1674,D09,Legal,Associate,EMP-1605,Northstar Employee 1605,0.0,Chicago,7.4
EMP-1675,Northstar Employee 1675,D09,Legal,Senior Analyst,EMP-1605,Northstar Employee 1605,0.0,Denver,4.5
EMP-1676,Northstar Employee 1676,D09,Legal,Senior Analyst,EMP-1602,Northstar Employee 1602,0.0,Denver,7.9
EMP-1677,Northstar Employee 1677,D09,Legal,Associate,EMP-1604,Northstar Employee 1604,0.0,Chicago,1.8
EMP-1678,Northstar Employee 1678,D09,Legal,Associate,EMP-1611,Northstar Employee 1611,0.0,San Francisco,7.1
EMP-1679,Northstar Employee 1679,D09,Legal,Specialist,EMP-1607,Northstar Employee 1607,0.0,San Francisco,3.2
EMP-1680,Northstar Employee 1680,D09,Legal,Analyst,EMP-1608,Northstar Employee 1608,0.0,Austin,4.4
EMP-1681,Northstar Employee 1681,D09,Legal,Specialist,EMP-1612,Northstar Employee 1612,0.0,San Francisco,1.9
EMP-1682,Northstar Employee 1682,D09,Legal,Analyst,EMP-1603,Northstar Employee 1603,0.0,San Francisco,0.7
EMP-1683,Northstar Employee 1683,D09,Legal,Specialist,EMP-1612,Northstar Employee 1612,0.0,Austin,3.1
EMP-1684,Northstar Employee 1684,D09,Legal,Analyst,EMP-1605,Northstar Employee 1605,0.0,New York,6.2
EMP-1685,Northstar Employee 1685,D09,Legal,Associate,EMP-1609,Northstar Employee 1609,0.0,Chicago,6.1
EMP-1686,Northstar Employee 1686,D09,Legal,Associate,EMP-1611,Northstar Employee 1611,0.0,Chicago,7.2
EMP-1687,Northstar Employee 1687,D09,Legal,Senior Analyst,EMP-1604,Northstar Employee 1604,0.0,San Francisco,8.3
EMP-1688,Northstar Employee 1688,D09,Legal,Program Manager,EMP-1603,Northstar Employee 1603,0.0,Denver,9.8
EMP-1689,Northstar Employee 1689,D09,Legal,Specialist,EMP-1604,Northstar Employee 1604,0.0,Denver,7.3
EMP-1690,Northstar Employee 1690,D09,Legal,Specialist,EMP-1605,Northstar Employee 1605,0.0,Denver,3.8
EMP-1691,Northstar Employee 1691,D09,Legal,Specialist,EMP-1610,Northstar Employee 1610,0.0,Chicago,3.6
EMP-1692,Northstar Employee 1692,D09,Legal,Analyst,EMP-1608,Northstar Employee 1608,0.0,Austin,6.7
EMP-1693,Northstar Employee 1693,D09,Legal,Associate,EMP-1608,Northstar Employee 1608,0.0,Denver,9.0
EMP-1694,Northstar Employee 1694,D09,Legal,Specialist,EMP-1602,Northstar Employee 1602,0.0,Chicago,9.8
EMP-1695,Northstar Employee 1695,D09,Legal,Specialist,EMP-1606,Northstar Employee 1606,0.0,San Francisco,1.9
EMP-1696,Northstar Employee 1696,D09,Legal,Program Manager,EMP-1606,Northstar Employee 1606,0.0,Denver,5.1
EMP-1697,Northstar Employee 1697,D09,Legal,Associate,EMP-1608,Northstar Employee 1608,0.0,New York,4.8
EMP-1698,Northstar Employee 1698,D09,Legal,Program Manager,EMP-1607,Northstar Employee 1607,0.0,Austin,6.9
EMP-1699,Northstar Employee 1699,D09,Legal,Specialist,EMP-1611,Northstar Employee 1611,0.0,San Francisco,6.2
EMP-1700,Northstar Employee 1700,D09,Legal,Analyst,EMP-1606,Northstar Employee 1606,0.0,San Francisco,7.4
EMP-1701,Northstar Employee 1701,D09,Legal,Senior Analyst,EMP-1611,Northstar Employee 1611,0.0,Austin,6.6
EMP-1702,Northstar Employee 1702,D09,Legal,Senior Analyst,EMP-1611,Northstar Employee 1611,0.0,Denver,6.8
EMP-1703,Northstar Employee 1703,D09,Legal,Senior Analyst,EMP-1606,Northstar Employee 1606,0.0,Chicago,1.9
EMP-1704,Northstar Employee 1704,D09,Legal,Senior Analyst,EMP-1609,Northstar Employee 1609,0.0,Austin,4.8
EMP-1705,Northstar Employee 1705,D09,Legal,Analyst,EMP-1604,Northstar Employee 1604,0.0,Chicago,0.8
EMP-1706,Northstar Employee 1706,D09,Legal,Associate,EMP-1612,Northstar Employee 1612,0.0,San Francisco,0.3
EMP-1707,Northstar Employee 1707,D09,Legal,Specialist,EMP-1602,Northstar Employee 1602,0.0,Chicago,4.0
EMP-1708,Northstar Employee 1708,D09,Legal,Associate,EMP-1609,Northstar Employee 1609,0.0,Austin,4.4
EMP-1709,Northstar Employee 1709,D09,Legal,Analyst,EMP-1603,Northstar Employee 1603,0.0,Chicago,9.0
EMP-1710,Northstar Employee 1710,D09,Legal,Associate,EMP-1605,Northstar Employee 1605,0.0,New York,4.9
EMP-1711,Northstar Employee 1711,D09,Legal,Analyst,EMP-1603,Northstar Employee 1603,0.0,Chicago,1.5
EMP-1712,Northstar Employee 1712,D09,Legal,Specialist,EMP-1606,Northstar Employee 1606,0.0,New York,4.8
EMP-1713,Northstar Employee 1713,D09,Legal,Program Manager,EMP-1605,Northstar Employee 1605,0.0,Austin,3.6
EMP-1714,Northstar Employee 1714,D09,Legal,Specialist,EMP-1608,Northstar Employee 1608,0.0,Denver,9.9
EMP-1715,Northstar Employee 1715,D09,Legal,Specialist,EMP-1602,Northstar Employee 1602,0.0,Denver,5.0
EMP-1716,Northstar Employee 1716,D09,Legal,Analyst,EMP-1604,Northstar Employee 1604,0.0,Chicago,8.7
EMP-1717,Northstar Employee 1717,D09,Legal,Program Manager,EMP-1603,Northstar Employee 1603,0.0,San Francisco,4.5
EMP-1718,Northstar Employee 1718,D09,Legal,Associate,EMP-1610,Northstar Employee 1610,0.0,Denver,5.2
EMP-1719,Northstar Employee 1719,D09,Legal,Analyst,EMP-1609,Northstar Employee 1609,0.0,Chicago,5.2
EMP-1720,Northstar Employee 1720,D09,Legal,Analyst,EMP-1608,Northstar Employee 1608,0.0,Chicago,9.0
EMP-1721,Northstar Employee 1721,D09,Legal,Senior Analyst,EMP-1606,Northstar Employee 1606,0.0,San Francisco,4.0
EMP-1722,Northstar Employee 1722,D09,Legal,Senior Analyst,EMP-1608,Northstar Employee 1608,0.0,Denver,2.0
EMP-1723,Northstar Employee 1723,D09,Legal,Associate,EMP-1606,Northstar Employee 1606,0.0,Austin,1.2
EMP-1724,Northstar Employee 1724,D09,Legal,Senior Analyst,EMP-1609,Northstar Employee 1609,0.0,Chicago,4.4
EMP-1725,Northstar Employee 1725,D09,Legal,Specialist,EMP-1602,Northstar Employee 1602,0.0,San Francisco,3.7
EMP-1726,Northstar Employee 1726,D09,Legal,Senior Analyst,EMP-1602,Northstar Employee 1602,0.0,New York,9.0
EMP-1727,Northstar Employee 1727,D09,Legal,Senior Analyst,EMP-1603,Northstar Employee 1603,0.0,Chicago,7.2
EMP-1728,Northstar Employee 1728,D09,Legal,Associate,EMP-1605,Northstar Employee 1605,0.0,Chicago,1.9
EMP-1729,Northstar Employee 1729,D09,Legal,Associate,EMP-1602,Northstar Employee 1602,0.0,Austin,3.8
EMP-1730,Northstar Employee 1730,D09,Legal,Analyst,EMP-1606,Northstar Employee 1606,0.0,Austin,9.6
EMP-1731,Northstar Employee 1731,D09,Legal,Senior Analyst,EMP-1607,Northstar Employee 1607,0.0,Austin,6.0
EMP-1732,Northstar Employee 1732,D09,Legal,Program Manager,EMP-1602,Northstar Employee 1602,0.0,Austin,0.8
EMP-1733,Northstar Employee 1733,D09,Legal,Program Manager,EMP-1608,Northstar Employee 1608,0.0,New York,3.4
EMP-1734,Northstar Employee 1734,D09,Legal,Senior Analyst,EMP-1603,Northstar Employee 1603,0.0,New York,3.9
EMP-1735,Northstar Employee 1735,D09,Legal,Associate,EMP-1609,Northstar Employee 1609,0.0,Denver,3.3
EMP-1736,Northstar Employee 1736,D09,Legal,Program Manager,EMP-1606,Northstar Employee 1606,0.0,New York,6.2
EMP-1737,Northstar Employee 1737,D09,Legal,Analyst,EMP-1606,Northstar Employee 1606,0.0,Chicago,6.3
EMP-1738,Northstar Employee 1738,D09,Legal,Associate,EMP-1609,Northstar Employee 1609,0.0,Denver,6.3
EMP-1739,Northstar Employee 1739,D09,Legal,Specialist,EMP-1610,Northstar Employee 1610,0.0,Austin,4.2
EMP-1740,Northstar Employee 1740,D09,Legal,Analyst,EMP-1608,Northstar Employee 1608,0.0,San Francisco,7.6
EMP-1741,Northstar Employee 1741,D09,Legal,Analyst,EMP-1607,Northstar Employee 1607,0.0,San Francisco,0.8
EMP-1742,Northstar Employee 1742,D09,Legal,Specialist,EMP-1612,Northstar Employee 1612,0.0,San Francisco,6.6
EMP-1743,Northstar Employee 1743,D09,Legal,Senior Analyst,EMP-1610,Northstar Employee 1610,0.0,Chicago,7.2
EMP-1744,Northstar Employee 1744,D09,Legal,Associate,EMP-1612,Northstar Employee 1612,0.0,Denver,8.9
EMP-1745,Northstar Employee 1745,D09,Legal,Specialist,EMP-1607,Northstar Employee 1607,0.0,Denver,8.0
EMP-1746,Northstar Employee 1746,D09,Legal,Specialist,EMP-1611,Northstar Employee 1611,0.0,Austin,9.4
EMP-1747,Northstar Employee 1747,D09,Legal,Senior Analyst,EMP-1606,Northstar Employee 1606,0.0,New York,3.0
EMP-1748,Northstar Employee 1748,D09,Legal,Associate,EMP-1603,Northstar Employee 1603,0.0,Denver,9.6
EMP-1749,Northstar Employee 1749,D09,Legal,Program Manager,EMP-1611,Northstar Employee 1611,0.0,Austin,4.2
EMP-1750,Northstar Employee 1750,D09,Legal,Program Manager,EMP-1606,Northstar Employee 1606,0.0,Chicago,7.3
EMP-1751,Northstar Employee 1751,D09,Legal,Program Manager,EMP-1609,Northstar Employee 1609,0.0,Chicago,8.3
EMP-1752,Northstar Employee 1752,D09,Legal,Senior Analyst,EMP-1605,Northstar Employee 1605,0.0,San Francisco,3.8
EMP-1753,Northstar Employee 1753,D09,Legal,Program Manager,EMP-1608,Northstar Employee 1608,0.0,Austin,7.0
EMP-1754,Northstar Employee 1754,D09,Legal,Senior Analyst,EMP-1608,Northstar Employee 1608,0.0,San Francisco,3.7
EMP-1755,Northstar Employee 1755,D09,Legal,Analyst,EMP-1612,Northstar Employee 1612,0.0,San Francisco,2.7
EMP-1756,Northstar Employee 1756,D09,Legal,Senior Analyst,EMP-1611,Northstar Employee 1611,0.0,New York,9.7
EMP-1757,Northstar Employee 1757,D09,Legal,Associate,EMP-1607,Northstar Employee 1607,0.0,San Francisco,2.6
EMP-1758,Northstar Employee 1758,D09,Legal,Analyst,EMP-1603,Northstar Employee 1603,0.0,New York,0.9
EMP-1759,Northstar Employee 1759,D09,Legal,Specialist,EMP-1609,Northstar Employee 1609,0.0,Austin,1.2
EMP-1760,Northstar Employee 1760,D09,Legal,Analyst,EMP-1607,Northstar Employee 1607,0.0,San Francisco,1.7
EMP-1761,Northstar Employee 1761,D09,Legal,Program Manager,EMP-1608,Northstar Employee 1608,0.0,New York,9.4
EMP-1762,Northstar Employee 1762,D09,Legal,Senior Analyst,EMP-1610,Northstar Employee 1610,0.0,San Francisco,6.1
EMP-1763,Northstar Employee 1763,D09,Legal,Analyst,EMP-1604,Northstar Employee 1604,0.0,Chicago,0.3
EMP-1764,Northstar Employee 1764,D09,Legal,Analyst,EMP-1608,Northstar Employee 1608,0.0,Chicago,10.0
EMP-1765,Northstar Employee 1765,D09,Legal,Senior Analyst,EMP-1607,Northstar Employee 1607,0.0,Austin,4.1
EMP-1766,Northstar Employee 1766,D09,Legal,Analyst,EMP-1611,Northstar Employee 1611,0.0,Austin,1.3
EMP-1767,Northstar Employee 1767,D09,Legal,Program Manager,EMP-1604,Northstar Employee 1604,0.0,San Francisco,5.3
EMP-1768,Northstar Employee 1768,D09,Legal,Analyst,EMP-1606,Northstar Employee 1606,0.0,Chicago,3.0
EMP-1769,Northstar Employee 1769,D09,Legal,Analyst,EMP-1604,Northstar Employee 1604,0.0,New York,8.6
EMP-1770,Northstar Employee 1770,D09,Legal,Senior Analyst,EMP-1603,Northstar Employee 1603,0.0,Chicago,8.9
EMP-1771,Northstar Employee 1771,D09,Legal,Specialist,EMP-1611,Northstar Employee 1611,0.0,Denver,6.3
EMP-1772,Northstar Employee 1772,D09,Legal,Associate,EMP-1611,Northstar Employee 1611,0.0,Austin,7.1
EMP-1773,Northstar Employee 1773,D09,Legal,Program Manager,EMP-1607,Northstar Employee 1607,0.0,New York,4.2
EMP-1774,Northstar Employee 1774,D09,Legal,Specialist,EMP-1609,Northstar Employee 1609,0.0,Chicago,2.3
EMP-1775,Northstar Employee 1775,D09,Legal,Senior Analyst,EMP-1610,Northstar Employee 1610,0.0,San Francisco,5.7
EMP-1776,Northstar Employee 1776,D09,Legal,Program Manager,EMP-1603,Northstar Employee 1603,0.0,Austin,7.9
EMP-1777,Northstar Employee 1777,D09,Legal,Specialist,EMP-1603,Northstar Employee 1603,0.0,Denver,9.4
EMP-1778,Northstar Employee 1778,D09,Legal,Specialist,EMP-1610,Northstar Employee 1610,0.0,Austin,7.4
EMP-1779,Northstar Employee 1779,D09,Legal,Program Manager,EMP-1606,Northstar Employee 1606,0.0,Austin,9.7
EMP-1780,Northstar Employee 1780,D09,Legal,Program Manager,EMP-1602,Northstar Employee 1602,0.0,Denver,7.9
EMP-1781,Northstar Employee 1781,D09,Legal,Senior Analyst,EMP-1607,Northstar Employee 1607,0.0,San Francisco,6.6
EMP-1782,Northstar Employee 1782,D09,Legal,Specialist,EMP-1605,Northstar Employee 1605,0.0,New York,8.2
EMP-1783,Northstar Employee 1783,D09,Legal,Program Manager,EMP-1606,Northstar Employee 1606,0.0,Denver,8.8
EMP-1784,Northstar Employee 1784,D09,Legal,Analyst,EMP-1602,Northstar Employee 1602,0.0,Austin,7.0
EMP-1785,Northstar Employee 1785,D09,Legal,Associate,EMP-1604,Northstar Employee 1604,0.0,Denver,10.0
EMP-1786,Northstar Employee 1786,D09,Legal,Specialist,EMP-1607,Northstar Employee 1607,0.0,Chicago,6.4
EMP-1787,Northstar Employee 1787,D09,Legal,Specialist,EMP-1606,Northstar Employee 1606,0.0,San Francisco,7.9
EMP-1788,Northstar Employee 1788,D09,Legal,Analyst,EMP-1602,Northstar Employee 1602,0.0,Austin,4.9
EMP-1789,Northstar Employee 1789,D09,Legal,Senior Analyst,EMP-1603,Northstar Employee 1603,0.0,New York,8.5
EMP-1790,Northstar Employee 1790,D09,Legal,Specialist,EMP-1609,Northstar Employee 1609,0.0,New York,2.0
EMP-1791,Northstar Employee 1791,D09,Legal,Senior Analyst,EMP-1604,Northstar Employee 1604,0.0,San Francisco,4.2
EMP-1792,Northstar Employee 1792,D09,Legal,Associate,EMP-1610,Northstar Employee 1610,0.0,Denver,5.6
EMP-1793,Northstar Employee 1793,D09,Legal,Program Manager,EMP-1607,Northstar Employee 1607,0.0,Austin,10.0
EMP-1794,Northstar Employee 1794,D09,Legal,Specialist,EMP-1609,Northstar Employee 1609,0.0,Austin,9.1
EMP-1795,Northstar Employee 1795,D09,Legal,Analyst,EMP-1607,Northstar Employee 1607,0.0,Chicago,7.7
EMP-1796,Northstar Employee 1796,D09,Legal,Senior Analyst,EMP-1603,Northstar Employee 1603,0.0,Austin,7.0
EMP-1797,Northstar Employee 1797,D09,Legal,Program Manager,EMP-1610,Northstar Employee 1610,0.0,San Francisco,1.7
EMP-1798,Northstar Employee 1798,D09,Legal,Associate,EMP-1609,Northstar Employee 1609,0.0,San Francisco,8.7
EMP-1799,Northstar Employee 1799,D09,Legal,Analyst,EMP-1609,Northstar Employee 1609,0.0,Austin,6.8
EMP-1800,Northstar Employee 1800,D09,Legal,Program Manager,EMP-1607,Northstar Employee 1607,0.0,New York,8.6
EMP-1801,Northstar Employee 1801,D10,Information Security,Director,EMP-0001,Northstar Employee 0001,150000.0,Chicago,12.8
EMP-1802,Northstar Employee 1802,D10,Information Security,Senior Manager,EMP-1801,Northstar Employee 1801,25000.0,San Francisco,8.7
EMP-1803,Northstar Employee 1803,D10,Information Security,Senior Manager,EMP-1801,Northstar Employee 1801,50000.0,Denver,7.1
EMP-1804,Northstar Employee 1804,D10,Information Security,Manager,EMP-1801,Northstar Employee 1801,15000.0,San Francisco,2.6
EMP-1805,Northstar Employee 1805,D10,Information Security,Manager,EMP-1801,Northstar Employee 1801,50000.0,New York,10.8
EMP-1806,Northstar Employee 1806,D10,Information Security,Manager,EMP-1801,Northstar Employee 1801,50000.0,San Francisco,9.4
EMP-1807,Northstar Employee 1807,D10,Information Security,Manager,EMP-1801,Northstar Employee 1801,50000.0,San Francisco,5.5
EMP-1808,Northstar Employee 1808,D10,Information Security,Manager,EMP-1801,Northstar Employee 1801,50000.0,New York,6.3
EMP-1809,Northstar Employee 1809,D10,Information Security,Manager,EMP-1801,Northstar Employee 1801,50000.0,Austin,2.7
EMP-1810,Northstar Employee 1810,D10,Information Security,Manager,EMP-1801,Northstar Employee 1801,50000.0,San Francisco,6.0
EMP-1811,Northstar Employee 1811,D10,Information Security,Manager,EMP-1801,Northstar Employee 1801,50000.0,Denver,4.1
EMP-1812,Northstar Employee 1812,D10,Information Security,Manager,EMP-1801,Northstar Employee 1801,25000.0,Chicago,5.1
EMP-1813,Northstar Employee 1813,D10,Information Security,Analyst,EMP-1808,Northstar Employee 1808,0.0,Austin,5.0
EMP-1814,Northstar Employee 1814,D10,Information Security,Program Manager,EMP-1805,Northstar Employee 1805,0.0,Austin,1.4
EMP-1815,Northstar Employee 1815,D10,Information Security,Analyst,EMP-1812,Northstar Employee 1812,0.0,Chicago,3.2
EMP-1816,Northstar Employee 1816,D10,Information Security,Specialist,EMP-1812,Northstar Employee 1812,0.0,Austin,3.2
EMP-1817,Northstar Employee 1817,D10,Information Security,Senior Analyst,EMP-1808,Northstar Employee 1808,0.0,Austin,8.7
EMP-1818,Northstar Employee 1818,D10,Information Security,Analyst,EMP-1810,Northstar Employee 1810,0.0,Chicago,5.3
EMP-1819,Northstar Employee 1819,D10,Information Security,Analyst,EMP-1809,Northstar Employee 1809,0.0,Denver,8.8
EMP-1820,Northstar Employee 1820,D10,Information Security,Senior Analyst,EMP-1810,Northstar Employee 1810,0.0,New York,0.4
EMP-1821,Northstar Employee 1821,D10,Information Security,Associate,EMP-1808,Northstar Employee 1808,0.0,New York,3.8
EMP-1822,Northstar Employee 1822,D10,Information Security,Associate,EMP-1805,Northstar Employee 1805,0.0,Austin,5.0
EMP-1823,Northstar Employee 1823,D10,Information Security,Program Manager,EMP-1807,Northstar Employee 1807,0.0,Austin,7.0
EMP-1824,Northstar Employee 1824,D10,Information Security,Senior Analyst,EMP-1804,Northstar Employee 1804,0.0,New York,9.4
EMP-1825,Northstar Employee 1825,D10,Information Security,Analyst,EMP-1805,Northstar Employee 1805,0.0,Denver,0.6
EMP-1826,Northstar Employee 1826,D10,Information Security,Associate,EMP-1804,Northstar Employee 1804,0.0,Austin,6.8
EMP-1827,Northstar Employee 1827,D10,Information Security,Analyst,EMP-1806,Northstar Employee 1806,0.0,New York,9.1
EMP-1828,Northstar Employee 1828,D10,Information Security,Associate,EMP-1810,Northstar Employee 1810,0.0,Austin,0.9
EMP-1829,Northstar Employee 1829,D10,Information Security,Analyst,EMP-1804,Northstar Employee 1804,0.0,Denver,1.6
EMP-1830,Northstar Employee 1830,D10,Information Security,Analyst,EMP-1811,Northstar Employee 1811,0.0,Austin,6.8
EMP-1831,Northstar Employee 1831,D10,Information Security,Specialist,EMP-1810,Northstar Employee 1810,0.0,San Francisco,0.9
EMP-1832,Northstar Employee 1832,D10,Information Security,Senior Analyst,EMP-1806,Northstar Employee 1806,0.0,New York,6.1
EMP-1833,Northstar Employee 1833,D10,Information Security,Analyst,EMP-1804,Northstar Employee 1804,0.0,San Francisco,8.1
EMP-1834,Northstar Employee 1834,D10,Information Security,Analyst,EMP-1803,Northstar Employee 1803,0.0,San Francisco,5.1
EMP-1835,Northstar Employee 1835,D10,Information Security,Senior Analyst,EMP-1810,Northstar Employee 1810,0.0,Denver,1.5
EMP-1836,Northstar Employee 1836,D10,Information Security,Analyst,EMP-1802,Northstar Employee 1802,0.0,San Francisco,8.8
EMP-1837,Northstar Employee 1837,D10,Information Security,Associate,EMP-1809,Northstar Employee 1809,0.0,Denver,3.9
EMP-1838,Northstar Employee 1838,D10,Information Security,Analyst,EMP-1806,Northstar Employee 1806,0.0,Chicago,4.4
EMP-1839,Northstar Employee 1839,D10,Information Security,Senior Analyst,EMP-1807,Northstar Employee 1807,0.0,Denver,2.8
EMP-1840,Northstar Employee 1840,D10,Information Security,Analyst,EMP-1807,Northstar Employee 1807,0.0,San Francisco,9.9
EMP-1841,Northstar Employee 1841,D10,Information Security,Associate,EMP-1807,Northstar Employee 1807,0.0,San Francisco,8.2
EMP-1842,Northstar Employee 1842,D10,Information Security,Senior Analyst,EMP-1806,Northstar Employee 1806,0.0,Chicago,5.4
EMP-1843,Northstar Employee 1843,D10,Information Security,Specialist,EMP-1803,Northstar Employee 1803,0.0,San Francisco,0.5
EMP-1844,Northstar Employee 1844,D10,Information Security,Analyst,EMP-1806,Northstar Employee 1806,0.0,San Francisco,2.8
EMP-1845,Northstar Employee 1845,D10,Information Security,Analyst,EMP-1804,Northstar Employee 1804,0.0,Austin,9.9
EMP-1846,Northstar Employee 1846,D10,Information Security,Program Manager,EMP-1804,Northstar Employee 1804,0.0,Austin,5.2
EMP-1847,Northstar Employee 1847,D10,Information Security,Specialist,EMP-1806,Northstar Employee 1806,0.0,Denver,3.4
EMP-1848,Northstar Employee 1848,D10,Information Security,Analyst,EMP-1803,Northstar Employee 1803,0.0,New York,7.0
EMP-1849,Northstar Employee 1849,D10,Information Security,Specialist,EMP-1804,Northstar Employee 1804,0.0,New York,5.8
EMP-1850,Northstar Employee 1850,D10,Information Security,Senior Analyst,EMP-1808,Northstar Employee 1808,0.0,Denver,5.5
EMP-1851,Northstar Employee 1851,D10,Information Security,Program Manager,EMP-1802,Northstar Employee 1802,0.0,Austin,8.4
EMP-1852,Northstar Employee 1852,D10,Information Security,Senior Analyst,EMP-1811,Northstar Employee 1811,0.0,Chicago,2.0
EMP-1853,Northstar Employee 1853,D10,Information Security,Specialist,EMP-1811,Northstar Employee 1811,0.0,Denver,7.2
EMP-1854,Northstar Employee 1854,D10,Information Security,Senior Analyst,EMP-1805,Northstar Employee 1805,0.0,San Francisco,3.5
EMP-1855,Northstar Employee 1855,D10,Information Security,Associate,EMP-1804,Northstar Employee 1804,0.0,Chicago,4.6
EMP-1856,Northstar Employee 1856,D10,Information Security,Senior Analyst,EMP-1805,Northstar Employee 1805,0.0,Chicago,9.8
EMP-1857,Northstar Employee 1857,D10,Information Security,Analyst,EMP-1804,Northstar Employee 1804,0.0,Chicago,9.4
EMP-1858,Northstar Employee 1858,D10,Information Security,Specialist,EMP-1811,Northstar Employee 1811,0.0,New York,8.6
EMP-1859,Northstar Employee 1859,D10,Information Security,Analyst,EMP-1809,Northstar Employee 1809,0.0,Austin,4.8
EMP-1860,Northstar Employee 1860,D10,Information Security,Associate,EMP-1808,Northstar Employee 1808,0.0,San Francisco,5.1
EMP-1861,Northstar Employee 1861,D10,Information Security,Specialist,EMP-1809,Northstar Employee 1809,0.0,Chicago,3.4
EMP-1862,Northstar Employee 1862,D10,Information Security,Senior Analyst,EMP-1805,Northstar Employee 1805,0.0,Chicago,2.1
EMP-1863,Northstar Employee 1863,D10,Information Security,Specialist,EMP-1810,Northstar Employee 1810,0.0,New York,3.6
EMP-1864,Northstar Employee 1864,D10,Information Security,Associate,EMP-1810,Northstar Employee 1810,0.0,Austin,6.6
EMP-1865,Northstar Employee 1865,D10,Information Security,Program Manager,EMP-1810,Northstar Employee 1810,0.0,New York,4.2
EMP-1866,Northstar Employee 1866,D10,Information Security,Senior Analyst,EMP-1804,Northstar Employee 1804,0.0,Austin,0.9
EMP-1867,Northstar Employee 1867,D10,Information Security,Associate,EMP-1811,Northstar Employee 1811,0.0,Austin,4.0
EMP-1868,Northstar Employee 1868,D10,Information Security,Specialist,EMP-1804,Northstar Employee 1804,0.0,New York,3.4
EMP-1869,Northstar Employee 1869,D10,Information Security,Analyst,EMP-1812,Northstar Employee 1812,0.0,Chicago,5.5
EMP-1870,Northstar Employee 1870,D10,Information Security,Associate,EMP-1811,Northstar Employee 1811,0.0,Chicago,4.5
EMP-1871,Northstar Employee 1871,D10,Information Security,Associate,EMP-1808,Northstar Employee 1808,0.0,Denver,2.4
EMP-1872,Northstar Employee 1872,D10,Information Security,Program Manager,EMP-1802,Northstar Employee 1802,0.0,Austin,8.1
EMP-1873,Northstar Employee 1873,D10,Information Security,Senior Analyst,EMP-1809,Northstar Employee 1809,0.0,Chicago,9.5
EMP-1874,Northstar Employee 1874,D10,Information Security,Program Manager,EMP-1805,Northstar Employee 1805,0.0,San Francisco,7.1
EMP-1875,Northstar Employee 1875,D10,Information Security,Specialist,EMP-1807,Northstar Employee 1807,0.0,Austin,7.4
EMP-1876,Northstar Employee 1876,D10,Information Security,Specialist,EMP-1802,Northstar Employee 1802,0.0,Austin,2.9
EMP-1877,Northstar Employee 1877,D10,Information Security,Senior Analyst,EMP-1805,Northstar Employee 1805,0.0,Denver,8.4
EMP-1878,Northstar Employee 1878,D10,Information Security,Associate,EMP-1802,Northstar Employee 1802,0.0,San Francisco,5.0
EMP-1879,Northstar Employee 1879,D10,Information Security,Specialist,EMP-1809,Northstar Employee 1809,0.0,Austin,7.2
EMP-1880,Northstar Employee 1880,D10,Information Security,Program Manager,EMP-1803,Northstar Employee 1803,0.0,Chicago,9.0
EMP-1881,Northstar Employee 1881,D10,Information Security,Specialist,EMP-1805,Northstar Employee 1805,0.0,New York,5.2
EMP-1882,Northstar Employee 1882,D10,Information Security,Specialist,EMP-1810,Northstar Employee 1810,0.0,New York,2.0
EMP-1883,Northstar Employee 1883,D10,Information Security,Associate,EMP-1803,Northstar Employee 1803,0.0,New York,7.5
EMP-1884,Northstar Employee 1884,D10,Information Security,Analyst,EMP-1811,Northstar Employee 1811,0.0,Chicago,7.8
EMP-1885,Northstar Employee 1885,D10,Information Security,Senior Analyst,EMP-1811,Northstar Employee 1811,0.0,Chicago,8.1
EMP-1886,Northstar Employee 1886,D10,Information Security,Analyst,EMP-1810,Northstar Employee 1810,0.0,Chicago,0.4
EMP-1887,Northstar Employee 1887,D10,Information Security,Specialist,EMP-1803,Northstar Employee 1803,0.0,New York,5.8
EMP-1888,Northstar Employee 1888,D10,Information Security,Senior Analyst,EMP-1807,Northstar Employee 1807,0.0,New York,6.9
EMP-1889,Northstar Employee 1889,D10,Information Security,Specialist,EMP-1808,Northstar Employee 1808,0.0,San Francisco,6.7
EMP-1890,Northstar Employee 1890,D10,Information Security,Specialist,EMP-1808,Northstar Employee 1808,0.0,Denver,5.2
EMP-1891,Northstar Employee 1891,D10,Information Security,Senior Analyst,EMP-1808,Northstar Employee 1808,0.0,Chicago,0.5
EMP-1892,Northstar Employee 1892,D10,Information Security,Analyst,EMP-1808,Northstar Employee 1808,0.0,Denver,5.0
EMP-1893,Northstar Employee 1893,D10,Information Security,Specialist,EMP-1804,Northstar Employee 1804,0.0,San Francisco,5.3
EMP-1894,Northstar Employee 1894,D10,Information Security,Senior Analyst,EMP-1810,Northstar Employee 1810,0.0,Chicago,8.5
EMP-1895,Northstar Employee 1895,D10,Information Security,Specialist,EMP-1811,Northstar Employee 1811,0.0,Denver,6.4
EMP-1896,Northstar Employee 1896,D10,Information Security,Senior Analyst,EMP-1809,Northstar Employee 1809,0.0,San Francisco,5.1
EMP-1897,Northstar Employee 1897,D10,Information Security,Specialist,EMP-1804,Northstar Employee 1804,0.0,San Francisco,3.5
EMP-1898,Northstar Employee 1898,D10,Information Security,Program Manager,EMP-1807,Northstar Employee 1807,0.0,Denver,1.5
EMP-1899,Northstar Employee 1899,D10,Information Security,Specialist,EMP-1805,Northstar Employee 1805,0.0,New York,0.3
EMP-1900,Northstar Employee 1900,D10,Information Security,Associate,EMP-1806,Northstar Employee 1806,0.0,Chicago,6.1
EMP-1901,Northstar Employee 1901,D10,Information Security,Analyst,EMP-1810,Northstar Employee 1810,0.0,Austin,0.6
EMP-1902,Northstar Employee 1902,D10,Information Security,Specialist,EMP-1806,Northstar Employee 1806,0.0,Austin,4.1
EMP-1903,Northstar Employee 1903,D10,Information Security,Specialist,EMP-1812,Northstar Employee 1812,0.0,Chicago,0.5
EMP-1904,Northstar Employee 1904,D10,Information Security,Program Manager,EMP-1810,Northstar Employee 1810,0.0,Chicago,4.1
EMP-1905,Northstar Employee 1905,D10,Information Security,Program Manager,EMP-1805,Northstar Employee 1805,0.0,San Francisco,7.0
EMP-1906,Northstar Employee 1906,D10,Information Security,Program Manager,EMP-1807,Northstar Employee 1807,0.0,Denver,5.1
EMP-1907,Northstar Employee 1907,D10,Information Security,Senior Analyst,EMP-1811,Northstar Employee 1811,0.0,Chicago,9.9
EMP-1908,Northstar Employee 1908,D10,Information Security,Associate,EMP-1807,Northstar Employee 1807,0.0,Chicago,7.1
EMP-1909,Northstar Employee 1909,D10,Information Security,Analyst,EMP-1811,Northstar Employee 1811,0.0,Denver,0.3
EMP-1910,Northstar Employee 1910,D10,Information Security,Senior Analyst,EMP-1811,Northstar Employee 1811,0.0,Denver,4.7
EMP-1911,Northstar Employee 1911,D10,Information Security,Specialist,EMP-1803,Northstar Employee 1803,0.0,Chicago,5.7
EMP-1912,Northstar Employee 1912,D10,Information Security,Associate,EMP-1806,Northstar Employee 1806,0.0,San Francisco,2.7
EMP-1913,Northstar Employee 1913,D10,Information Security,Analyst,EMP-1812,Northstar Employee 1812,0.0,Chicago,6.1
EMP-1914,Northstar Employee 1914,D10,Information Security,Analyst,EMP-1809,Northstar Employee 1809,0.0,Denver,8.5
EMP-1915,Northstar Employee 1915,D10,Information Security,Specialist,EMP-1807,Northstar Employee 1807,0.0,Chicago,5.2
EMP-1916,Northstar Employee 1916,D10,Information Security,Senior Analyst,EMP-1808,Northstar Employee 1808,0.0,Austin,1.1
EMP-1917,Northstar Employee 1917,D10,Information Security,Analyst,EMP-1809,Northstar Employee 1809,0.0,New York,3.5
EMP-1918,Northstar Employee 1918,D10,Information Security,Analyst,EMP-1806,Northstar Employee 1806,0.0,San Francisco,8.8
EMP-1919,Northstar Employee 1919,D10,Information Security,Program Manager,EMP-1806,Northstar Employee 1806,0.0,Austin,1.5
EMP-1920,Northstar Employee 1920,D10,Information Security,Associate,EMP-1809,Northstar Employee 1809,0.0,New York,1.4
EMP-1921,Northstar Employee 1921,D10,Information Security,Specialist,EMP-1805,Northstar Employee 1805,0.0,San Francisco,7.1
EMP-1922,Northstar Employee 1922,D10,Information Security,Senior Analyst,EMP-1809,Northstar Employee 1809,0.0,Austin,6.6
EMP-1923,Northstar Employee 1923,D10,Information Security,Specialist,EMP-1802,Northstar Employee 1802,0.0,Denver,8.0
EMP-1924,Northstar Employee 1924,D10,Information Security,Senior Analyst,EMP-1811,Northstar Employee 1811,0.0,New York,6.9
EMP-1925,Northstar Employee 1925,D10,Information Security,Analyst,EMP-1803,Northstar Employee 1803,0.0,Austin,3.3
EMP-1926,Northstar Employee 1926,D10,Information Security,Specialist,EMP-1810,Northstar Employee 1810,0.0,Chicago,1.2
EMP-1927,Northstar Employee 1927,D10,Information Security,Senior Analyst,EMP-1809,Northstar Employee 1809,0.0,San Francisco,8.9
EMP-1928,Northstar Employee 1928,D10,Information Security,Analyst,EMP-1807,Northstar Employee 1807,0.0,Chicago,5.3
EMP-1929,Northstar Employee 1929,D10,Information Security,Analyst,EMP-1807,Northstar Employee 1807,0.0,San Francisco,6.0
EMP-1930,Northstar Employee 1930,D10,Information Security,Program Manager,EMP-1805,Northstar Employee 1805,0.0,Austin,5.4
EMP-1931,Northstar Employee 1931,D10,Information Security,Program Manager,EMP-1805,Northstar Employee 1805,0.0,Chicago,4.9
EMP-1932,Northstar Employee 1932,D10,Information Security,Senior Analyst,EMP-1802,Northstar Employee 1802,0.0,Denver,7.1
EMP-1933,Northstar Employee 1933,D10,Information Security,Senior Analyst,EMP-1807,Northstar Employee 1807,0.0,New York,3.4
EMP-1934,Northstar Employee 1934,D10,Information Security,Senior Analyst,EMP-1807,Northstar Employee 1807,0.0,San Francisco,4.1
EMP-1935,Northstar Employee 1935,D10,Information Security,Senior Analyst,EMP-1805,Northstar Employee 1805,0.0,New York,3.2
EMP-1936,Northstar Employee 1936,D10,Information Security,Analyst,EMP-1805,Northstar Employee 1805,0.0,Denver,9.6
EMP-1937,Northstar Employee 1937,D10,Information Security,Analyst,EMP-1810,Northstar Employee 1810,0.0,Chicago,0.9
EMP-1938,Northstar Employee 1938,D10,Information Security,Program Manager,EMP-1810,Northstar Employee 1810,0.0,Austin,2.0
EMP-1939,Northstar Employee 1939,D10,Information Security,Program Manager,EMP-1802,Northstar Employee 1802,0.0,Chicago,9.0
EMP-1940,Northstar Employee 1940,D10,Information Security,Specialist,EMP-1804,Northstar Employee 1804,0.0,New York,6.0
EMP-1941,Northstar Employee 1941,D10,Information Security,Program Manager,EMP-1803,Northstar Employee 1803,0.0,San Francisco,0.4
EMP-1942,Northstar Employee 1942,D10,Information Security,Analyst,EMP-1806,Northstar Employee 1806,0.0,Austin,9.6
EMP-1943,Northstar Employee 1943,D10,Information Security,Associate,EMP-1803,Northstar Employee 1803,0.0,San Francisco,9.8
EMP-1944,Northstar Employee 1944,D10,Information Security,Analyst,EMP-1808,Northstar Employee 1808,0.0,New York,6.8
EMP-1945,Northstar Employee 1945,D10,Information Security,Analyst,EMP-1804,Northstar Employee 1804,0.0,New York,3.9
EMP-1946,Northstar Employee 1946,D10,Information Security,Analyst,EMP-1805,Northstar Employee 1805,0.0,Chicago,3.2
EMP-1947,Northstar Employee 1947,D10,Information Security,Specialist,EMP-1805,Northstar Employee 1805,0.0,Denver,3.3
EMP-1948,Northstar Employee 1948,D10,Information Security,Analyst,EMP-1806,Northstar Employee 1806,0.0,San Francisco,9.0
EMP-1949,Northstar Employee 1949,D10,Information Security,Program Manager,EMP-1805,Northstar Employee 1805,0.0,New York,3.4
EMP-1950,Northstar Employee 1950,D10,Information Security,Senior Analyst,EMP-1802,Northstar Employee 1802,0.0,Denver,8.5
EMP-1951,Northstar Employee 1951,D10,Information Security,Associate,EMP-1808,Northstar Employee 1808,0.0,Chicago,10.0
EMP-1952,Northstar Employee 1952,D10,Information Security,Senior Analyst,EMP-1810,Northstar Employee 1810,0.0,Chicago,6.8
EMP-1953,Northstar Employee 1953,D10,Information Security,Program Manager,EMP-1809,Northstar Employee 1809,0.0,Austin,5.2
EMP-1954,Northstar Employee 1954,D10,Information Security,Program Manager,EMP-1811,Northstar Employee 1811,0.0,New York,8.0
EMP-1955,Northstar Employee 1955,D10,Information Security,Associate,EMP-1804,Northstar Employee 1804,0.0,Chicago,4.3
EMP-1956,Northstar Employee 1956,D10,Information Security,Analyst,EMP-1804,Northstar Employee 1804,0.0,New York,3.4
EMP-1957,Northstar Employee 1957,D10,Information Security,Associate,EMP-1803,Northstar Employee 1803,0.0,Austin,3.1
EMP-1958,Northstar Employee 1958,D10,Information Security,Associate,EMP-1810,Northstar Employee 1810,0.0,San Francisco,5.9
EMP-1959,Northstar Employee 1959,D10,Information Security,Senior Analyst,EMP-1807,Northstar Employee 1807,0.0,New York,3.1
EMP-1960,Northstar Employee 1960,D10,Information Security,Analyst,EMP-1809,Northstar Employee 1809,0.0,Chicago,5.0
EMP-1961,Northstar Employee 1961,D10,Information Security,Senior Analyst,EMP-1805,Northstar Employee 1805,0.0,New York,4.2
EMP-1962,Northstar Employee 1962,D10,Information Security,Analyst,EMP-1805,Northstar Employee 1805,0.0,Chicago,8.9
EMP-1963,Northstar Employee 1963,D10,Information Security,Specialist,EMP-1806,Northstar Employee 1806,0.0,San Francisco,5.5
EMP-1964,Northstar Employee 1964,D10,Information Security,Senior Analyst,EMP-1811,Northstar Employee 1811,0.0,Austin,9.9
EMP-1965,Northstar Employee 1965,D10,Information Security,Analyst,EMP-1803,Northstar Employee 1803,0.0,San Francisco,2.9
EMP-1966,Northstar Employee 1966,D10,Information Security,Analyst,EMP-1806,Northstar Employee 1806,0.0,San Francisco,0.5
EMP-1967,Northstar Employee 1967,D10,Information Security,Program Manager,EMP-1804,Northstar Employee 1804,0.0,Chicago,3.4
EMP-1968,Northstar Employee 1968,D10,Information Security,Analyst,EMP-1802,Northstar Employee 1802,0.0,Austin,3.9
EMP-1969,Northstar Employee 1969,D10,Information Security,Senior Analyst,EMP-1805,Northstar Employee 1805,0.0,New York,3.7
EMP-1970,Northstar Employee 1970,D10,Information Security,Specialist,EMP-1809,Northstar Employee 1809,0.0,Austin,9.2
EMP-1971,Northstar Employee 1971,D10,Information Security,Analyst,EMP-1806,Northstar Employee 1806,0.0,Austin,6.0
EMP-1972,Northstar Employee 1972,D10,Information Security,Program Manager,EMP-1809,Northstar Employee 1809,0.0,Denver,5.5
EMP-1973,Northstar Employee 1973,D10,Information Security,Analyst,EMP-1809,Northstar Employee 1809,0.0,Denver,4.9
EMP-1974,Northstar Employee 1974,D10,Information Security,Program Manager,EMP-1807,Northstar Employee 1807,0.0,Austin,7.9
EMP-1975,Northstar Employee 1975,D10,Information Security,Analyst,EMP-1807,Northstar Employee 1807,0.0,Austin,6.4
EMP-1976,Northstar Employee 1976,D10,Information Security,Analyst,EMP-1802,Northstar Employee 1802,0.0,San Francisco,5.4
EMP-1977,Northstar Employee 1977,D10,Information Security,Senior Analyst,EMP-1806,Northstar Employee 1806,0.0,Chicago,5.3
EMP-1978,Northstar Employee 1978,D10,Information Security,Specialist,EMP-1802,Northstar Employee 1802,0.0,San Francisco,1.9
EMP-1979,Northstar Employee 1979,D10,Information Security,Associate,EMP-1809,Northstar Employee 1809,0.0,San Francisco,1.9
EMP-1980,Northstar Employee 1980,D10,Information Security,Analyst,EMP-1806,Northstar Employee 1806,0.0,Chicago,8.6
EMP-1981,Northstar Employee 1981,D10,Information Security,Associate,EMP-1810,Northstar Employee 1810,0.0,Austin,6.1
EMP-1982,Northstar Employee 1982,D10,Information Security,Specialist,EMP-1811,Northstar Employee 1811,0.0,New York,1.1
EMP-1983,Northstar Employee 1983,D10,Information Security,Analyst,EMP-1804,Northstar Employee 1804,0.0,Denver,6.2
EMP-1984,Northstar Employee 1984,D10,Information Security,Associate,EMP-1810,Northstar Employee 1810,0.0,New York,6.6
EMP-1985,Northstar Employee 1985,D10,Information Security,Analyst,EMP-1808,Northstar Employee 1808,0.0,Chicago,5.5
EMP-1986,Northstar Employee 1986,D10,Information Security,Specialist,EMP-1812,Northstar Employee 1812,0.0,Denver,3.5
EMP-1987,Northstar Employee 1987,D10,Information Security,Associate,EMP-1809,Northstar Employee 1809,0.0,New York,3.7
EMP-1988,Northstar Employee 1988,D10,Information Security,Analyst,EMP-1809,Northstar Employee 1809,0.0,Austin,9.3
EMP-1989,Northstar Employee 1989,D10,Information Security,Senior Analyst,EMP-1809,Northstar Employee 1809,0.0,Denver,2.2
EMP-1990,Northstar Employee 1990,D10,Information Security,Program Manager,EMP-1809,Northstar Employee 1809,0.0,New York,1.6
EMP-1991,Northstar Employee 1991,D10,Information Security,Analyst,EMP-1803,Northstar Employee 1803,0.0,Chicago,2.7
EMP-1992,Northstar Employee 1992,D10,Information Security,Analyst,EMP-1803,Northstar Employee 1803,0.0,New York,9.3
EMP-1993,Northstar Employee 1993,D10,Information Security,Specialist,EMP-1809,Northstar Employee 1809,0.0,Denver,3.6
EMP-1994,Northstar Employee 1994,D10,Information Security,Program Manager,EMP-1812,Northstar Employee 1812,0.0,Denver,0.8
EMP-1995,Northstar Employee 1995,D10,Information Security,Specialist,EMP-1806,Northstar Employee 1806,0.0,San Francisco,0.7
EMP-1996,Northstar Employee 1996,D10,Information Security,Senior Analyst,EMP-1807,Northstar Employee 1807,0.0,New York,2.4
EMP-1997,Northstar Employee 1997,D10,Information Security,Specialist,EMP-1806,Northstar Employee 1806,0.0,San Francisco,4.1
EMP-1998,Northstar Employee 1998,D10,Information Security,Analyst,EMP-1812,Northstar Employee 1812,0.0,Denver,5.4
EMP-1999,Northstar Employee 1999,D10,Information Security,Specialist,EMP-1803,Northstar Employee 1803,0.0,New York,3.9
EMP-2000,Northstar Employee 2000,D10,Information Security,Analyst,EMP-1803,Northstar Employee 1803,0.0,Denver,0.3
